display_item,file,description,units,caption
Figure 1a,main/figures/Figure1a.csv,Pooled indicator correlation matrix,Pearson r,"Fig. 1 Correlations among behavioural indicators and comparisons of groupings. The analysis included 126,000 players, with 42,000 each on the North American (NA), Western European (EUW) and Korean (KR) servers and 20 matches per player. Each indicator was adjusted for sampling tier, team position, game patch and match duration, then averaged across each player’s 20 matches. a, Pearson correlations after removal of regional means. Circle area is proportional to |r|, and colour indicates the signed correlation coefficient; negative correlations are additionally outlined. Indicators 1–3 represent maintenance, 4–12 team signalling, 13–17 performance references and 18 the vision-score diagnostic. ‘Fewer deaths’ denotes the reverse-scored death indicator. b, Mean absolute Pearson correlations within maintenance (M), within signalling (S) and between M and S in each region. Each point summarizes 3, 36 or 27 indicator pairs, respectively. c, Comparison of the observed groupings with other possible groupings. The horizontal axis shows the difference between within-group and between-group mean absolute correlations, Δ, with equal weights assigned to all indicator pairs. Black diamonds indicate the observed groupings, and grey distributions show the results for all possible assignments that preserve the number of indicators in each group. The maintenance and signalling groups contain three and nine indicators, respectively, giving 220 possible assignments. The three functional signalling groups contain three, two and four indicators, giving 1,260 possible assignments. Each grey distribution is scaled to its maximum frequency. P values are from one-sided exact label-permutation tests, with Holm adjustment across the two tests."
Figure 1b,main/figures/Figure1b.csv,Within- and between-process correlations by region,Pearson r,"Fig. 1 Correlations among behavioural indicators and comparisons of groupings. The analysis included 126,000 players, with 42,000 each on the North American (NA), Western European (EUW) and Korean (KR) servers and 20 matches per player. Each indicator was adjusted for sampling tier, team position, game patch and match duration, then averaged across each player’s 20 matches. a, Pearson correlations after removal of regional means. Circle area is proportional to |r|, and colour indicates the signed correlation coefficient; negative correlations are additionally outlined. Indicators 1–3 represent maintenance, 4–12 team signalling, 13–17 performance references and 18 the vision-score diagnostic. ‘Fewer deaths’ denotes the reverse-scored death indicator. b, Mean absolute Pearson correlations within maintenance (M), within signalling (S) and between M and S in each region. Each point summarizes 3, 36 or 27 indicator pairs, respectively. c, Comparison of the observed groupings with other possible groupings. The horizontal axis shows the difference between within-group and between-group mean absolute correlations, Δ, with equal weights assigned to all indicator pairs. Black diamonds indicate the observed groupings, and grey distributions show the results for all possible assignments that preserve the number of indicators in each group. The maintenance and signalling groups contain three and nine indicators, respectively, giving 220 possible assignments. The three functional signalling groups contain three, two and four indicators, giving 1,260 possible assignments. Each grey distribution is scaled to its maximum frequency. P values are from one-sided exact label-permutation tests, with Holm adjustment across the two tests."
Figure 1c,main/figures/Figure1c.csv,Exact distributions over indicator-group assignments,Difference in mean absolute Pearson r,"Fig. 1 Correlations among behavioural indicators and comparisons of groupings. The analysis included 126,000 players, with 42,000 each on the North American (NA), Western European (EUW) and Korean (KR) servers and 20 matches per player. Each indicator was adjusted for sampling tier, team position, game patch and match duration, then averaged across each player’s 20 matches. a, Pearson correlations after removal of regional means. Circle area is proportional to |r|, and colour indicates the signed correlation coefficient; negative correlations are additionally outlined. Indicators 1–3 represent maintenance, 4–12 team signalling, 13–17 performance references and 18 the vision-score diagnostic. ‘Fewer deaths’ denotes the reverse-scored death indicator. b, Mean absolute Pearson correlations within maintenance (M), within signalling (S) and between M and S in each region. Each point summarizes 3, 36 or 27 indicator pairs, respectively. c, Comparison of the observed groupings with other possible groupings. The horizontal axis shows the difference between within-group and between-group mean absolute correlations, Δ, with equal weights assigned to all indicator pairs. Black diamonds indicate the observed groupings, and grey distributions show the results for all possible assignments that preserve the number of indicators in each group. The maintenance and signalling groups contain three and nine indicators, respectively, giving 220 possible assignments. The three functional signalling groups contain three, two and four indicators, giving 1,260 possible assignments. Each grey distribution is scaled to its maximum frequency. P values are from one-sided exact label-permutation tests, with Holm adjustment across the two tests."
Figure 1c,main/figures/Figure1c_observed.csv,Observed grouping contrasts and exact tests,Difference in mean absolute Pearson r; P value,"Fig. 1 Correlations among behavioural indicators and comparisons of groupings. The analysis included 126,000 players, with 42,000 each on the North American (NA), Western European (EUW) and Korean (KR) servers and 20 matches per player. Each indicator was adjusted for sampling tier, team position, game patch and match duration, then averaged across each player’s 20 matches. a, Pearson correlations after removal of regional means. Circle area is proportional to |r|, and colour indicates the signed correlation coefficient; negative correlations are additionally outlined. Indicators 1–3 represent maintenance, 4–12 team signalling, 13–17 performance references and 18 the vision-score diagnostic. ‘Fewer deaths’ denotes the reverse-scored death indicator. b, Mean absolute Pearson correlations within maintenance (M), within signalling (S) and between M and S in each region. Each point summarizes 3, 36 or 27 indicator pairs, respectively. c, Comparison of the observed groupings with other possible groupings. The horizontal axis shows the difference between within-group and between-group mean absolute correlations, Δ, with equal weights assigned to all indicator pairs. Black diamonds indicate the observed groupings, and grey distributions show the results for all possible assignments that preserve the number of indicators in each group. The maintenance and signalling groups contain three and nine indicators, respectively, giving 220 possible assignments. The three functional signalling groups contain three, two and four indicators, giving 1,260 possible assignments. Each grey distribution is scaled to its maximum frequency. P values are from one-sided exact label-permutation tests, with Holm adjustment across the two tests."
Figure 2a,main/figures/Figure2a_density.csv,Overall-score density coordinates and histogram counts,Score units; players; inverse score units,"Fig. 2 Regional patterns of overall information investment and individual pings. The sample included 126,000 players (42,000 per region), 2,519,994 player–match records and 2,240,349 unique matches. a, Player-level distributions of the overall score. Densities were estimated using all players and a common bandwidth. Boxes span the 25th–75th percentiles, central lines mark the 50th percentile and whiskers span the 5th–95th percentiles. Symbols show regional adjusted means with 95% confidence intervals. The displayed range includes 99.74%–99.83% of players in each region; full distributions are shown in Supplementary Fig. 2. b, Adjusted means and 95% confidence intervals for maintenance and signalling. c, Adjusted means and 95% confidence intervals for the nine ping types. In a–c, 95% confidence intervals for adjusted means were estimated from 1,000 player-level resamples stratified by region and tier. Estimates for each resample were calculated using a first-order approximation; see Methods for details. d, Proportion of player–match records in which each ping was used at least once. Circle area is proportional to this proportion, and numbers indicate percentages. e, Mean number of pings per 10 min among player–match records containing the corresponding ping, with 95% confidence intervals calculated using the delta method with clustering by player. Panels d and e show unadjusted occurrence proportions and conditional frequencies, respectively; panels c–e use the same ordering of ping types. NA, EUW and KR are shown in purple, grey and vermilion, respectively, with diamonds, squares and circles additionally distinguishing their point estimates. Some intervals are narrower than the symbols. The 12 comparisons involving the overall score and the two processes and the 27 comparisons of individual ping types were assessed using two-sided Wald tests, with Holm adjustment applied separately to each family (Table 1 and Supplementary Tables 4 and 6)."
Figure 2a,main/figures/Figure2a_means.csv,Overall-score adjusted regional means,Overall score units,"Fig. 2 Regional patterns of overall information investment and individual pings. The sample included 126,000 players (42,000 per region), 2,519,994 player–match records and 2,240,349 unique matches. a, Player-level distributions of the overall score. Densities were estimated using all players and a common bandwidth. Boxes span the 25th–75th percentiles, central lines mark the 50th percentile and whiskers span the 5th–95th percentiles. Symbols show regional adjusted means with 95% confidence intervals. The displayed range includes 99.74%–99.83% of players in each region; full distributions are shown in Supplementary Fig. 2. b, Adjusted means and 95% confidence intervals for maintenance and signalling. c, Adjusted means and 95% confidence intervals for the nine ping types. In a–c, 95% confidence intervals for adjusted means were estimated from 1,000 player-level resamples stratified by region and tier. Estimates for each resample were calculated using a first-order approximation; see Methods for details. d, Proportion of player–match records in which each ping was used at least once. Circle area is proportional to this proportion, and numbers indicate percentages. e, Mean number of pings per 10 min among player–match records containing the corresponding ping, with 95% confidence intervals calculated using the delta method with clustering by player. Panels d and e show unadjusted occurrence proportions and conditional frequencies, respectively; panels c–e use the same ordering of ping types. NA, EUW and KR are shown in purple, grey and vermilion, respectively, with diamonds, squares and circles additionally distinguishing their point estimates. Some intervals are narrower than the symbols. The 12 comparisons involving the overall score and the two processes and the 27 comparisons of individual ping types were assessed using two-sided Wald tests, with Holm adjustment applied separately to each family (Table 1 and Supplementary Tables 4 and 6)."
Figure 2a,main/figures/Figure2a_quantiles.csv,Overall-score distribution summaries,Overall score units,"Fig. 2 Regional patterns of overall information investment and individual pings. The sample included 126,000 players (42,000 per region), 2,519,994 player–match records and 2,240,349 unique matches. a, Player-level distributions of the overall score. Densities were estimated using all players and a common bandwidth. Boxes span the 25th–75th percentiles, central lines mark the 50th percentile and whiskers span the 5th–95th percentiles. Symbols show regional adjusted means with 95% confidence intervals. The displayed range includes 99.74%–99.83% of players in each region; full distributions are shown in Supplementary Fig. 2. b, Adjusted means and 95% confidence intervals for maintenance and signalling. c, Adjusted means and 95% confidence intervals for the nine ping types. In a–c, 95% confidence intervals for adjusted means were estimated from 1,000 player-level resamples stratified by region and tier. Estimates for each resample were calculated using a first-order approximation; see Methods for details. d, Proportion of player–match records in which each ping was used at least once. Circle area is proportional to this proportion, and numbers indicate percentages. e, Mean number of pings per 10 min among player–match records containing the corresponding ping, with 95% confidence intervals calculated using the delta method with clustering by player. Panels d and e show unadjusted occurrence proportions and conditional frequencies, respectively; panels c–e use the same ordering of ping types. NA, EUW and KR are shown in purple, grey and vermilion, respectively, with diamonds, squares and circles additionally distinguishing their point estimates. Some intervals are narrower than the symbols. The 12 comparisons involving the overall score and the two processes and the 27 comparisons of individual ping types were assessed using two-sided Wald tests, with Holm adjustment applied separately to each family (Table 1 and Supplementary Tables 4 and 6)."
Figure 2b,main/figures/Figure2b.csv,Adjusted maintenance and signalling means,Full-sample standardized process score,"Fig. 2 Regional patterns of overall information investment and individual pings. The sample included 126,000 players (42,000 per region), 2,519,994 player–match records and 2,240,349 unique matches. a, Player-level distributions of the overall score. Densities were estimated using all players and a common bandwidth. Boxes span the 25th–75th percentiles, central lines mark the 50th percentile and whiskers span the 5th–95th percentiles. Symbols show regional adjusted means with 95% confidence intervals. The displayed range includes 99.74%–99.83% of players in each region; full distributions are shown in Supplementary Fig. 2. b, Adjusted means and 95% confidence intervals for maintenance and signalling. c, Adjusted means and 95% confidence intervals for the nine ping types. In a–c, 95% confidence intervals for adjusted means were estimated from 1,000 player-level resamples stratified by region and tier. Estimates for each resample were calculated using a first-order approximation; see Methods for details. d, Proportion of player–match records in which each ping was used at least once. Circle area is proportional to this proportion, and numbers indicate percentages. e, Mean number of pings per 10 min among player–match records containing the corresponding ping, with 95% confidence intervals calculated using the delta method with clustering by player. Panels d and e show unadjusted occurrence proportions and conditional frequencies, respectively; panels c–e use the same ordering of ping types. NA, EUW and KR are shown in purple, grey and vermilion, respectively, with diamonds, squares and circles additionally distinguishing their point estimates. Some intervals are narrower than the symbols. The 12 comparisons involving the overall score and the two processes and the 27 comparisons of individual ping types were assessed using two-sided Wald tests, with Holm adjustment applied separately to each family (Table 1 and Supplementary Tables 4 and 6)."
Figure 2c,main/figures/Figure2c.csv,Adjusted means for nine ping indicators,Full-sample standardized indicator score,"Fig. 2 Regional patterns of overall information investment and individual pings. The sample included 126,000 players (42,000 per region), 2,519,994 player–match records and 2,240,349 unique matches. a, Player-level distributions of the overall score. Densities were estimated using all players and a common bandwidth. Boxes span the 25th–75th percentiles, central lines mark the 50th percentile and whiskers span the 5th–95th percentiles. Symbols show regional adjusted means with 95% confidence intervals. The displayed range includes 99.74%–99.83% of players in each region; full distributions are shown in Supplementary Fig. 2. b, Adjusted means and 95% confidence intervals for maintenance and signalling. c, Adjusted means and 95% confidence intervals for the nine ping types. In a–c, 95% confidence intervals for adjusted means were estimated from 1,000 player-level resamples stratified by region and tier. Estimates for each resample were calculated using a first-order approximation; see Methods for details. d, Proportion of player–match records in which each ping was used at least once. Circle area is proportional to this proportion, and numbers indicate percentages. e, Mean number of pings per 10 min among player–match records containing the corresponding ping, with 95% confidence intervals calculated using the delta method with clustering by player. Panels d and e show unadjusted occurrence proportions and conditional frequencies, respectively; panels c–e use the same ordering of ping types. NA, EUW and KR are shown in purple, grey and vermilion, respectively, with diamonds, squares and circles additionally distinguishing their point estimates. Some intervals are narrower than the symbols. The 12 comparisons involving the overall score and the two processes and the 27 comparisons of individual ping types were assessed using two-sided Wald tests, with Holm adjustment applied separately to each family (Table 1 and Supplementary Tables 4 and 6)."
"Figure 2d,e",main/figures/Figure2de.csv,Ping occurrence and conditional frequency,Occurrence fraction; pings per player per 10 min,"Fig. 2 Regional patterns of overall information investment and individual pings. The sample included 126,000 players (42,000 per region), 2,519,994 player–match records and 2,240,349 unique matches. a, Player-level distributions of the overall score. Densities were estimated using all players and a common bandwidth. Boxes span the 25th–75th percentiles, central lines mark the 50th percentile and whiskers span the 5th–95th percentiles. Symbols show regional adjusted means with 95% confidence intervals. The displayed range includes 99.74%–99.83% of players in each region; full distributions are shown in Supplementary Fig. 2. b, Adjusted means and 95% confidence intervals for maintenance and signalling. c, Adjusted means and 95% confidence intervals for the nine ping types. In a–c, 95% confidence intervals for adjusted means were estimated from 1,000 player-level resamples stratified by region and tier. Estimates for each resample were calculated using a first-order approximation; see Methods for details. d, Proportion of player–match records in which each ping was used at least once. Circle area is proportional to this proportion, and numbers indicate percentages. e, Mean number of pings per 10 min among player–match records containing the corresponding ping, with 95% confidence intervals calculated using the delta method with clustering by player. Panels d and e show unadjusted occurrence proportions and conditional frequencies, respectively; panels c–e use the same ordering of ping types. NA, EUW and KR are shown in purple, grey and vermilion, respectively, with diamonds, squares and circles additionally distinguishing their point estimates. Some intervals are narrower than the symbols. The 12 comparisons involving the overall score and the two processes and the 27 comparisons of individual ping types were assessed using two-sided Wald tests, with Holm adjustment applied separately to each family (Table 1 and Supplementary Tables 4 and 6)."
Figure 3a,main/figures/Figure3a.csv,Maintenance means across sampling tiers,Full-sample standardized maintenance score,"Fig. 3 Regional distributions of information practices across tiers and team positions. a, b, Adjusted means for maintenance and signalling across seven sampling tiers, using scores standardized over the full sample and the same vertical-axis range. c–e, Context-adjusted means of raw frequencies for ‘Get back’, ‘Push’ and ‘All in’ pings, calculated over the full match and expressed as pings per player per 10 min. Vertical-axis ranges differ across panels. f, g, Adjusted means for maintenance and signalling across five team positions; vertical-axis ranges differ. The analysis included 2,519,994 player–match records from 126,000 players, covering 2,240,349 unique matches, with 6,000 players in each region × tier group. Tier-specific means assigned equal weights to the five positions, used the pooled patch distribution and fixed match duration at the pooled mean. Position-specific means instead assigned equal weights to the seven tiers, with the same patch and duration reference. Symbols indicate category means, and lines connect tier categories only. Shaded bands or error bars show pointwise 95% confidence intervals from 1,000 stratified player-cluster resamples using first-order updates; some intervals are narrower than the symbols. NA is represented by purple diamonds and solid lines, EUW by grey squares and dashed lines, and KR by vermilion circles and dash-dotted lines. Ir, Br, Si, Go, Pl, Em and Di denote Iron, Bronze, Silver, Gold, Platinum, Emerald and Diamond, respectively. Top, Jungle, Mid, Bot and Support denote top lane, jungle, mid lane, bottom lane and support. Tier endpoint and position comparisons are reported in Supplementary Tables 8, 9 and 11."
Figure 3b,main/figures/Figure3b.csv,Signalling means across sampling tiers,Full-sample standardized signalling score,"Fig. 3 Regional distributions of information practices across tiers and team positions. a, b, Adjusted means for maintenance and signalling across seven sampling tiers, using scores standardized over the full sample and the same vertical-axis range. c–e, Context-adjusted means of raw frequencies for ‘Get back’, ‘Push’ and ‘All in’ pings, calculated over the full match and expressed as pings per player per 10 min. Vertical-axis ranges differ across panels. f, g, Adjusted means for maintenance and signalling across five team positions; vertical-axis ranges differ. The analysis included 2,519,994 player–match records from 126,000 players, covering 2,240,349 unique matches, with 6,000 players in each region × tier group. Tier-specific means assigned equal weights to the five positions, used the pooled patch distribution and fixed match duration at the pooled mean. Position-specific means instead assigned equal weights to the seven tiers, with the same patch and duration reference. Symbols indicate category means, and lines connect tier categories only. Shaded bands or error bars show pointwise 95% confidence intervals from 1,000 stratified player-cluster resamples using first-order updates; some intervals are narrower than the symbols. NA is represented by purple diamonds and solid lines, EUW by grey squares and dashed lines, and KR by vermilion circles and dash-dotted lines. Ir, Br, Si, Go, Pl, Em and Di denote Iron, Bronze, Silver, Gold, Platinum, Emerald and Diamond, respectively. Top, Jungle, Mid, Bot and Support denote top lane, jungle, mid lane, bottom lane and support. Tier endpoint and position comparisons are reported in Supplementary Tables 8, 9 and 11."
Figure 3c,main/figures/Figure3c.csv,Get-back frequency across sampling tiers,Pings per player per 10 min,"Fig. 3 Regional distributions of information practices across tiers and team positions. a, b, Adjusted means for maintenance and signalling across seven sampling tiers, using scores standardized over the full sample and the same vertical-axis range. c–e, Context-adjusted means of raw frequencies for ‘Get back’, ‘Push’ and ‘All in’ pings, calculated over the full match and expressed as pings per player per 10 min. Vertical-axis ranges differ across panels. f, g, Adjusted means for maintenance and signalling across five team positions; vertical-axis ranges differ. The analysis included 2,519,994 player–match records from 126,000 players, covering 2,240,349 unique matches, with 6,000 players in each region × tier group. Tier-specific means assigned equal weights to the five positions, used the pooled patch distribution and fixed match duration at the pooled mean. Position-specific means instead assigned equal weights to the seven tiers, with the same patch and duration reference. Symbols indicate category means, and lines connect tier categories only. Shaded bands or error bars show pointwise 95% confidence intervals from 1,000 stratified player-cluster resamples using first-order updates; some intervals are narrower than the symbols. NA is represented by purple diamonds and solid lines, EUW by grey squares and dashed lines, and KR by vermilion circles and dash-dotted lines. Ir, Br, Si, Go, Pl, Em and Di denote Iron, Bronze, Silver, Gold, Platinum, Emerald and Diamond, respectively. Top, Jungle, Mid, Bot and Support denote top lane, jungle, mid lane, bottom lane and support. Tier endpoint and position comparisons are reported in Supplementary Tables 8, 9 and 11."
Figure 3d,main/figures/Figure3d.csv,Push frequency across sampling tiers,Pings per player per 10 min,"Fig. 3 Regional distributions of information practices across tiers and team positions. a, b, Adjusted means for maintenance and signalling across seven sampling tiers, using scores standardized over the full sample and the same vertical-axis range. c–e, Context-adjusted means of raw frequencies for ‘Get back’, ‘Push’ and ‘All in’ pings, calculated over the full match and expressed as pings per player per 10 min. Vertical-axis ranges differ across panels. f, g, Adjusted means for maintenance and signalling across five team positions; vertical-axis ranges differ. The analysis included 2,519,994 player–match records from 126,000 players, covering 2,240,349 unique matches, with 6,000 players in each region × tier group. Tier-specific means assigned equal weights to the five positions, used the pooled patch distribution and fixed match duration at the pooled mean. Position-specific means instead assigned equal weights to the seven tiers, with the same patch and duration reference. Symbols indicate category means, and lines connect tier categories only. Shaded bands or error bars show pointwise 95% confidence intervals from 1,000 stratified player-cluster resamples using first-order updates; some intervals are narrower than the symbols. NA is represented by purple diamonds and solid lines, EUW by grey squares and dashed lines, and KR by vermilion circles and dash-dotted lines. Ir, Br, Si, Go, Pl, Em and Di denote Iron, Bronze, Silver, Gold, Platinum, Emerald and Diamond, respectively. Top, Jungle, Mid, Bot and Support denote top lane, jungle, mid lane, bottom lane and support. Tier endpoint and position comparisons are reported in Supplementary Tables 8, 9 and 11."
Figure 3e,main/figures/Figure3e.csv,All-in frequency across sampling tiers,Pings per player per 10 min,"Fig. 3 Regional distributions of information practices across tiers and team positions. a, b, Adjusted means for maintenance and signalling across seven sampling tiers, using scores standardized over the full sample and the same vertical-axis range. c–e, Context-adjusted means of raw frequencies for ‘Get back’, ‘Push’ and ‘All in’ pings, calculated over the full match and expressed as pings per player per 10 min. Vertical-axis ranges differ across panels. f, g, Adjusted means for maintenance and signalling across five team positions; vertical-axis ranges differ. The analysis included 2,519,994 player–match records from 126,000 players, covering 2,240,349 unique matches, with 6,000 players in each region × tier group. Tier-specific means assigned equal weights to the five positions, used the pooled patch distribution and fixed match duration at the pooled mean. Position-specific means instead assigned equal weights to the seven tiers, with the same patch and duration reference. Symbols indicate category means, and lines connect tier categories only. Shaded bands or error bars show pointwise 95% confidence intervals from 1,000 stratified player-cluster resamples using first-order updates; some intervals are narrower than the symbols. NA is represented by purple diamonds and solid lines, EUW by grey squares and dashed lines, and KR by vermilion circles and dash-dotted lines. Ir, Br, Si, Go, Pl, Em and Di denote Iron, Bronze, Silver, Gold, Platinum, Emerald and Diamond, respectively. Top, Jungle, Mid, Bot and Support denote top lane, jungle, mid lane, bottom lane and support. Tier endpoint and position comparisons are reported in Supplementary Tables 8, 9 and 11."
Figure 3f,main/figures/Figure3f.csv,Maintenance means across positions,Full-sample standardized maintenance score,"Fig. 3 Regional distributions of information practices across tiers and team positions. a, b, Adjusted means for maintenance and signalling across seven sampling tiers, using scores standardized over the full sample and the same vertical-axis range. c–e, Context-adjusted means of raw frequencies for ‘Get back’, ‘Push’ and ‘All in’ pings, calculated over the full match and expressed as pings per player per 10 min. Vertical-axis ranges differ across panels. f, g, Adjusted means for maintenance and signalling across five team positions; vertical-axis ranges differ. The analysis included 2,519,994 player–match records from 126,000 players, covering 2,240,349 unique matches, with 6,000 players in each region × tier group. Tier-specific means assigned equal weights to the five positions, used the pooled patch distribution and fixed match duration at the pooled mean. Position-specific means instead assigned equal weights to the seven tiers, with the same patch and duration reference. Symbols indicate category means, and lines connect tier categories only. Shaded bands or error bars show pointwise 95% confidence intervals from 1,000 stratified player-cluster resamples using first-order updates; some intervals are narrower than the symbols. NA is represented by purple diamonds and solid lines, EUW by grey squares and dashed lines, and KR by vermilion circles and dash-dotted lines. Ir, Br, Si, Go, Pl, Em and Di denote Iron, Bronze, Silver, Gold, Platinum, Emerald and Diamond, respectively. Top, Jungle, Mid, Bot and Support denote top lane, jungle, mid lane, bottom lane and support. Tier endpoint and position comparisons are reported in Supplementary Tables 8, 9 and 11."
Figure 3g,main/figures/Figure3g.csv,Signalling means across positions,Full-sample standardized signalling score,"Fig. 3 Regional distributions of information practices across tiers and team positions. a, b, Adjusted means for maintenance and signalling across seven sampling tiers, using scores standardized over the full sample and the same vertical-axis range. c–e, Context-adjusted means of raw frequencies for ‘Get back’, ‘Push’ and ‘All in’ pings, calculated over the full match and expressed as pings per player per 10 min. Vertical-axis ranges differ across panels. f, g, Adjusted means for maintenance and signalling across five team positions; vertical-axis ranges differ. The analysis included 2,519,994 player–match records from 126,000 players, covering 2,240,349 unique matches, with 6,000 players in each region × tier group. Tier-specific means assigned equal weights to the five positions, used the pooled patch distribution and fixed match duration at the pooled mean. Position-specific means instead assigned equal weights to the seven tiers, with the same patch and duration reference. Symbols indicate category means, and lines connect tier categories only. Shaded bands or error bars show pointwise 95% confidence intervals from 1,000 stratified player-cluster resamples using first-order updates; some intervals are narrower than the symbols. NA is represented by purple diamonds and solid lines, EUW by grey squares and dashed lines, and KR by vermilion circles and dash-dotted lines. Ir, Br, Si, Go, Pl, Em and Di denote Iron, Bronze, Silver, Gold, Platinum, Emerald and Diamond, respectively. Top, Jungle, Mid, Bot and Support denote top lane, jungle, mid lane, bottom lane and support. Tier endpoint and position comparisons are reported in Supplementary Tables 8, 9 and 11."
Figure 4a,main/figures/Figure4a.csv,Minute-specific valid ward placements,Events per team per minute,"Fig. 4 Temporal trajectories of early maintenance and its association with subsequent objective acquisition. a–c, Mean frequencies of valid ward placement, valid ward clearing and control ward purchases, expressed as events per team per minute, in 2,221,452 unique matches (4,442,904 team records). Mean frequencies were calculated after standardizing the three regions to a common tier and patch distribution. The two teams in each match were averaged with equal weights. Lines connect the midpoints of fixed one-minute intervals without additional smoothing. The final interval ended at the match-specific cut-off, and its frequency was calculated using the actual interval duration. Shaded bands show pointwise 95% confidence intervals for mean behavioural frequencies under the common tier and patch reference, calculated from the joint covariance of match records within strata, with reference weights held fixed. d, Adjusted probability of blue-team acquisition of the first subsequent neutral objective, plotted against the early maintenance difference. The model included 2,210,921 matches; probabilities were standardized over a common reference sample of 2,208,868 matches. The horizontal axis shows the blue-minus-red maintenance score difference divided by the common SD; zero indicates equal maintenance scores for the two teams. Curves were estimated from a model including a region × maintenance interaction and adjusting for sampling tier, game patch and early game state, then standardized to a common reference distribution. Shaded bands show pointwise 95% confidence intervals calculated from the covariance of match-level estimating scores within strata. Symbols mark −1, 0 and +1 SD. Adjusted probability differences between −1 and +1 common SD are reported in the Results and Supplementary Table 14. The three strips below show observed match counts in 0.05-SD bins for NA, EUW and KR, respectively, using a common vertical-axis range and without contextual adjustment. Purple diamonds and solid lines, grey squares and dashed lines, and vermilion circles and dash-dotted lines represent NA, EUW and KR, respectively. Panels a–c use natural frequency units; d uses maintenance scores calculated with fixed scoring parameters. Holm adjustment was applied to the 90 minute-by-minute regional comparisons. Full comparisons and simultaneous confidence intervals are provided in Supplementary Fig. 4 and Supplementary Table 13b; region-specific associations are reported in Supplementary Table 14."
Figure 4b,main/figures/Figure4b.csv,Minute-specific valid ward clearing,Events per team per minute,"Fig. 4 Temporal trajectories of early maintenance and its association with subsequent objective acquisition. a–c, Mean frequencies of valid ward placement, valid ward clearing and control ward purchases, expressed as events per team per minute, in 2,221,452 unique matches (4,442,904 team records). Mean frequencies were calculated after standardizing the three regions to a common tier and patch distribution. The two teams in each match were averaged with equal weights. Lines connect the midpoints of fixed one-minute intervals without additional smoothing. The final interval ended at the match-specific cut-off, and its frequency was calculated using the actual interval duration. Shaded bands show pointwise 95% confidence intervals for mean behavioural frequencies under the common tier and patch reference, calculated from the joint covariance of match records within strata, with reference weights held fixed. d, Adjusted probability of blue-team acquisition of the first subsequent neutral objective, plotted against the early maintenance difference. The model included 2,210,921 matches; probabilities were standardized over a common reference sample of 2,208,868 matches. The horizontal axis shows the blue-minus-red maintenance score difference divided by the common SD; zero indicates equal maintenance scores for the two teams. Curves were estimated from a model including a region × maintenance interaction and adjusting for sampling tier, game patch and early game state, then standardized to a common reference distribution. Shaded bands show pointwise 95% confidence intervals calculated from the covariance of match-level estimating scores within strata. Symbols mark −1, 0 and +1 SD. Adjusted probability differences between −1 and +1 common SD are reported in the Results and Supplementary Table 14. The three strips below show observed match counts in 0.05-SD bins for NA, EUW and KR, respectively, using a common vertical-axis range and without contextual adjustment. Purple diamonds and solid lines, grey squares and dashed lines, and vermilion circles and dash-dotted lines represent NA, EUW and KR, respectively. Panels a–c use natural frequency units; d uses maintenance scores calculated with fixed scoring parameters. Holm adjustment was applied to the 90 minute-by-minute regional comparisons. Full comparisons and simultaneous confidence intervals are provided in Supplementary Fig. 4 and Supplementary Table 13b; region-specific associations are reported in Supplementary Table 14."
Figure 4c,main/figures/Figure4c.csv,Minute-specific control ward purchases,Events per team per minute,"Fig. 4 Temporal trajectories of early maintenance and its association with subsequent objective acquisition. a–c, Mean frequencies of valid ward placement, valid ward clearing and control ward purchases, expressed as events per team per minute, in 2,221,452 unique matches (4,442,904 team records). Mean frequencies were calculated after standardizing the three regions to a common tier and patch distribution. The two teams in each match were averaged with equal weights. Lines connect the midpoints of fixed one-minute intervals without additional smoothing. The final interval ended at the match-specific cut-off, and its frequency was calculated using the actual interval duration. Shaded bands show pointwise 95% confidence intervals for mean behavioural frequencies under the common tier and patch reference, calculated from the joint covariance of match records within strata, with reference weights held fixed. d, Adjusted probability of blue-team acquisition of the first subsequent neutral objective, plotted against the early maintenance difference. The model included 2,210,921 matches; probabilities were standardized over a common reference sample of 2,208,868 matches. The horizontal axis shows the blue-minus-red maintenance score difference divided by the common SD; zero indicates equal maintenance scores for the two teams. Curves were estimated from a model including a region × maintenance interaction and adjusting for sampling tier, game patch and early game state, then standardized to a common reference distribution. Shaded bands show pointwise 95% confidence intervals calculated from the covariance of match-level estimating scores within strata. Symbols mark −1, 0 and +1 SD. Adjusted probability differences between −1 and +1 common SD are reported in the Results and Supplementary Table 14. The three strips below show observed match counts in 0.05-SD bins for NA, EUW and KR, respectively, using a common vertical-axis range and without contextual adjustment. Purple diamonds and solid lines, grey squares and dashed lines, and vermilion circles and dash-dotted lines represent NA, EUW and KR, respectively. Panels a–c use natural frequency units; d uses maintenance scores calculated with fixed scoring parameters. Holm adjustment was applied to the 90 minute-by-minute regional comparisons. Full comparisons and simultaneous confidence intervals are provided in Supplementary Fig. 4 and Supplementary Table 13b; region-specific associations are reported in Supplementary Table 14."
Figure 4d,main/figures/Figure4d.csv,Adjusted probability curves for the next neutral objective,Probability on 0–1 scale; common SD,"Fig. 4 Temporal trajectories of early maintenance and its association with subsequent objective acquisition. a–c, Mean frequencies of valid ward placement, valid ward clearing and control ward purchases, expressed as events per team per minute, in 2,221,452 unique matches (4,442,904 team records). Mean frequencies were calculated after standardizing the three regions to a common tier and patch distribution. The two teams in each match were averaged with equal weights. Lines connect the midpoints of fixed one-minute intervals without additional smoothing. The final interval ended at the match-specific cut-off, and its frequency was calculated using the actual interval duration. Shaded bands show pointwise 95% confidence intervals for mean behavioural frequencies under the common tier and patch reference, calculated from the joint covariance of match records within strata, with reference weights held fixed. d, Adjusted probability of blue-team acquisition of the first subsequent neutral objective, plotted against the early maintenance difference. The model included 2,210,921 matches; probabilities were standardized over a common reference sample of 2,208,868 matches. The horizontal axis shows the blue-minus-red maintenance score difference divided by the common SD; zero indicates equal maintenance scores for the two teams. Curves were estimated from a model including a region × maintenance interaction and adjusting for sampling tier, game patch and early game state, then standardized to a common reference distribution. Shaded bands show pointwise 95% confidence intervals calculated from the covariance of match-level estimating scores within strata. Symbols mark −1, 0 and +1 SD. Adjusted probability differences between −1 and +1 common SD are reported in the Results and Supplementary Table 14. The three strips below show observed match counts in 0.05-SD bins for NA, EUW and KR, respectively, using a common vertical-axis range and without contextual adjustment. Purple diamonds and solid lines, grey squares and dashed lines, and vermilion circles and dash-dotted lines represent NA, EUW and KR, respectively. Panels a–c use natural frequency units; d uses maintenance scores calculated with fixed scoring parameters. Holm adjustment was applied to the 90 minute-by-minute regional comparisons. Full comparisons and simultaneous confidence intervals are provided in Supplementary Fig. 4 and Supplementary Table 13b; region-specific associations are reported in Supplementary Table 14."
Figure 4d,main/figures/Figure4d_support.csv,Observed support for probability curves,Matches; fraction of regional matches; common SD,"Fig. 4 Temporal trajectories of early maintenance and its association with subsequent objective acquisition. a–c, Mean frequencies of valid ward placement, valid ward clearing and control ward purchases, expressed as events per team per minute, in 2,221,452 unique matches (4,442,904 team records). Mean frequencies were calculated after standardizing the three regions to a common tier and patch distribution. The two teams in each match were averaged with equal weights. Lines connect the midpoints of fixed one-minute intervals without additional smoothing. The final interval ended at the match-specific cut-off, and its frequency was calculated using the actual interval duration. Shaded bands show pointwise 95% confidence intervals for mean behavioural frequencies under the common tier and patch reference, calculated from the joint covariance of match records within strata, with reference weights held fixed. d, Adjusted probability of blue-team acquisition of the first subsequent neutral objective, plotted against the early maintenance difference. The model included 2,210,921 matches; probabilities were standardized over a common reference sample of 2,208,868 matches. The horizontal axis shows the blue-minus-red maintenance score difference divided by the common SD; zero indicates equal maintenance scores for the two teams. Curves were estimated from a model including a region × maintenance interaction and adjusting for sampling tier, game patch and early game state, then standardized to a common reference distribution. Shaded bands show pointwise 95% confidence intervals calculated from the covariance of match-level estimating scores within strata. Symbols mark −1, 0 and +1 SD. Adjusted probability differences between −1 and +1 common SD are reported in the Results and Supplementary Table 14. The three strips below show observed match counts in 0.05-SD bins for NA, EUW and KR, respectively, using a common vertical-axis range and without contextual adjustment. Purple diamonds and solid lines, grey squares and dashed lines, and vermilion circles and dash-dotted lines represent NA, EUW and KR, respectively. Panels a–c use natural frequency units; d uses maintenance scores calculated with fixed scoring parameters. Holm adjustment was applied to the 90 minute-by-minute regional comparisons. Full comparisons and simultaneous confidence intervals are provided in Supplementary Fig. 4 and Supplementary Table 13b; region-specific associations are reported in Supplementary Table 14."
Figure 4d,main/figures/Figure4d_probability_changes.csv,Absolute probability changes from −1 to +1 common SD,Probability on 0–1 scale; multiply differences and intervals by 100 for percentage points,"Fig. 4 Temporal trajectories of early maintenance and its association with subsequent objective acquisition. a–c, Mean frequencies of valid ward placement, valid ward clearing and control ward purchases, expressed as events per team per minute, in 2,221,452 unique matches (4,442,904 team records). Mean frequencies were calculated after standardizing the three regions to a common tier and patch distribution. The two teams in each match were averaged with equal weights. Lines connect the midpoints of fixed one-minute intervals without additional smoothing. The final interval ended at the match-specific cut-off, and its frequency was calculated using the actual interval duration. Shaded bands show pointwise 95% confidence intervals for mean behavioural frequencies under the common tier and patch reference, calculated from the joint covariance of match records within strata, with reference weights held fixed. d, Adjusted probability of blue-team acquisition of the first subsequent neutral objective, plotted against the early maintenance difference. The model included 2,210,921 matches; probabilities were standardized over a common reference sample of 2,208,868 matches. The horizontal axis shows the blue-minus-red maintenance score difference divided by the common SD; zero indicates equal maintenance scores for the two teams. Curves were estimated from a model including a region × maintenance interaction and adjusting for sampling tier, game patch and early game state, then standardized to a common reference distribution. Shaded bands show pointwise 95% confidence intervals calculated from the covariance of match-level estimating scores within strata. Symbols mark −1, 0 and +1 SD. Adjusted probability differences between −1 and +1 common SD are reported in the Results and Supplementary Table 14. The three strips below show observed match counts in 0.05-SD bins for NA, EUW and KR, respectively, using a common vertical-axis range and without contextual adjustment. Purple diamonds and solid lines, grey squares and dashed lines, and vermilion circles and dash-dotted lines represent NA, EUW and KR, respectively. Panels a–c use natural frequency units; d uses maintenance scores calculated with fixed scoring parameters. Holm adjustment was applied to the 90 minute-by-minute regional comparisons. Full comparisons and simultaneous confidence intervals are provided in Supplementary Fig. 4 and Supplementary Table 13b; region-specific associations are reported in Supplementary Table 14."
Supplementary Figure 1a,supplementary/figures/FigureS1a.csv,Region-specific indicator correlation matrix,Pearson r,"Supplementary Fig. 1 Indicator relationships within the three regions. a, NA. b, EUW. c, KR. Each region included 42,000 players, with 20 matches per player. Each indicator was adjusted for tier, position, patch and match duration; residuals were standardized and averaged within players. Panels show within-region Pearson correlations. Indicator numbers, units and scoring directions are provided in Supplementary Table 21a, and indicators are ordered by functional category. Circle area is proportional to |r|, colour indicates the signed r, and negative correlations are additionally outlined; only the lower triangle is shown. All three panels use the same colour scale from −1 to 1."
Supplementary Figure 1b,supplementary/figures/FigureS1b.csv,Region-specific indicator correlation matrix,Pearson r,"Supplementary Fig. 1 Indicator relationships within the three regions. a, NA. b, EUW. c, KR. Each region included 42,000 players, with 20 matches per player. Each indicator was adjusted for tier, position, patch and match duration; residuals were standardized and averaged within players. Panels show within-region Pearson correlations. Indicator numbers, units and scoring directions are provided in Supplementary Table 21a, and indicators are ordered by functional category. Circle area is proportional to |r|, colour indicates the signed r, and negative correlations are additionally outlined; only the lower triangle is shown. All three panels use the same colour scale from −1 to 1."
Supplementary Figure 1c,supplementary/figures/FigureS1c.csv,Region-specific indicator correlation matrix,Pearson r,"Supplementary Fig. 1 Indicator relationships within the three regions. a, NA. b, EUW. c, KR. Each region included 42,000 players, with 20 matches per player. Each indicator was adjusted for tier, position, patch and match duration; residuals were standardized and averaged within players. Panels show within-region Pearson correlations. Indicator numbers, units and scoring directions are provided in Supplementary Table 21a, and indicators are ordered by functional category. Circle area is proportional to |r|, colour indicates the signed r, and negative correlations are additionally outlined; only the lower triangle is shown. All three panels use the same colour scale from −1 to 1."
Supplementary Figure 2a,supplementary/figures/FigureS2a.csv,Exact univariate empirical distribution,Score units; player counts; cumulative fraction,"Supplementary Fig. 2 Full player distributions and regional quantile differences in process scores. Each region included 42,000 players, with 2,519,994 player–match records in total. Scores were adjusted using regressions including region, tier, position, patch and match duration to a common reference with equal weights across the seven tiers and, separately, across the five positions, common patch proportions and mean match duration, then averaged within players. The overall score is the mean of maintenance and signalling, with each process expressed in its own full-sample standard-deviation units. a–c, Full empirical cumulative distributions of overall, maintenance and signalling scores, respectively. The vertical axis shows the percentage of players whose scores do not exceed the value on the horizontal axis. d–f, KR–NA, KR–EUW and EUW–NA score differences, respectively, at matching percentiles of each region’s distribution. Solid lines represent maintenance and dashed lines signalling; symbols mark the 10th, 50th and 90th percentiles. Curves use the 1st–99th percentiles within each region, with linear interpolation and no additional smoothing; the three panels share the same scales. All panels are descriptive and have no inferential intervals. The light-grey area in e marks the 96th–99th percentiles, where the KR–EUW signalling quantile difference is negative. In a–c, NA, EUW and KR are shown in purple, grey and vermilion, with solid, dashed and dash-dotted lines, respectively. In d–f, solid and dashed lines denote maintenance and signalling, respectively."
Supplementary Figure 2b,supplementary/figures/FigureS2b.csv,Exact univariate empirical distribution,Score units; player counts; cumulative fraction,"Supplementary Fig. 2 Full player distributions and regional quantile differences in process scores. Each region included 42,000 players, with 2,519,994 player–match records in total. Scores were adjusted using regressions including region, tier, position, patch and match duration to a common reference with equal weights across the seven tiers and, separately, across the five positions, common patch proportions and mean match duration, then averaged within players. The overall score is the mean of maintenance and signalling, with each process expressed in its own full-sample standard-deviation units. a–c, Full empirical cumulative distributions of overall, maintenance and signalling scores, respectively. The vertical axis shows the percentage of players whose scores do not exceed the value on the horizontal axis. d–f, KR–NA, KR–EUW and EUW–NA score differences, respectively, at matching percentiles of each region’s distribution. Solid lines represent maintenance and dashed lines signalling; symbols mark the 10th, 50th and 90th percentiles. Curves use the 1st–99th percentiles within each region, with linear interpolation and no additional smoothing; the three panels share the same scales. All panels are descriptive and have no inferential intervals. The light-grey area in e marks the 96th–99th percentiles, where the KR–EUW signalling quantile difference is negative. In a–c, NA, EUW and KR are shown in purple, grey and vermilion, with solid, dashed and dash-dotted lines, respectively. In d–f, solid and dashed lines denote maintenance and signalling, respectively."
Supplementary Figure 2c,supplementary/figures/FigureS2c.csv,Exact univariate empirical distribution,Score units; player counts; cumulative fraction,"Supplementary Fig. 2 Full player distributions and regional quantile differences in process scores. Each region included 42,000 players, with 2,519,994 player–match records in total. Scores were adjusted using regressions including region, tier, position, patch and match duration to a common reference with equal weights across the seven tiers and, separately, across the five positions, common patch proportions and mean match duration, then averaged within players. The overall score is the mean of maintenance and signalling, with each process expressed in its own full-sample standard-deviation units. a–c, Full empirical cumulative distributions of overall, maintenance and signalling scores, respectively. The vertical axis shows the percentage of players whose scores do not exceed the value on the horizontal axis. d–f, KR–NA, KR–EUW and EUW–NA score differences, respectively, at matching percentiles of each region’s distribution. Solid lines represent maintenance and dashed lines signalling; symbols mark the 10th, 50th and 90th percentiles. Curves use the 1st–99th percentiles within each region, with linear interpolation and no additional smoothing; the three panels share the same scales. All panels are descriptive and have no inferential intervals. The light-grey area in e marks the 96th–99th percentiles, where the KR–EUW signalling quantile difference is negative. In a–c, NA, EUW and KR are shown in purple, grey and vermilion, with solid, dashed and dash-dotted lines, respectively. In d–f, solid and dashed lines denote maintenance and signalling, respectively."
Supplementary Figure 2d,supplementary/figures/FigureS2d.csv,Regional quantile differences,Score units; percentile from 1 to 99,"Supplementary Fig. 2 Full player distributions and regional quantile differences in process scores. Each region included 42,000 players, with 2,519,994 player–match records in total. Scores were adjusted using regressions including region, tier, position, patch and match duration to a common reference with equal weights across the seven tiers and, separately, across the five positions, common patch proportions and mean match duration, then averaged within players. The overall score is the mean of maintenance and signalling, with each process expressed in its own full-sample standard-deviation units. a–c, Full empirical cumulative distributions of overall, maintenance and signalling scores, respectively. The vertical axis shows the percentage of players whose scores do not exceed the value on the horizontal axis. d–f, KR–NA, KR–EUW and EUW–NA score differences, respectively, at matching percentiles of each region’s distribution. Solid lines represent maintenance and dashed lines signalling; symbols mark the 10th, 50th and 90th percentiles. Curves use the 1st–99th percentiles within each region, with linear interpolation and no additional smoothing; the three panels share the same scales. All panels are descriptive and have no inferential intervals. The light-grey area in e marks the 96th–99th percentiles, where the KR–EUW signalling quantile difference is negative. In a–c, NA, EUW and KR are shown in purple, grey and vermilion, with solid, dashed and dash-dotted lines, respectively. In d–f, solid and dashed lines denote maintenance and signalling, respectively."
Supplementary Figure 2e,supplementary/figures/FigureS2e.csv,Regional quantile differences,Score units; percentile from 1 to 99,"Supplementary Fig. 2 Full player distributions and regional quantile differences in process scores. Each region included 42,000 players, with 2,519,994 player–match records in total. Scores were adjusted using regressions including region, tier, position, patch and match duration to a common reference with equal weights across the seven tiers and, separately, across the five positions, common patch proportions and mean match duration, then averaged within players. The overall score is the mean of maintenance and signalling, with each process expressed in its own full-sample standard-deviation units. a–c, Full empirical cumulative distributions of overall, maintenance and signalling scores, respectively. The vertical axis shows the percentage of players whose scores do not exceed the value on the horizontal axis. d–f, KR–NA, KR–EUW and EUW–NA score differences, respectively, at matching percentiles of each region’s distribution. Solid lines represent maintenance and dashed lines signalling; symbols mark the 10th, 50th and 90th percentiles. Curves use the 1st–99th percentiles within each region, with linear interpolation and no additional smoothing; the three panels share the same scales. All panels are descriptive and have no inferential intervals. The light-grey area in e marks the 96th–99th percentiles, where the KR–EUW signalling quantile difference is negative. In a–c, NA, EUW and KR are shown in purple, grey and vermilion, with solid, dashed and dash-dotted lines, respectively. In d–f, solid and dashed lines denote maintenance and signalling, respectively."
Supplementary Figure 2f,supplementary/figures/FigureS2f.csv,Regional quantile differences,Score units; percentile from 1 to 99,"Supplementary Fig. 2 Full player distributions and regional quantile differences in process scores. Each region included 42,000 players, with 2,519,994 player–match records in total. Scores were adjusted using regressions including region, tier, position, patch and match duration to a common reference with equal weights across the seven tiers and, separately, across the five positions, common patch proportions and mean match duration, then averaged within players. The overall score is the mean of maintenance and signalling, with each process expressed in its own full-sample standard-deviation units. a–c, Full empirical cumulative distributions of overall, maintenance and signalling scores, respectively. The vertical axis shows the percentage of players whose scores do not exceed the value on the horizontal axis. d–f, KR–NA, KR–EUW and EUW–NA score differences, respectively, at matching percentiles of each region’s distribution. Solid lines represent maintenance and dashed lines signalling; symbols mark the 10th, 50th and 90th percentiles. Curves use the 1st–99th percentiles within each region, with linear interpolation and no additional smoothing; the three panels share the same scales. All panels are descriptive and have no inferential intervals. The light-grey area in e marks the 96th–99th percentiles, where the KR–EUW signalling quantile difference is negative. In a–c, NA, EUW and KR are shown in purple, grey and vermilion, with solid, dashed and dash-dotted lines, respectively. In d–f, solid and dashed lines denote maintenance and signalling, respectively."
Supplementary Figure 3a,supplementary/figures/FigureS3a.csv,Individual-ping frequency across sampling tiers,Pings per player per 10 min,"Supplementary Fig. 3 Regional tier curves for all nine ping types. a–i, ‘Enemy missing’, ‘Enemy vision’, ‘Command/attention’ (labelled ‘Attention’), ‘Need vision’, ‘Assist me’, ‘On my way’, ‘Push’, ‘All in’ and ‘Get back’, respectively. The vertical axis shows the full-match average number of pings per player per 10 min; vertical-axis ranges differ across panels. Raw frequencies were adjusted directly, using 2,519,994 player–match records from 126,000 players, with 6,000 players in each region × tier cell. Regressions included a region × tier interaction, with means estimated under a reference assigning equal weights to the five positions and using common patch proportions and mean match duration. Intervals were obtained from joint first-order updates for 1,000 player resamples within region × tier strata. Lines connect the means of the seven tier categories, and shaded bands show pointwise 95% confidence intervals. Endpoint, adjacent-tier and local-change tests for all nine ping types are provided in Supplementary Tables 9c,d and 10d,e; correction families are specified in Supplementary Table 23. NA, EUW and KR use purple diamonds with solid lines, grey squares with dashed lines and vermilion circles with dash-dotted lines, respectively. Ir, Br, Si, Go, Pl, Em and Di denote Iron, Bronze, Silver, Gold, Platinum, Emerald and Diamond, respectively."
Supplementary Figure 3b,supplementary/figures/FigureS3b.csv,Individual-ping frequency across sampling tiers,Pings per player per 10 min,"Supplementary Fig. 3 Regional tier curves for all nine ping types. a–i, ‘Enemy missing’, ‘Enemy vision’, ‘Command/attention’ (labelled ‘Attention’), ‘Need vision’, ‘Assist me’, ‘On my way’, ‘Push’, ‘All in’ and ‘Get back’, respectively. The vertical axis shows the full-match average number of pings per player per 10 min; vertical-axis ranges differ across panels. Raw frequencies were adjusted directly, using 2,519,994 player–match records from 126,000 players, with 6,000 players in each region × tier cell. Regressions included a region × tier interaction, with means estimated under a reference assigning equal weights to the five positions and using common patch proportions and mean match duration. Intervals were obtained from joint first-order updates for 1,000 player resamples within region × tier strata. Lines connect the means of the seven tier categories, and shaded bands show pointwise 95% confidence intervals. Endpoint, adjacent-tier and local-change tests for all nine ping types are provided in Supplementary Tables 9c,d and 10d,e; correction families are specified in Supplementary Table 23. NA, EUW and KR use purple diamonds with solid lines, grey squares with dashed lines and vermilion circles with dash-dotted lines, respectively. Ir, Br, Si, Go, Pl, Em and Di denote Iron, Bronze, Silver, Gold, Platinum, Emerald and Diamond, respectively."
Supplementary Figure 3c,supplementary/figures/FigureS3c.csv,Individual-ping frequency across sampling tiers,Pings per player per 10 min,"Supplementary Fig. 3 Regional tier curves for all nine ping types. a–i, ‘Enemy missing’, ‘Enemy vision’, ‘Command/attention’ (labelled ‘Attention’), ‘Need vision’, ‘Assist me’, ‘On my way’, ‘Push’, ‘All in’ and ‘Get back’, respectively. The vertical axis shows the full-match average number of pings per player per 10 min; vertical-axis ranges differ across panels. Raw frequencies were adjusted directly, using 2,519,994 player–match records from 126,000 players, with 6,000 players in each region × tier cell. Regressions included a region × tier interaction, with means estimated under a reference assigning equal weights to the five positions and using common patch proportions and mean match duration. Intervals were obtained from joint first-order updates for 1,000 player resamples within region × tier strata. Lines connect the means of the seven tier categories, and shaded bands show pointwise 95% confidence intervals. Endpoint, adjacent-tier and local-change tests for all nine ping types are provided in Supplementary Tables 9c,d and 10d,e; correction families are specified in Supplementary Table 23. NA, EUW and KR use purple diamonds with solid lines, grey squares with dashed lines and vermilion circles with dash-dotted lines, respectively. Ir, Br, Si, Go, Pl, Em and Di denote Iron, Bronze, Silver, Gold, Platinum, Emerald and Diamond, respectively."
Supplementary Figure 3d,supplementary/figures/FigureS3d.csv,Individual-ping frequency across sampling tiers,Pings per player per 10 min,"Supplementary Fig. 3 Regional tier curves for all nine ping types. a–i, ‘Enemy missing’, ‘Enemy vision’, ‘Command/attention’ (labelled ‘Attention’), ‘Need vision’, ‘Assist me’, ‘On my way’, ‘Push’, ‘All in’ and ‘Get back’, respectively. The vertical axis shows the full-match average number of pings per player per 10 min; vertical-axis ranges differ across panels. Raw frequencies were adjusted directly, using 2,519,994 player–match records from 126,000 players, with 6,000 players in each region × tier cell. Regressions included a region × tier interaction, with means estimated under a reference assigning equal weights to the five positions and using common patch proportions and mean match duration. Intervals were obtained from joint first-order updates for 1,000 player resamples within region × tier strata. Lines connect the means of the seven tier categories, and shaded bands show pointwise 95% confidence intervals. Endpoint, adjacent-tier and local-change tests for all nine ping types are provided in Supplementary Tables 9c,d and 10d,e; correction families are specified in Supplementary Table 23. NA, EUW and KR use purple diamonds with solid lines, grey squares with dashed lines and vermilion circles with dash-dotted lines, respectively. Ir, Br, Si, Go, Pl, Em and Di denote Iron, Bronze, Silver, Gold, Platinum, Emerald and Diamond, respectively."
Supplementary Figure 3e,supplementary/figures/FigureS3e.csv,Individual-ping frequency across sampling tiers,Pings per player per 10 min,"Supplementary Fig. 3 Regional tier curves for all nine ping types. a–i, ‘Enemy missing’, ‘Enemy vision’, ‘Command/attention’ (labelled ‘Attention’), ‘Need vision’, ‘Assist me’, ‘On my way’, ‘Push’, ‘All in’ and ‘Get back’, respectively. The vertical axis shows the full-match average number of pings per player per 10 min; vertical-axis ranges differ across panels. Raw frequencies were adjusted directly, using 2,519,994 player–match records from 126,000 players, with 6,000 players in each region × tier cell. Regressions included a region × tier interaction, with means estimated under a reference assigning equal weights to the five positions and using common patch proportions and mean match duration. Intervals were obtained from joint first-order updates for 1,000 player resamples within region × tier strata. Lines connect the means of the seven tier categories, and shaded bands show pointwise 95% confidence intervals. Endpoint, adjacent-tier and local-change tests for all nine ping types are provided in Supplementary Tables 9c,d and 10d,e; correction families are specified in Supplementary Table 23. NA, EUW and KR use purple diamonds with solid lines, grey squares with dashed lines and vermilion circles with dash-dotted lines, respectively. Ir, Br, Si, Go, Pl, Em and Di denote Iron, Bronze, Silver, Gold, Platinum, Emerald and Diamond, respectively."
Supplementary Figure 3f,supplementary/figures/FigureS3f.csv,Individual-ping frequency across sampling tiers,Pings per player per 10 min,"Supplementary Fig. 3 Regional tier curves for all nine ping types. a–i, ‘Enemy missing’, ‘Enemy vision’, ‘Command/attention’ (labelled ‘Attention’), ‘Need vision’, ‘Assist me’, ‘On my way’, ‘Push’, ‘All in’ and ‘Get back’, respectively. The vertical axis shows the full-match average number of pings per player per 10 min; vertical-axis ranges differ across panels. Raw frequencies were adjusted directly, using 2,519,994 player–match records from 126,000 players, with 6,000 players in each region × tier cell. Regressions included a region × tier interaction, with means estimated under a reference assigning equal weights to the five positions and using common patch proportions and mean match duration. Intervals were obtained from joint first-order updates for 1,000 player resamples within region × tier strata. Lines connect the means of the seven tier categories, and shaded bands show pointwise 95% confidence intervals. Endpoint, adjacent-tier and local-change tests for all nine ping types are provided in Supplementary Tables 9c,d and 10d,e; correction families are specified in Supplementary Table 23. NA, EUW and KR use purple diamonds with solid lines, grey squares with dashed lines and vermilion circles with dash-dotted lines, respectively. Ir, Br, Si, Go, Pl, Em and Di denote Iron, Bronze, Silver, Gold, Platinum, Emerald and Diamond, respectively."
Supplementary Figure 3g,supplementary/figures/FigureS3g.csv,Individual-ping frequency across sampling tiers,Pings per player per 10 min,"Supplementary Fig. 3 Regional tier curves for all nine ping types. a–i, ‘Enemy missing’, ‘Enemy vision’, ‘Command/attention’ (labelled ‘Attention’), ‘Need vision’, ‘Assist me’, ‘On my way’, ‘Push’, ‘All in’ and ‘Get back’, respectively. The vertical axis shows the full-match average number of pings per player per 10 min; vertical-axis ranges differ across panels. Raw frequencies were adjusted directly, using 2,519,994 player–match records from 126,000 players, with 6,000 players in each region × tier cell. Regressions included a region × tier interaction, with means estimated under a reference assigning equal weights to the five positions and using common patch proportions and mean match duration. Intervals were obtained from joint first-order updates for 1,000 player resamples within region × tier strata. Lines connect the means of the seven tier categories, and shaded bands show pointwise 95% confidence intervals. Endpoint, adjacent-tier and local-change tests for all nine ping types are provided in Supplementary Tables 9c,d and 10d,e; correction families are specified in Supplementary Table 23. NA, EUW and KR use purple diamonds with solid lines, grey squares with dashed lines and vermilion circles with dash-dotted lines, respectively. Ir, Br, Si, Go, Pl, Em and Di denote Iron, Bronze, Silver, Gold, Platinum, Emerald and Diamond, respectively."
Supplementary Figure 3h,supplementary/figures/FigureS3h.csv,Individual-ping frequency across sampling tiers,Pings per player per 10 min,"Supplementary Fig. 3 Regional tier curves for all nine ping types. a–i, ‘Enemy missing’, ‘Enemy vision’, ‘Command/attention’ (labelled ‘Attention’), ‘Need vision’, ‘Assist me’, ‘On my way’, ‘Push’, ‘All in’ and ‘Get back’, respectively. The vertical axis shows the full-match average number of pings per player per 10 min; vertical-axis ranges differ across panels. Raw frequencies were adjusted directly, using 2,519,994 player–match records from 126,000 players, with 6,000 players in each region × tier cell. Regressions included a region × tier interaction, with means estimated under a reference assigning equal weights to the five positions and using common patch proportions and mean match duration. Intervals were obtained from joint first-order updates for 1,000 player resamples within region × tier strata. Lines connect the means of the seven tier categories, and shaded bands show pointwise 95% confidence intervals. Endpoint, adjacent-tier and local-change tests for all nine ping types are provided in Supplementary Tables 9c,d and 10d,e; correction families are specified in Supplementary Table 23. NA, EUW and KR use purple diamonds with solid lines, grey squares with dashed lines and vermilion circles with dash-dotted lines, respectively. Ir, Br, Si, Go, Pl, Em and Di denote Iron, Bronze, Silver, Gold, Platinum, Emerald and Diamond, respectively."
Supplementary Figure 3i,supplementary/figures/FigureS3i.csv,Individual-ping frequency across sampling tiers,Pings per player per 10 min,"Supplementary Fig. 3 Regional tier curves for all nine ping types. a–i, ‘Enemy missing’, ‘Enemy vision’, ‘Command/attention’ (labelled ‘Attention’), ‘Need vision’, ‘Assist me’, ‘On my way’, ‘Push’, ‘All in’ and ‘Get back’, respectively. The vertical axis shows the full-match average number of pings per player per 10 min; vertical-axis ranges differ across panels. Raw frequencies were adjusted directly, using 2,519,994 player–match records from 126,000 players, with 6,000 players in each region × tier cell. Regressions included a region × tier interaction, with means estimated under a reference assigning equal weights to the five positions and using common patch proportions and mean match duration. Intervals were obtained from joint first-order updates for 1,000 player resamples within region × tier strata. Lines connect the means of the seven tier categories, and shaded bands show pointwise 95% confidence intervals. Endpoint, adjacent-tier and local-change tests for all nine ping types are provided in Supplementary Tables 9c,d and 10d,e; correction families are specified in Supplementary Table 23. NA, EUW and KR use purple diamonds with solid lines, grey squares with dashed lines and vermilion circles with dash-dotted lines, respectively. Ir, Br, Si, Go, Pl, Em and Di denote Iron, Bronze, Silver, Gold, Platinum, Emerald and Diamond, respectively."
Supplementary Figure 4a,supplementary/figures/FigureS4a.csv,Minute-specific regional maintenance contrast,Events per team per minute,"Supplementary Fig. 4 Regional contrasts in minute-by-minute maintenance frequencies. Columns show valid ward placement, valid ward clearing and control ward purchases, respectively; rows show KR–NA, KR–EUW and EUW–NA, respectively. Each estimate is the frequency in the first region minus that in the second, expressed as events per team per minute. The analysis included 2,221,452 unique matches. Frequencies were first averaged across the two teams in each match and then standardized to a reference assigning equal weights to the seven tiers and using common patch proportions within each tier. Each retained tier × patch stratum contained at least 30 matches in each of the three regions. Intervals ran from [0,1] min and (1,2] min through (9 min, t*], where t* is the timestamp of the actual state frame near 10 min; frequencies in the final interval were calculated using its actual duration. Points show differences in mean frequencies under the common reference. Inner dark shading indicates pointwise 95% confidence intervals, and outer light shading indicates Bonferroni simultaneous 95% confidence intervals covering all 90 contrasts (three regional contrasts × three components × ten intervals). Shading is linearly connected across time points and does not represent a continuous-time confidence band; the zero line indicates no regional mean difference. Holm-adjusted P values from two-sided normal-approximation tests are provided in Supplementary Table 13b."
Supplementary Figure 4b,supplementary/figures/FigureS4b.csv,Minute-specific regional maintenance contrast,Events per team per minute,"Supplementary Fig. 4 Regional contrasts in minute-by-minute maintenance frequencies. Columns show valid ward placement, valid ward clearing and control ward purchases, respectively; rows show KR–NA, KR–EUW and EUW–NA, respectively. Each estimate is the frequency in the first region minus that in the second, expressed as events per team per minute. The analysis included 2,221,452 unique matches. Frequencies were first averaged across the two teams in each match and then standardized to a reference assigning equal weights to the seven tiers and using common patch proportions within each tier. Each retained tier × patch stratum contained at least 30 matches in each of the three regions. Intervals ran from [0,1] min and (1,2] min through (9 min, t*], where t* is the timestamp of the actual state frame near 10 min; frequencies in the final interval were calculated using its actual duration. Points show differences in mean frequencies under the common reference. Inner dark shading indicates pointwise 95% confidence intervals, and outer light shading indicates Bonferroni simultaneous 95% confidence intervals covering all 90 contrasts (three regional contrasts × three components × ten intervals). Shading is linearly connected across time points and does not represent a continuous-time confidence band; the zero line indicates no regional mean difference. Holm-adjusted P values from two-sided normal-approximation tests are provided in Supplementary Table 13b."
Supplementary Figure 4c,supplementary/figures/FigureS4c.csv,Minute-specific regional maintenance contrast,Events per team per minute,"Supplementary Fig. 4 Regional contrasts in minute-by-minute maintenance frequencies. Columns show valid ward placement, valid ward clearing and control ward purchases, respectively; rows show KR–NA, KR–EUW and EUW–NA, respectively. Each estimate is the frequency in the first region minus that in the second, expressed as events per team per minute. The analysis included 2,221,452 unique matches. Frequencies were first averaged across the two teams in each match and then standardized to a reference assigning equal weights to the seven tiers and using common patch proportions within each tier. Each retained tier × patch stratum contained at least 30 matches in each of the three regions. Intervals ran from [0,1] min and (1,2] min through (9 min, t*], where t* is the timestamp of the actual state frame near 10 min; frequencies in the final interval were calculated using its actual duration. Points show differences in mean frequencies under the common reference. Inner dark shading indicates pointwise 95% confidence intervals, and outer light shading indicates Bonferroni simultaneous 95% confidence intervals covering all 90 contrasts (three regional contrasts × three components × ten intervals). Shading is linearly connected across time points and does not represent a continuous-time confidence band; the zero line indicates no regional mean difference. Holm-adjusted P values from two-sided normal-approximation tests are provided in Supplementary Table 13b."
Supplementary Figure 4d,supplementary/figures/FigureS4d.csv,Minute-specific regional maintenance contrast,Events per team per minute,"Supplementary Fig. 4 Regional contrasts in minute-by-minute maintenance frequencies. Columns show valid ward placement, valid ward clearing and control ward purchases, respectively; rows show KR–NA, KR–EUW and EUW–NA, respectively. Each estimate is the frequency in the first region minus that in the second, expressed as events per team per minute. The analysis included 2,221,452 unique matches. Frequencies were first averaged across the two teams in each match and then standardized to a reference assigning equal weights to the seven tiers and using common patch proportions within each tier. Each retained tier × patch stratum contained at least 30 matches in each of the three regions. Intervals ran from [0,1] min and (1,2] min through (9 min, t*], where t* is the timestamp of the actual state frame near 10 min; frequencies in the final interval were calculated using its actual duration. Points show differences in mean frequencies under the common reference. Inner dark shading indicates pointwise 95% confidence intervals, and outer light shading indicates Bonferroni simultaneous 95% confidence intervals covering all 90 contrasts (three regional contrasts × three components × ten intervals). Shading is linearly connected across time points and does not represent a continuous-time confidence band; the zero line indicates no regional mean difference. Holm-adjusted P values from two-sided normal-approximation tests are provided in Supplementary Table 13b."
Supplementary Figure 4e,supplementary/figures/FigureS4e.csv,Minute-specific regional maintenance contrast,Events per team per minute,"Supplementary Fig. 4 Regional contrasts in minute-by-minute maintenance frequencies. Columns show valid ward placement, valid ward clearing and control ward purchases, respectively; rows show KR–NA, KR–EUW and EUW–NA, respectively. Each estimate is the frequency in the first region minus that in the second, expressed as events per team per minute. The analysis included 2,221,452 unique matches. Frequencies were first averaged across the two teams in each match and then standardized to a reference assigning equal weights to the seven tiers and using common patch proportions within each tier. Each retained tier × patch stratum contained at least 30 matches in each of the three regions. Intervals ran from [0,1] min and (1,2] min through (9 min, t*], where t* is the timestamp of the actual state frame near 10 min; frequencies in the final interval were calculated using its actual duration. Points show differences in mean frequencies under the common reference. Inner dark shading indicates pointwise 95% confidence intervals, and outer light shading indicates Bonferroni simultaneous 95% confidence intervals covering all 90 contrasts (three regional contrasts × three components × ten intervals). Shading is linearly connected across time points and does not represent a continuous-time confidence band; the zero line indicates no regional mean difference. Holm-adjusted P values from two-sided normal-approximation tests are provided in Supplementary Table 13b."
Supplementary Figure 4f,supplementary/figures/FigureS4f.csv,Minute-specific regional maintenance contrast,Events per team per minute,"Supplementary Fig. 4 Regional contrasts in minute-by-minute maintenance frequencies. Columns show valid ward placement, valid ward clearing and control ward purchases, respectively; rows show KR–NA, KR–EUW and EUW–NA, respectively. Each estimate is the frequency in the first region minus that in the second, expressed as events per team per minute. The analysis included 2,221,452 unique matches. Frequencies were first averaged across the two teams in each match and then standardized to a reference assigning equal weights to the seven tiers and using common patch proportions within each tier. Each retained tier × patch stratum contained at least 30 matches in each of the three regions. Intervals ran from [0,1] min and (1,2] min through (9 min, t*], where t* is the timestamp of the actual state frame near 10 min; frequencies in the final interval were calculated using its actual duration. Points show differences in mean frequencies under the common reference. Inner dark shading indicates pointwise 95% confidence intervals, and outer light shading indicates Bonferroni simultaneous 95% confidence intervals covering all 90 contrasts (three regional contrasts × three components × ten intervals). Shading is linearly connected across time points and does not represent a continuous-time confidence band; the zero line indicates no regional mean difference. Holm-adjusted P values from two-sided normal-approximation tests are provided in Supplementary Table 13b."
Supplementary Figure 4g,supplementary/figures/FigureS4g.csv,Minute-specific regional maintenance contrast,Events per team per minute,"Supplementary Fig. 4 Regional contrasts in minute-by-minute maintenance frequencies. Columns show valid ward placement, valid ward clearing and control ward purchases, respectively; rows show KR–NA, KR–EUW and EUW–NA, respectively. Each estimate is the frequency in the first region minus that in the second, expressed as events per team per minute. The analysis included 2,221,452 unique matches. Frequencies were first averaged across the two teams in each match and then standardized to a reference assigning equal weights to the seven tiers and using common patch proportions within each tier. Each retained tier × patch stratum contained at least 30 matches in each of the three regions. Intervals ran from [0,1] min and (1,2] min through (9 min, t*], where t* is the timestamp of the actual state frame near 10 min; frequencies in the final interval were calculated using its actual duration. Points show differences in mean frequencies under the common reference. Inner dark shading indicates pointwise 95% confidence intervals, and outer light shading indicates Bonferroni simultaneous 95% confidence intervals covering all 90 contrasts (three regional contrasts × three components × ten intervals). Shading is linearly connected across time points and does not represent a continuous-time confidence band; the zero line indicates no regional mean difference. Holm-adjusted P values from two-sided normal-approximation tests are provided in Supplementary Table 13b."
Supplementary Figure 4h,supplementary/figures/FigureS4h.csv,Minute-specific regional maintenance contrast,Events per team per minute,"Supplementary Fig. 4 Regional contrasts in minute-by-minute maintenance frequencies. Columns show valid ward placement, valid ward clearing and control ward purchases, respectively; rows show KR–NA, KR–EUW and EUW–NA, respectively. Each estimate is the frequency in the first region minus that in the second, expressed as events per team per minute. The analysis included 2,221,452 unique matches. Frequencies were first averaged across the two teams in each match and then standardized to a reference assigning equal weights to the seven tiers and using common patch proportions within each tier. Each retained tier × patch stratum contained at least 30 matches in each of the three regions. Intervals ran from [0,1] min and (1,2] min through (9 min, t*], where t* is the timestamp of the actual state frame near 10 min; frequencies in the final interval were calculated using its actual duration. Points show differences in mean frequencies under the common reference. Inner dark shading indicates pointwise 95% confidence intervals, and outer light shading indicates Bonferroni simultaneous 95% confidence intervals covering all 90 contrasts (three regional contrasts × three components × ten intervals). Shading is linearly connected across time points and does not represent a continuous-time confidence band; the zero line indicates no regional mean difference. Holm-adjusted P values from two-sided normal-approximation tests are provided in Supplementary Table 13b."
Supplementary Figure 4i,supplementary/figures/FigureS4i.csv,Minute-specific regional maintenance contrast,Events per team per minute,"Supplementary Fig. 4 Regional contrasts in minute-by-minute maintenance frequencies. Columns show valid ward placement, valid ward clearing and control ward purchases, respectively; rows show KR–NA, KR–EUW and EUW–NA, respectively. Each estimate is the frequency in the first region minus that in the second, expressed as events per team per minute. The analysis included 2,221,452 unique matches. Frequencies were first averaged across the two teams in each match and then standardized to a reference assigning equal weights to the seven tiers and using common patch proportions within each tier. Each retained tier × patch stratum contained at least 30 matches in each of the three regions. Intervals ran from [0,1] min and (1,2] min through (9 min, t*], where t* is the timestamp of the actual state frame near 10 min; frequencies in the final interval were calculated using its actual duration. Points show differences in mean frequencies under the common reference. Inner dark shading indicates pointwise 95% confidence intervals, and outer light shading indicates Bonferroni simultaneous 95% confidence intervals covering all 90 contrasts (three regional contrasts × three components × ten intervals). Shading is linearly connected across time points and does not represent a continuous-time confidence band; the zero line indicates no regional mean difference. Holm-adjusted P values from two-sided normal-approximation tests are provided in Supplementary Table 13b."
Supplementary Figure 5a,supplementary/figures/FigureS5a.csv,Early maintenance across tiers under common patch weights,Frozen early-maintenance score units,"Supplementary Fig. 5 Early maintenance across tiers under a common patch reference and tier-specific objective associations. a, Tier-specific means of maintenance scores during the first 10 min in NA, EUW and KR. The common reference included 26 patches with at least 30 matches in each of the 21 region × tier cells, retaining 2,050,204 unique matches and 4,100,408 team records, or 92.20% of the valid-timeline sample. The same pooled patch proportions were applied to each cell, with the two teams averaged within each match; scores retained the full-timeline scoring scale. Shaded bands show pointwise 95% confidence intervals calculated from the variance of match-level means within cells under the fixed reference; some intervals are narrower than the symbols. b, ORs and match-level HC0 95% confidence intervals for associations between the early blue-minus-red maintenance difference and acquisition of the first subsequent neutral objective across the seven tiers. The three regions were pooled, with adjustment for region, patch and early game state, using the full objective sample of 2,210,921 matches and the common predictor SD. The right-hand column shows the actual match count in each tier. The grey dashed line marks OR = 1.10; the horizontal axis does not include the null value of 1. Lines in a connect tier categories; points in b are not connected. Samples are defined separately for the two panels. NA, EUW and KR are represented by purple diamonds, grey squares and vermilion circles, respectively; where regional curves are drawn, they use solid, dashed and dash-dotted lines, respectively. Ir, Br, Si, Go, Pl, Em and Di denote Iron, Bronze, Silver, Gold, Platinum, Emerald and Diamond, respectively."
Supplementary Figure 5b,supplementary/figures/FigureS5b.csv,Next-objective associations within sampling tiers,Log odds and odds ratio per common SD,"Supplementary Fig. 5 Early maintenance across tiers under a common patch reference and tier-specific objective associations. a, Tier-specific means of maintenance scores during the first 10 min in NA, EUW and KR. The common reference included 26 patches with at least 30 matches in each of the 21 region × tier cells, retaining 2,050,204 unique matches and 4,100,408 team records, or 92.20% of the valid-timeline sample. The same pooled patch proportions were applied to each cell, with the two teams averaged within each match; scores retained the full-timeline scoring scale. Shaded bands show pointwise 95% confidence intervals calculated from the variance of match-level means within cells under the fixed reference; some intervals are narrower than the symbols. b, ORs and match-level HC0 95% confidence intervals for associations between the early blue-minus-red maintenance difference and acquisition of the first subsequent neutral objective across the seven tiers. The three regions were pooled, with adjustment for region, patch and early game state, using the full objective sample of 2,210,921 matches and the common predictor SD. The right-hand column shows the actual match count in each tier. The grey dashed line marks OR = 1.10; the horizontal axis does not include the null value of 1. Lines in a connect tier categories; points in b are not connected. Samples are defined separately for the two panels. NA, EUW and KR are represented by purple diamonds, grey squares and vermilion circles, respectively; where regional curves are drawn, they use solid, dashed and dash-dotted lines, respectively. Ir, Br, Si, Go, Pl, Em and Di denote Iron, Bronze, Silver, Gold, Platinum, Emerald and Diamond, respectively."
Supplementary Figure 6a,supplementary/figures/FigureS6a.csv,Spline minus linear adjusted probabilities,Percentage points,"Supplementary Fig. 6 Functional form, behavioural components and analysis specifications. a, Adjusted probability from the restricted cubic spline specification minus that from the linear-logit specification, evaluated within the same region at the same early maintenance difference and expressed in percentage points. Both specifications used 2,210,921 matches, adjusted for region, tier, patch and early game state, and used tier and patch weights and the empirical game-state reference from 2,208,868 common-support matches. Spline knots were placed at the 5th, 35th, 65th and 95th percentiles of the pooled predictor. Curves show point estimates of the probability difference. The horizontal axis is the uncentred blue-minus-red maintenance difference divided by the common SD, with zero denoting equal team scores. b, ORs and match-level HC0 95% confidence intervals when placement, clearing and purchases were included together, with each component scaled by the SD of its own blue-minus-red difference. c, Maintenance ORs and HC0 95% confidence intervals for nine specifications covering window definitions, event or adjustment-variable definitions, and sample selection; the right-hand column shows match counts in millions. Different windows and alternative scores retain their respective scales. The horizontal axis in c does not include OR = 1. In a, NA is represented by a purple solid line, EUW by a grey dashed line and KR by a vermilion dash-dotted line; neutral colours in b,c distinguish statistical specifications rather than regions. Complete definitions and exact sample sizes are provided in Supplementary Table 15."
Supplementary Figure 6b,supplementary/figures/FigureS6b.csv,Mutually adjusted maintenance-component associations,Log odds and odds ratio per component SD,"Supplementary Fig. 6 Functional form, behavioural components and analysis specifications. a, Adjusted probability from the restricted cubic spline specification minus that from the linear-logit specification, evaluated within the same region at the same early maintenance difference and expressed in percentage points. Both specifications used 2,210,921 matches, adjusted for region, tier, patch and early game state, and used tier and patch weights and the empirical game-state reference from 2,208,868 common-support matches. Spline knots were placed at the 5th, 35th, 65th and 95th percentiles of the pooled predictor. Curves show point estimates of the probability difference. The horizontal axis is the uncentred blue-minus-red maintenance difference divided by the common SD, with zero denoting equal team scores. b, ORs and match-level HC0 95% confidence intervals when placement, clearing and purchases were included together, with each component scaled by the SD of its own blue-minus-red difference. c, Maintenance ORs and HC0 95% confidence intervals for nine specifications covering window definitions, event or adjustment-variable definitions, and sample selection; the right-hand column shows match counts in millions. Different windows and alternative scores retain their respective scales. The horizontal axis in c does not include OR = 1. In a, NA is represented by a purple solid line, EUW by a grey dashed line and KR by a vermilion dash-dotted line; neutral colours in b,c distinguish statistical specifications rather than regions. Complete definitions and exact sample sizes are provided in Supplementary Table 15."
Supplementary Figure 6c,supplementary/figures/FigureS6c.csv,Sensitivity of next-objective association,Log odds and odds ratio per score SD,"Supplementary Fig. 6 Functional form, behavioural components and analysis specifications. a, Adjusted probability from the restricted cubic spline specification minus that from the linear-logit specification, evaluated within the same region at the same early maintenance difference and expressed in percentage points. Both specifications used 2,210,921 matches, adjusted for region, tier, patch and early game state, and used tier and patch weights and the empirical game-state reference from 2,208,868 common-support matches. Spline knots were placed at the 5th, 35th, 65th and 95th percentiles of the pooled predictor. Curves show point estimates of the probability difference. The horizontal axis is the uncentred blue-minus-red maintenance difference divided by the common SD, with zero denoting equal team scores. b, ORs and match-level HC0 95% confidence intervals when placement, clearing and purchases were included together, with each component scaled by the SD of its own blue-minus-red difference. c, Maintenance ORs and HC0 95% confidence intervals for nine specifications covering window definitions, event or adjustment-variable definitions, and sample selection; the right-hand column shows match counts in millions. Different windows and alternative scores retain their respective scales. The horizontal axis in c does not include OR = 1. In a, NA is represented by a purple solid line, EUW by a grey dashed line and KR by a vermilion dash-dotted line; neutral colours in b,c distinguish statistical specifications rather than regions. Complete definitions and exact sample sizes are provided in Supplementary Table 15."
Supplementary Figure 7a,supplementary/figures/FigureS7a.csv,Timeline coverage by region and sampling tier,Matches; coverage percentage,"Supplementary Fig. 7 Timeline coverage and objective associations across patches. a, Percentage of the fixed set of unique matches in each region × tier cell with a valid window for the first 10 min. Rows show NA, EUW and KR, respectively, and the seven columns run from Iron to Diamond. Numbers are the actual percentages, and the greyscale spans 97%–100%. In total, 2,223,546 matches had valid windows, representing 99.25% of the 2,240,354 fixed matches. b, ORs and match-level HC0 pointwise 95% confidence intervals for associations between the maintenance difference and acquisition of the first subsequent neutral objective in the 42 patches with at least 1,000 valid-window matches. Estimates were adjusted for region, sampling tier and early game state and used the common predictor SD. The horizontal dashed line marks OR = 1; patches are ordered chronologically and points are not connected. c, Counts of matches with an available objective outcome, aligned exactly with b, on a logarithmic vertical axis. Complete P values for b and BH-adjusted q values within the family of 78 sensitivity tests are reported in Supplementary Table 20b; sample attrition at each stage for a is reported in Supplementary Table 20a. Ir, Br, Si, Go, Pl, Em and Di denote Iron, Bronze, Silver, Gold, Platinum, Emerald and Diamond, respectively."
Supplementary Figure 7b,supplementary/figures/FigureS7b.csv,Next-objective associations across patches,Log odds and odds ratio per common SD,"Supplementary Fig. 7 Timeline coverage and objective associations across patches. a, Percentage of the fixed set of unique matches in each region × tier cell with a valid window for the first 10 min. Rows show NA, EUW and KR, respectively, and the seven columns run from Iron to Diamond. Numbers are the actual percentages, and the greyscale spans 97%–100%. In total, 2,223,546 matches had valid windows, representing 99.25% of the 2,240,354 fixed matches. b, ORs and match-level HC0 pointwise 95% confidence intervals for associations between the maintenance difference and acquisition of the first subsequent neutral objective in the 42 patches with at least 1,000 valid-window matches. Estimates were adjusted for region, sampling tier and early game state and used the common predictor SD. The horizontal dashed line marks OR = 1; patches are ordered chronologically and points are not connected. c, Counts of matches with an available objective outcome, aligned exactly with b, on a logarithmic vertical axis. Complete P values for b and BH-adjusted q values within the family of 78 sensitivity tests are reported in Supplementary Table 20b; sample attrition at each stage for a is reported in Supplementary Table 20a. Ir, Br, Si, Go, Pl, Em and Di denote Iron, Bronze, Silver, Gold, Platinum, Emerald and Diamond, respectively."
Supplementary Figure 7c,supplementary/figures/FigureS7c.csv,Outcome sample size across patches,Unique matches,"Supplementary Fig. 7 Timeline coverage and objective associations across patches. a, Percentage of the fixed set of unique matches in each region × tier cell with a valid window for the first 10 min. Rows show NA, EUW and KR, respectively, and the seven columns run from Iron to Diamond. Numbers are the actual percentages, and the greyscale spans 97%–100%. In total, 2,223,546 matches had valid windows, representing 99.25% of the 2,240,354 fixed matches. b, ORs and match-level HC0 pointwise 95% confidence intervals for associations between the maintenance difference and acquisition of the first subsequent neutral objective in the 42 patches with at least 1,000 valid-window matches. Estimates were adjusted for region, sampling tier and early game state and used the common predictor SD. The horizontal dashed line marks OR = 1; patches are ordered chronologically and points are not connected. c, Counts of matches with an available objective outcome, aligned exactly with b, on a logarithmic vertical axis. Complete P values for b and BH-adjusted q values within the family of 78 sensitivity tests are reported in Supplementary Table 20b; sample attrition at each stage for a is reported in Supplementary Table 20a. Ir, Br, Si, Go, Pl, Em and Di denote Iron, Bronze, Silver, Gold, Platinum, Emerald and Diamond, respectively."
