measure,contrast,type,estimate,ci_low,ci_high,se,family,log10_p,log10_p_holm,p_value,p_holm
overall,NA Diamond-Iron,endpoint,0.7949740484302437,0.7802178626733518,0.813090984857576,0.008417592779153745,endpoint_processes,-1938.8715721968308,-1938.0264741568164,1.3440883077e-1939,9.4086181542e-1939
overall,NA BRONZE-IRON,adjacent,0.22230682664978862,0.20717207004470928,0.2370766994213447,0.0075457380084186275,adjacent_processes,-190.04398944049845,-188.36274820312286,9.0367144546e-191,4.3376229382e-189
overall,NA SILVER-BRONZE,adjacent,0.15967524598969057,0.1455309907523028,0.17453475446293376,0.007314399393266992,adjacent_processes,-104.92177635437415,-103.27832367788795,1.1973569672e-105,5.2683706557e-104
overall,NA GOLD-SILVER,adjacent,0.1109225964602851,0.09529046930125366,0.12477628449380684,0.007344191012657045,adjacent_processes,-50.81336639966257,-49.245164675595575,1.5368574982e-51,5.6863727432e-50
overall,NA PLATINUM-GOLD,adjacent,0.10572885189438014,0.09068241204002211,0.12073050099230925,0.00773080251039543,adjacent_processes,-41.8518566530602,-40.33334271318232,1.4065116928e-42,4.6414885861e-41
overall,NA EMERALD-PLATINUM,adjacent,0.09824741662827602,0.08225926920547323,0.11548185112759837,0.008324496593541017,adjacent_processes,-31.419970495574876,-30.03975925386327,3.8021522592e-32,9.1251654220e-31
overall,NA DIAMOND-EMERALD,adjacent,0.09809311080782318,0.08101293052527271,0.11744427599721573,0.00891738260122212,adjacent_processes,-27.418814034934503,-26.096594740200583,3.8122903087e-28,8.0058096482e-27
overall,NA BRONZE,local_change,-0.062631580660098,-0.0888228091649857,-0.03765337840006957,0.012898265600762926,local_change_processes,-5.921205776676336,-4.353004052609341,1.1989310930e-6,4.4360450443e-5
overall,NA SILVER,local_change,-0.04875264952940547,-0.0747969257528619,-0.024996671352451177,0.012592528268855489,local_change_processes,-3.965998287722989,-2.434519370680734,1.0814382150e-4,3.6768899311e-3
overall,NA GOLD,local_change,-0.005193744565904962,-0.031553922776701916,0.02122212326064114,0.013047704464816666,local_change_processes,-0.16078137965768244,0.0,6.9058735246e-1,1.0000000000e+0
overall,NA PLATINUM,local_change,-0.007481435266104106,-0.032951868608234854,0.020500534248026447,0.013844538446831225,local_change_processes,-0.22993717540466327,0.0,5.8892884304e-1,1.0000000000e+0
overall,NA EMERALD,local_change,-0.00015430582045284497,-0.03245302449001253,0.03193034798992979,0.01498186558522102,local_change_processes,-0.00358363435462283,0.0,9.9178232815e-1,1.0000000000e+0
overall,EUW Diamond-Iron,endpoint,0.8029452927321882,0.7848040787693227,0.8200222493390653,0.00908173920853752,endpoint_processes,-1699.4601782538546,-1698.8581182625267,3.4659456336e-1700,1.3863782535e-1699
overall,EUW BRONZE-IRON,adjacent,0.24657575483016686,0.23299321505566684,0.2628022213950683,0.00801254498106429,adjacent_processes,-207.22977587646307,-205.53957979643457,5.8914761451e-208,2.8868233111e-206
overall,EUW SILVER-BRONZE,adjacent,0.1678846392271362,0.15269167241797588,0.18139303829406297,0.007825115388300425,adjacent_processes,-101.38326654029295,-99.74979808471336,4.1374566805e-102,1.7791063726e-100
overall,EUW GOLD-SILVER,adjacent,0.10821215194117306,0.0930044591184856,0.12353258154346483,0.007998950705098368,adjacent_processes,-40.97278631933712,-39.46763634101721,1.0646667245e-41,3.4069335183e-40
overall,EUW PLATINUM-GOLD,adjacent,0.07002526147352588,0.054299933583034386,0.08575469483509539,0.008470168838914788,adjacent_processes,-15.863123245476242,-14.821730560318017,1.3704927882e-16,1.5075420670e-15
overall,EUW EMERALD-PLATINUM,adjacent,0.09354986245524695,0.07653396461980295,0.11087470814197278,0.008850686658884123,adjacent_processes,-25.385700742873567,-24.106947141920738,4.1143312762e-26,7.8172294247e-25
overall,EUW DIAMOND-EMERALD,adjacent,0.11669762280493923,0.09732272285508188,0.1348933748061656,0.009436901219460798,adjacent_processes,-34.39931329329693,-32.936915295397974,3.9873715579e-35,1.1563377518e-33
overall,EUW BRONZE,local_change,-0.07869111560303066,-0.10414517594539092,-0.055762143955017975,0.013696985040269425,local_change_processes,-8.036948207847473,-6.457164611230663,9.1844211954e-9,3.4900800542e-7
overall,EUW SILVER,local_change,-0.05967248728596314,-0.08358122296790842,-0.032902572501942305,0.013620253042218783,local_change_processes,-4.927934159979283,-3.383866115629007,1.1804995885e-5,4.1317485597e-4
overall,EUW GOLD,local_change,-0.038186890467647186,-0.06563682409146082,-0.012346996213680132,0.014252387132930096,local_change_processes,-2.132126095349572,-0.6550048406299098,7.3769001422e-3,2.2130700427e-1
overall,EUW PLATINUM,local_change,0.023524600981721072,-0.004377478218860042,0.051130070572025295,0.015013579713353405,local_change_processes,-0.9312917219769701,0.0,1.1714082491e-1,1.0000000000e+0
overall,EUW EMERALD,local_change,0.023147760349692292,-0.006897955914154535,0.05264837964244743,0.015754143577477762,local_change_processes,-0.8484829272039419,0.0,1.4174804337e-1,1.0000000000e+0
overall,KR Diamond-Iron,endpoint,0.8684148320102861,0.8505367120312176,0.8848173964771043,0.008753332518229585,endpoint_processes,-2139.3771447849754,-2138.4740547979836,4.1961906818e-2140,3.3569525454e-2139
overall,KR BRONZE-IRON,adjacent,0.2714973854429661,0.2559388898776778,0.2866595751057125,0.007785905033933827,adjacent_processes,-265.67946870116714,-263.96346535753236,2.0918536579e-266,1.0877639021e-264
overall,KR SILVER-BRONZE,adjacent,0.17129320964024766,0.15595898402991185,0.18603374259342176,0.007549554411001719,adjacent_processes,-113.24189068638329,-111.58867817260794,5.7294022413e-114,2.5782310086e-112
overall,KR GOLD-SILVER,adjacent,0.10798901608762213,0.09266166897016856,0.12306615365716408,0.007756393564963388,adjacent_processes,-43.335434478776044,-41.80395556173379,4.6191867547e-44,1.5705234966e-42
overall,KR PLATINUM-GOLD,adjacent,0.09806575617299701,0.08198541732963999,0.11378293732476667,0.008144019406050865,adjacent_processes,-32.667247882213246,-31.23588411805426,2.1515533423e-33,5.8091940243e-32
overall,KR EMERALD-PLATINUM,adjacent,0.09683524061713439,0.07975647282090775,0.11448077430212233,0.008635643584340026,adjacent_processes,-28.455531788078822,-27.113109107256616,3.5032264558e-29,7.7070982028e-28
overall,KR DIAMOND-EMERALD,adjacent,0.12273422404931883,0.10496347495401925,0.1405254392016152,0.00909397029343737,adjacent_processes,-40.783550421415086,-39.292188727580815,1.6460748466e-41,5.1028320245e-40
overall,KR BRONZE,local_change,-0.10020417580271845,-0.12647518552161893,-0.07520058736246715,0.013171434707980621,local_change_processes,-13.554332273043286,-11.9208638174637,2.7904081195e-14,1.1998754914e-12
overall,KR SILVER,local_change,-0.06330419355262557,-0.08847928913719125,-0.037290893304702165,0.013238010491886564,local_change_processes,-5.760555630982543,-4.204253130215255,1.7355789295e-6,6.2480841463e-5
overall,KR GOLD,local_change,-0.009923259914625115,-0.035729685982727195,0.018224931043000263,0.013727763612862556,local_change_processes,-0.32811887145958096,0.0,4.6976551071e-1,1.0000000000e+0
overall,KR PLATINUM,local_change,-0.0012305155558626213,-0.02985444934659751,0.028897501182842573,0.014532199080330531,local_change_processes,-0.03034199205904414,0.0,9.3251968422e-1,1.0000000000e+0
overall,KR EMERALD,local_change,0.02589898343218444,-0.0050640137789465045,0.056480251691085205,0.015357434588804656,local_change_processes,-1.0375539338284019,0.0,9.1716202851e-2,1.0000000000e+0
overall,KR-NA Diamond-Iron,between_region_endpoint,0.07344078358004247,0.04978167668243255,0.09596804258369096,0.012095399647380002,between_region_endpoint_processes,-8.897948719040725,-8.198978714704706,1.2648856948e-9,6.3244284740e-9
overall,KR-EUW Diamond-Iron,between_region_endpoint,0.06546953927809795,0.040506670943894506,0.0906851540767885,0.012544580968688343,between_region_endpoint_processes,-6.74487119941236,-6.142811208084398,1.7994044932e-7,7.1976179726e-7
overall,EUW-NA Diamond-Iron,between_region_endpoint,0.007971244301944541,-0.016443896769365425,0.029781056535984604,0.012325482297344564,between_region_endpoint_processes,-0.2858316768113839,-0.027848743102087403,5.1780748409e-1,9.3788859965e-1
shared_information_maintenance,NA Diamond-Iron,endpoint,0.7271313150175978,0.7117267110503751,0.7424355888091722,0.007761937442814194,endpoint_processes,-1907.7048208350404,-1906.9266695846568,1.9732366123e-1908,1.1839419674e-1907
shared_information_maintenance,NA BRONZE-IRON,adjacent,0.2639991738446108,0.24861267416781982,0.2800341855281906,0.007862612566492462,adjacent_processes,-246.43253245708817,-244.72496228099024,3.6937503801e-247,1.8838126938e-245
shared_information_maintenance,NA SILVER-BRONZE,adjacent,0.18271773185032225,0.16831755360350137,0.19618975344842848,0.00708453856446368,adjacent_processes,-145.95187223746683,-144.28911440578526,1.1171918595e-146,5.1390825538e-145
shared_information_maintenance,NA GOLD-SILVER,adjacent,0.10261588631786611,0.08962754726051017,0.11554035892700332,0.006614404238540932,adjacent_processes,-53.55449826858531,-51.9747146719685,2.7893417767e-54,1.0599498751e-52
shared_information_maintenance,NA PLATINUM-GOLD,adjacent,0.08095208620675384,0.06926550301278492,0.09375783463872267,0.006746941912222287,adjacent_processes,-32.44068626662206,-31.04274625795002,3.6250477650e-33,9.0626194126e-32
shared_information_maintenance,NA EMERALD-PLATINUM,adjacent,0.04635526244580675,0.031997437324695434,0.059539638533933285,0.006944180001249078,adjacent_processes,-10.60811510846398,-9.909145104127962,2.4653858074e-11,1.2326929037e-10
shared_information_maintenance,NA DIAMOND-EMERALD,adjacent,0.05049117435223799,0.03654844581956464,0.06461287453186075,0.007083237581830375,adjacent_processes,-11.992918025258923,-11.08982803826698,1.0164405318e-12,8.1315242544e-12
shared_information_maintenance,NA BRONZE,local_change,-0.08128144199428855,-0.10690727498869333,-0.05713383750214853,0.012945689088281915,local_change_processes,-9.466575046784133,-7.86451505545617,3.4152692918e-10,1.3661077167e-8
shared_information_maintenance,NA SILVER,local_change,-0.08010184553245614,-0.10353330814977851,-0.05662553888521008,0.011781516744964738,local_change_processes,-10.977198744474048,-9.364414887754313,1.0539044919e-11,4.3210084166e-10
shared_information_maintenance,NA GOLD,local_change,-0.02166380011111227,-0.043955411888555326,0.0007360794631379118,0.011478017411730244,local_change_processes,-1.2283807762290213,0.0,5.9104319819e-2,1.0000000000e+0
shared_information_maintenance,NA PLATINUM,local_change,-0.034596823760947096,-0.05760231134116087,-0.01241264052023632,0.011918201187785894,local_change_processes,-2.432060776835821,-0.9406990830015483,3.6977642823e-3,1.1463069275e-1
shared_information_maintenance,NA EMERALD,local_change,0.004135911906431238,-0.018457783290303034,0.029469127321316544,0.012095083863364766,local_change_processes,-0.1352583968449919,0.0,7.3238864635e-1,1.0000000000e+0
shared_information_maintenance,EUW Diamond-Iron,endpoint,0.7575395937700751,0.7413536167732239,0.7742569398803724,0.008103037559505673,endpoint_processes,-1899.951209189744,-1899.2522391854081,1.1188988056e-1900,5.5944940281e-1900
shared_information_maintenance,EUW BRONZE-IRON,adjacent,0.2921880173260561,0.278323966895161,0.3076288860300719,0.007996167816805524,adjacent_processes,-291.60596107200524,-289.88168520240447,2.4776441314e-292,1.3131513896e-290
shared_information_maintenance,EUW SILVER-BRONZE,adjacent,0.21474119387290092,0.19961017960986774,0.22867152265416174,0.007443765132833085,adjacent_processes,-182.27599848687157,-180.60390062893586,5.2966528930e-183,2.4894268597e-181
shared_information_maintenance,EUW GOLD-SILVER,adjacent,0.10428130016164006,0.08921629531624169,0.11838231211106896,0.007283334210729381,adjacent_processes,-45.77106371490756,-44.22699567055729,1.6940892441e-46,5.9293123543e-45
shared_information_maintenance,EUW PLATINUM-GOLD,adjacent,0.055087439761124915,0.041259611499472194,0.06941711241068678,0.007383406988221432,adjacent_processes,-13.066096043682792,-12.111853534243467,8.5882357274e-14,7.7294121547e-13
shared_information_maintenance,EUW EMERALD-PLATINUM,adjacent,0.0522801661778515,0.03729831463133662,0.06718440781062097,0.00749541618780626,adjacent_processes,-11.514312875536508,-10.66921483552225,3.0597583206e-12,2.1418308244e-11
shared_information_maintenance,EUW DIAMOND-EMERALD,adjacent,0.03896147647050152,0.02358075200947296,0.05353329936448508,0.00775151273047703,adjacent_processes,-6.301014967175436,-6.301014967175436,5.0001730249e-7,5.0001730249e-7
shared_information_maintenance,EUW BRONZE,local_change,-0.07744682345315516,-0.10426768632148851,-0.05361461150029366,0.013379855437271571,local_change_processes,-8.148155946178166,-6.5570913391516665,7.1095817742e-9,2.7727368919e-7
shared_information_maintenance,EUW SILVER,local_change,-0.11045989371126086,-0.13443783401424267,-0.08465654654939657,0.012634529881224951,local_change_processes,-17.64281595465878,-15.999363278172591,2.2760617760e-18,1.0014671814e-16
shared_information_maintenance,EUW GOLD,local_change,-0.04919386040051514,-0.073080217099196,-0.024799060178468123,0.012736010558712124,local_change_processes,-3.950023478835407,-2.4315095389575196,1.1219577974e-4,3.7024607313e-3
shared_information_maintenance,EUW PLATINUM,local_change,-0.0028072735832734147,-0.02817368370878986,0.022593175212076468,0.012821712822020643,local_change_processes,-0.08265655201643007,0.0,8.2669145379e-1,1.0000000000e+0
shared_information_maintenance,EUW EMERALD,local_change,-0.013318689707349979,-0.03965757068614064,0.012589672003531761,0.01320521034311109,local_change_processes,-0.5042203860741296,0.0,3.1316961177e-1,1.0000000000e+0
shared_information_maintenance,KR Diamond-Iron,endpoint,1.1483109136620573,1.1314965206340226,1.1643791837943278,0.008211103921789663,endpoint_processes,-4249.12582639656,-4248.1715838871205,7.4846863110e-4250,6.7362176799e-4249
shared_information_maintenance,KR BRONZE-IRON,adjacent,0.4003645015952421,0.3861117925655848,0.41438639215151674,0.007451331493887,adjacent_processes,-628.7275714103305,-626.9951776505076,1.8725291608e-629,1.0111657468e-627
shared_information_maintenance,KR SILVER-BRONZE,adjacent,0.23871873461812873,0.22454116636012642,0.2527510150598872,0.007296172653425395,adjacent_processes,-234.06730667293598,-232.36833666859997,8.5643286970e-235,4.2821643485e-233
shared_information_maintenance,KR GOLD-SILVER,adjacent,0.15094819113736543,0.13554185693846696,0.1649361201778091,0.007460311901186827,adjacent_processes,-90.30404125378769,-88.6807919633898,4.9654515221e-91,2.0854896393e-89
shared_information_maintenance,KR PLATINUM-GOLD,adjacent,0.11789055939982362,0.10302615277053898,0.13250502356635416,0.007842022593108167,adjacent_processes,-50.35154687080438,-48.79524437003709,4.4509542384e-51,1.6023435258e-49
shared_information_maintenance,KR EMERALD-PLATINUM,adjacent,0.10287942119203008,0.08659042663886735,0.1192482128777512,0.008197364492167536,adjacent_processes,-35.40232246191742,-33.92520120719776,3.9598390861e-36,1.1879517258e-34
shared_information_maintenance,KR DIAMOND-EMERALD,adjacent,0.1375095057194673,0.12158000643467305,0.1550653764841937,0.008513055749324601,adjacent_processes,-57.964333495978714,-56.37326888895222,1.0855916745e-58,4.2338075306e-57
shared_information_maintenance,KR BRONZE,local_change,-0.16164576697711341,-0.18708875302222477,-0.13742029250451107,0.012715174220603542,local_change_processes,-36.29939211800432,-34.646179604228976,5.0188923659e-37,2.2585015647e-35
shared_information_maintenance,KR SILVER,local_change,-0.0877705434807633,-0.11375356460969183,-0.06400912242701834,0.012747864892461496,local_change_processes,-11.238523300313313,-9.615274009915412,5.7739989383e-12,2.4250795541e-10
shared_information_maintenance,KR GOLD,local_change,-0.03305763173754181,-0.05666671944365985,-0.007451903288214884,0.013210370857593044,local_change_processes,-1.9088450880954189,-0.4464470901964628,1.2335447575e-2,3.5772797968e-1
shared_information_maintenance,KR PLATINUM,local_change,-0.01501113820779354,-0.04080589709291239,0.01198368743763065,0.013924017362518058,local_change_processes,-0.5512933940342912,0.0,2.8100018509e-1,1.0000000000e+0
shared_information_maintenance,KR EMERALD,local_change,0.03463008452743721,0.006364256497248211,0.06446637915432146,0.014442801982998334,local_change_processes,-1.7826063854584362,-0.335448354116217,1.6496568493e-2,4.6190391780e-1
shared_information_maintenance,KR-NA Diamond-Iron,between_region_endpoint,0.42117959864445953,0.3998451076737857,0.44362212747538554,0.011252177382249559,between_region_endpoint_processes,-305.911261250284,-304.95701874084466,1.2267010859e-306,1.1040309773e-305
shared_information_maintenance,KR-EUW Diamond-Iron,between_region_endpoint,0.39077131989198227,0.3678373052928754,0.4156740885678611,0.011469375796938288,between_region_endpoint_processes,-253.7002080931082,-252.79711810611624,1.9943065099e-254,1.5954452079e-253
shared_information_maintenance,EUW-NA Diamond-Iron,between_region_endpoint,0.030408278752477258,0.008562889093819886,0.052181504688089166,0.011171192250257566,between_region_endpoint_processes,-2.1878691792815426,-1.7107479245618802,6.4882984843e-3,1.9464895453e-2
team_signalling,NA Diamond-Iron,endpoint,0.8628167818428896,0.836986264097606,0.8898491733122754,0.013645386048684035,endpoint_processes,-870.0991956305928,-869.6220743758731,7.9580079635e-871,2.3874023891e-870
team_signalling,NA BRONZE-IRON,adjacent,0.1806144794549664,0.1600034916829555,0.20283644727821495,0.011105731691285843,adjacent_processes,-58.744366474819046,-57.14230648349108,1.8014969251e-59,7.2059877004e-58
team_signalling,NA SILVER-BRONZE,adjacent,0.13663276012905895,0.11327848213148756,0.1595285417027583,0.011373478365477623,adjacent_processes,-32.519121279161666,-31.104147931190848,3.0260682636e-33,7.8677774854e-32
team_signalling,NA GOLD-SILVER,adjacent,0.11922930660270409,0.09521334151037837,0.14111818903287388,0.011896459659800396,adjacent_processes,-22.91471338955329,-21.68426446817502,1.2169888813e-23,2.0688810983e-22
team_signalling,NA PLATINUM-GOLD,adjacent,0.1305056175820064,0.10590957121414023,0.1534953566991259,0.012745953978503878,adjacent_processes,-23.877384930031003,-22.622112424927696,1.3262184639e-24,2.3871932351e-23
team_signalling,NA EMERALD-PLATINUM,adjacent,0.1501395708107453,0.12336788084342444,0.17864552630263433,0.014011380202971319,adjacent_processes,-26.0652529975203,-24.76422300185632,8.6049232779e-27,1.7209846556e-25
team_signalling,NA DIAMOND-EMERALD,adjacent,0.14569504726340837,0.11556804524358431,0.177120572800803,0.015327050692111226,adjacent_processes,-20.701977748165607,-19.525886489109926,1.9861966810e-21,2.9792950215e-20
team_signalling,NA BRONZE,local_change,-0.04398171932590744,-0.08462505141183,-0.006057789265069903,0.019489365824048383,local_change_processes,-1.6193074939729648,-0.18794372981397744,2.4026610390e-2,6.4871848054e-1
team_signalling,NA SILVER,local_change,-0.017403453526354862,-0.05825026678227386,0.022479246845778095,0.020064423605225208,local_change_processes,-0.4137114573965566,0.0,3.8573455223e-1,1.0000000000e+0
team_signalling,NA GOLD,local_change,0.011276310979302318,-0.03195619239456821,0.05309507227336222,0.021324347620502736,local_change_processes,-0.22406616906715277,0.0,5.9694432927e-1,1.0000000000e+0
team_signalling,NA PLATINUM,local_change,0.0196339532287389,-0.020962798158967743,0.06619991621332183,0.023061665476987705,local_change_processes,-0.40388119772116776,0.0,3.9456522156e-1,1.0000000000e+0
team_signalling,NA EMERALD,local_change,-0.00444452354733693,-0.05682835106559082,0.04518231710161507,0.025490576544183404,local_change_processes,-0.06470289861213571,0.0,8.6158296058e-1,1.0000000000e+0
team_signalling,EUW Diamond-Iron,endpoint,0.8483509916943013,0.8194232573419367,0.8748947610823135,0.014729145186199446,endpoint_processes,-722.2198888930404,-721.9188588973765,6.0271376056e-723,1.2054275211e-722
team_signalling,EUW BRONZE-IRON,adjacent,0.20096349233427763,0.17943717940676646,0.22499937017325472,0.012158658010387137,adjacent_processes,-60.64008317754022,-59.02729932082048,2.2904289401e-61,9.3907586544e-60
team_signalling,EUW SILVER-BRONZE,adjacent,0.12102808458137147,0.09688723738954017,0.14235506903924092,0.012335219625705732,adjacent_processes,-21.99836583847882,-20.794245855822894,1.0037698842e-22,1.6060318147e-21
team_signalling,EUW GOLD-SILVER,adjacent,0.11214300372070607,0.08767192586375591,0.13715381687143147,0.012934536073035767,adjacent_processes,-17.3645650877391,-16.285383841691473,4.3195142618e-18,5.1834171142e-17
team_signalling,EUW PLATINUM-GOLD,adjacent,0.08496308318592684,0.056921555524040116,0.10943478163502497,0.013919655880675308,adjacent_processes,-8.984797543067646,-8.507676288347984,1.0356248359e-9,3.1068745076e-9
team_signalling,EUW EMERALD-PLATINUM,adjacent,0.1348195587326424,0.1055562157566587,0.16151605987827553,0.014775759162575817,adjacent_processes,-19.14175307249388,-17.995625036815643,7.2151759699e-20,1.0101246358e-18
team_signalling,EUW DIAMOND-EMERALD,adjacent,0.19443376913937693,0.1635157032964791,0.22506304734652657,0.015985219180661554,adjacent_processes,-33.3122860217987,-31.86512799045648,4.8720751465e-34,1.3641810410e-32
team_signalling,EUW BRONZE,local_change,-0.07993540775290615,-0.12002574482300604,-0.043797495849120384,0.02118780536097494,local_change_processes,-3.7918675692930033,-2.2867175909730975,1.6148509030e-4,5.1675228897e-3
team_signalling,EUW SILVER,local_change,-0.008885080860665417,-0.047257243992807084,0.03315716844845056,0.02179020394845491,local_change_processes,-0.1652913417368055,0.0,6.8345300643e-1,1.0000000000e+0
team_signalling,EUW GOLD,local_change,-0.027179920534779245,-0.0734837432722233,0.01403932270637892,0.02322643229419224,local_change_processes,-0.6163382086626801,0.0,2.4191443941e-1,1.0000000000e+0
team_signalling,EUW PLATINUM,local_change,0.04985647554671556,0.004199928908607822,0.09793545467497031,0.024884959679796058,local_change_processes,-1.3455733579554725,0.0,4.5125979529e-2,1.0000000000e+0
team_signalling,EUW EMERALD,local_change,0.059614210406734536,0.006583564163601533,0.11039860651536361,0.026498616256109046,local_change_processes,-1.6114132410560105,-0.18794372981397744,2.4467340109e-2,6.4871848054e-1
team_signalling,KR Diamond-Iron,endpoint,0.5885187503585149,0.5605742703446965,0.6145925957098873,0.013911575469662171,endpoint_processes,-390.34213083370213,-390.34213083370213,4.5485101303e-391,4.5485101303e-391
team_signalling,KR BRONZE-IRON,adjacent,0.14263026929069014,0.11838425094864731,0.16487225892224924,0.01227204789295648,adjacent_processes,-30.498644687659294,-29.1369168516417,3.1721616642e-31,7.2959718277e-30
team_signalling,KR SILVER-BRONZE,adjacent,0.1038676846623666,0.0793156679163176,0.12733978492328,0.011751440217051247,adjacent_processes,-18.014026845284054,-16.900083492977217,9.6821800542e-19,1.2586834070e-17
team_signalling,KR GOLD-SILVER,adjacent,0.0650298410378788,0.042182784788968954,0.08845485623056795,0.01206367327424002,adjacent_processes,-7.153402272476818,-6.852372276812837,7.0242138898e-8,1.4048427780e-7
team_signalling,KR PLATINUM-GOLD,adjacent,0.07824095294617042,0.05245169648568537,0.10443287608900041,0.01266993028219392,adjacent_processes,-9.180278521854586,-8.578218530526623,6.6026986775e-10,2.6410794710e-9
team_signalling,KR EMERALD-PLATINUM,adjacent,0.09079106004223869,0.0639722743095312,0.11839571981786269,0.013475865897664276,adjacent_processes,-10.792236801408707,-10.014085551025063,1.6134785590e-11,9.6808713543e-11
team_signalling,KR DIAMOND-EMERALD,adjacent,0.10795894237917025,0.08123760736050471,0.13522083831848464,0.014313357494599797,adjacent_processes,-13.336358847881199,-12.336358847881199,4.6093655553e-14,4.6093655553e-13
team_signalling,KR BRONZE,local_change,-0.03876258462832355,-0.07773347818163223,0.0019907904898646845,0.020584726563217696,local_change_processes,-1.224096963301268,0.0,5.9690200363e-2,1.0000000000e+0
team_signalling,KR SILVER,local_change,-0.03883784362448778,-0.07756534881870819,0.00260036940199942,0.020605540436001313,local_change_processes,-1.2258230846450673,0.0,5.9453430037e-2,1.0000000000e+0
team_signalling,KR GOLD,local_change,0.01321111190829162,-0.02813620810281496,0.057947797396226707,0.021339971792971375,local_change_processes,-0.27094474907955957,0.0,5.3586482587e-1,1.0000000000e+0
team_signalling,KR PLATINUM,local_change,0.012550107096068297,-0.033019790925516726,0.05920127195716418,0.022642621352440575,local_change_processes,-0.23702552554135917,0.0,5.7939464166e-1,1.0000000000e+0
team_signalling,KR EMERALD,local_change,0.01716788233693156,-0.03035812229438229,0.06642064899788741,0.02405255670162205,local_change_processes,-0.3229661566696588,0.0,4.7537226890e-1,1.0000000000e+0
team_signalling,KR-NA Diamond-Iron,between_region_endpoint,-0.2742980314843746,-0.31255475986211484,-0.2380611821137197,0.019401641595510503,between_region_endpoint_processes,-44.65388954919678,-43.80879150918253,2.2187606285e-45,1.5531324400e-44
team_signalling,KR-EUW Diamond-Iron,between_region_endpoint,-0.2598322413357864,-0.2985411618698846,-0.2220479316214322,0.020135614780347918,between_region_endpoint_processes,-37.36987488889378,-36.59172363851014,4.2670242509e-38,2.5602145506e-37
team_signalling,EUW-NA Diamond-Iron,between_region_endpoint,-0.014465790148588176,-0.052775461384675044,0.02228257376649843,0.019974915484999817,between_region_endpoint_processes,-0.3288787387660686,-0.027848743102087403,4.6894429983e-1,9.3788859965e-1
enemy_missing_pings_pm,NA Diamond-Iron,endpoint,1.2677838788763023,1.222710647980151,1.3141211768033305,0.02400475993601093,endpoint_nine_signals,-607.5104444940711,-606.112504485399,3.0871341782e-608,7.7178354455e-607
enemy_missing_pings_pm,NA BRONZE-IRON,adjacent,0.34792442658183553,0.31305432483165824,0.38151789888081356,0.01737206711161033,adjacent_nine_signals,-88.50137188816089,-86.30271480120646,3.1523041363e-89,4.9806405353e-87
enemy_missing_pings_pm,NA SILVER-BRONZE,adjacent,0.26146922090927327,0.22429142901224727,0.3016428744184373,0.019385055058136657,adjacent_nine_signals,-40.7362162240228,-38.557239276729625,1.8356242059e-41,2.7717925508e-39
enemy_missing_pings_pm,NA GOLD-SILVER,adjacent,0.17035479133156928,0.12455722706332181,0.21302768546840126,0.021100246759112946,adjacent_nine_signals,-15.165836951501928,-13.055247241202679,6.8259491473e-16,8.8054744000e-14
enemy_missing_pings_pm,NA PLATINUM-GOLD,adjacent,0.1558750054458875,0.1113928136293742,0.1990239182954973,0.022743514573206065,adjacent_nine_signals,-11.142588651633378,-9.07813066240646,7.2013073744e-12,8.3535165543e-10
enemy_missing_pings_pm,NA EMERALD-PLATINUM,adjacent,0.16902908838263864,0.11530830562978517,0.2186036073300456,0.024591272107175346,adjacent_nine_signals,-11.203231382515254,-9.135045520769092,6.2628010755e-12,7.3274772584e-10
enemy_missing_pings_pm,NA DIAMOND-EMERALD,adjacent,0.16313134622509806,0.10884779123835156,0.22010177489336133,0.027517438814712306,adjacent_nine_signals,-8.514127723302344,-6.497094384003564,3.0610630617e-9,3.1835055842e-7
enemy_missing_pings_pm,NA BRONZE,local_change,-0.08645520567256226,-0.15045841823706604,-0.024265574443120465,0.03173103925742017,local_change_nine_signals,-2.1912866924822603,-0.10492686180751187,6.4374416791e-3,7.8536788485e-1
enemy_missing_pings_pm,NA SILVER,local_change,-0.09111442957770399,-0.1666128897335708,-0.02036177552050759,0.035267959053711065,local_change_nine_signals,-2.009633517777572,0.0,9.7806221698e-3,1.0000000000e+0
enemy_missing_pings_pm,NA GOLD,local_change,-0.014479785885681773,-0.08962803613223058,0.05942168358967781,0.0378087380542855,local_change_nine_signals,-0.15382463020271936,0.0,7.0173860599e-1,1.0000000000e+0
enemy_missing_pings_pm,NA PLATINUM,local_change,0.013154082936751132,-0.07194330968701323,0.09629114868347896,0.041069713232119165,local_change_nine_signals,-0.12566258218009693,0.0,7.4875100413e-1,1.0000000000e+0
enemy_missing_pings_pm,NA EMERALD,local_change,-0.005897742157540575,-0.09245353158640025,0.09392463528342855,0.0447718213468284,local_change_nine_signals,-0.04808053932709679,0.0,8.9519873675e-1,1.0000000000e+0
enemy_missing_pings_pm,EUW Diamond-Iron,endpoint,1.1051635570281253,1.0575085803865676,1.1505302449522674,0.02363438490539053,endpoint_nine_signals,-476.57700514779884,-475.2547858530649,2.6484687455e-477,5.5617843655e-476
enemy_missing_pings_pm,EUW BRONZE-IRON,adjacent,0.41873409542516526,0.3835180212798321,0.4559627089657473,0.01986474220890602,adjacent_nine_signals,-97.90906412494957,-95.70223824891772,1.2329227749e-98,1.9850056675e-96
enemy_missing_pings_pm,EUW SILVER-BRONZE,adjacent,0.17300159433456486,0.13178337527823786,0.20931428233180763,0.02028907698803797,adjacent_nine_signals,-16.822731136982902,-14.707521725886373,1.5040728193e-17,1.9610030725e-15
enemy_missing_pings_pm,EUW GOLD-SILVER,adjacent,0.10103169369906428,0.06241591187688145,0.14215195606308673,0.020840128426833016,adjacent_nine_signals,-5.903959196895458,-3.984881104519384,1.2475007147e-6,1.0354255932e-4
enemy_missing_pings_pm,EUW PLATINUM-GOLD,adjacent,0.09088969261625923,0.05034367900334459,0.13334198132308378,0.02251129996726706,adjacent_nine_signals,-4.267440736206435,-2.4458272613105883,5.4020582618e-5,3.5823889669e-3
enemy_missing_pings_pm,EUW EMERALD-PLATINUM,adjacent,0.11650641676214457,0.06941293045635148,0.16329888824399025,0.024011708589754887,adjacent_nine_signals,-5.912994962454044,-3.9887156763921623,1.2218138324e-6,1.0263236192e-4
enemy_missing_pings_pm,EUW DIAMOND-EMERALD,adjacent,0.2050000641909271,0.1544317170760185,0.25419158425479854,0.025737414853521736,adjacent_nine_signals,-14.782139629907158,-12.678335908951201,1.6514307618e-15,2.0973170675e-13
enemy_missing_pings_pm,EUW BRONZE,local_change,-0.2457325010906004,-0.31417109614230493,-0.18261867193247502,0.034948116211505585,local_change_nine_signals,-11.689217513716807,-9.5588837452218,2.0454199442e-12,2.7613169246e-10
enemy_missing_pings_pm,EUW SILVER,local_change,-0.07196990063550057,-0.1364004875318276,-0.0013656945420046165,0.035410484226189774,local_change_nine_signals,-1.3756300747533372,0.0,4.2108514942e-2,1.0000000000e+0
enemy_missing_pings_pm,EUW GOLD,local_change,-0.010142001082805052,-0.08057960398987589,0.05875544522568922,0.03741732775249231,local_change_nine_signals,-0.10438307627854354,0.0,7.8635186966e-1,1.0000000000e+0
enemy_missing_pings_pm,EUW PLATINUM,local_change,0.02561672414588534,-0.0497215605155925,0.10182747787545894,0.04040281605823897,local_change_nine_signals,-0.27896538173450336,0.0,5.2605919769e-1,1.0000000000e+0
enemy_missing_pings_pm,EUW EMERALD,local_change,0.08849364742878252,0.0011546302826315922,0.1693791747191355,0.04286435833600871,local_change_nine_signals,-1.4092702968976072,0.0,3.8969936946e-2,1.0000000000e+0
enemy_missing_pings_pm,KR Diamond-Iron,endpoint,0.5591637487271872,0.5056315313417917,0.6063434117443127,0.026310939180530683,endpoint_nine_signals,-99.50171541895004,-98.38777206664321,3.1498116216e-100,4.0947551081e-99
enemy_missing_pings_pm,KR BRONZE-IRON,adjacent,0.2792612470240772,0.23241350481715387,0.3259731396431339,0.023842831498194366,adjacent_nine_signals,-30.959102553675738,-28.78884083828078,1.0987463524e-31,1.6261446016e-29
enemy_missing_pings_pm,KR SILVER-BRONZE,adjacent,0.03859016972659579,-0.008653175793112654,0.08124043631691213,0.023211224076202797,adjacent_nine_signals,-1.0159250670647146,0.0,9.6399533651e-2,1.0000000000e+0
enemy_missing_pings_pm,KR GOLD-SILVER,adjacent,-0.015338901199265287,-0.06045147015391806,0.02956539578033382,0.023100245741526453,adjacent_nine_signals,-0.29526542766874553,0.0,5.0668094554e-1,1.0000000000e+0
enemy_missing_pings_pm,KR PLATINUM-GOLD,adjacent,0.0420139143968683,-0.001585501207338913,0.09009697904004885,0.023754319273676296,adjacent_nine_signals,-1.11381161962028,0.0,7.6946413210e-2,1.0000000000e+0
enemy_missing_pings_pm,KR EMERALD-PLATINUM,adjacent,0.07997979806434952,0.027721637882876893,0.13037604573911277,0.025242047607579855,adjacent_nine_signals,-2.81468449101645,-1.0986811473816507,1.5322001799e-3,7.9674409353e-2
enemy_missing_pings_pm,KR DIAMOND-EMERALD,adjacent,0.13465752071456172,0.08778377120521896,0.18639468838134982,0.026778970638164392,adjacent_nine_signals,-6.305936619759295,-4.371438168515728,4.9438283116e-7,4.2516923480e-5
enemy_missing_pings_pm,KR BRONZE,local_change,-0.24067107729748138,-0.3242266039484765,-0.16283638612247586,0.04051580301134848,local_change_nine_signals,-8.54559277060197,-6.421741129634885,2.8471295536e-9,3.7866823063e-7
enemy_missing_pings_pm,KR SILVER,local_change,-0.05392907092586108,-0.13099348716053208,0.025588600187150725,0.04019891112329929,local_change_nine_signals,-0.7453548807029711,0.0,1.7974015807e-1,1.0000000000e+0
enemy_missing_pings_pm,KR GOLD,local_change,0.05735281559613359,-0.02163833949820532,0.14328566353474098,0.04022572128704992,local_change_nine_signals,-0.8126671752490474,0.0,1.5393338682e-1,1.0000000000e+0
enemy_missing_pings_pm,KR PLATINUM,local_change,0.037965883667481215,-0.05151223783130104,0.1180304988083602,0.04249723079478954,local_change_nine_signals,-0.42985722440315466,0.0,3.7165739248e-1,1.0000000000e+0
enemy_missing_pings_pm,KR EMERALD,local_change,0.0546777226502122,-0.030431000133277864,0.14245753835755276,0.04495334716252556,local_change_nine_signals,-0.6500187000572951,0.0,2.2386247447e-1,1.0000000000e+0
enemy_missing_pings_pm,KR-NA Diamond-Iron,between_region_endpoint,-0.7086201301491146,-0.7779955324515498,-0.6390310421610106,0.03543192298174161,between_region_endpoint_nine_signals,-88.2545608814741,-86.83958753350329,5.5646662064e-89,1.4468132137e-87
enemy_missing_pings_pm,KR-EUW Diamond-Iron,between_region_endpoint,-0.5459998083009381,-0.612900367734434,-0.4783821950665263,0.035103881488887684,between_region_endpoint_nine_signals,-53.82428889837282,-52.48186621755062,1.4986875573e-54,3.2971126260e-53
enemy_missing_pings_pm,EUW-NA Diamond-Iron,between_region_endpoint,-0.16262032184817699,-0.22556380807311527,-0.09768473582768941,0.03347378958813233,between_region_endpoint_nine_signals,-5.926302799266616,-4.926302799266616,1.1849422933e-6,1.1849422933e-5
enemy_vision_pings_pm,NA Diamond-Iron,endpoint,0.9397484745814239,0.9048172575159542,0.9779690771637422,0.01840149146220984,endpoint_nine_signals,-568.1389375601576,-566.7587263184461,7.2621035941e-569,1.7429048626e-567
enemy_vision_pings_pm,NA BRONZE-IRON,adjacent,0.14506969550709123,0.1265869058676342,0.16456727441952734,0.01020276254124029,adjacent_nine_signals,-45.153812996133354,-42.96912156531575,7.0175740472e-46,1.0736888292e-43
enemy_vision_pings_pm,NA SILVER-BRONZE,adjacent,0.21117672168050744,0.1868964047575812,0.23604814520500783,0.013058032668757102,adjacent_nine_signals,-58.10096200481092,-55.90783740645646,7.9257066720e-59,1.2364102408e-56
enemy_vision_pings_pm,NA GOLD-SILVER,adjacent,0.1598048434378384,0.12923532704052904,0.18788303272149992,0.01564561634828694,adjacent_nine_signals,-23.765530347384736,-21.616311234729356,1.7158118094e-24,2.4192946513e-22
enemy_vision_pings_pm,NA PLATINUM-GOLD,adjacent,0.13001600811096614,0.09728416511562965,0.16218493245735457,0.01769777048850018,adjacent_nine_signals,-12.691390318807459,-10.60503048813271,2.0352121243e-13,2.4829587917e-11
enemy_vision_pings_pm,NA EMERALD-PLATINUM,adjacent,0.16093561217401386,0.12059939210680842,0.20136749835253995,0.019973987653917995,adjacent_nine_signals,-15.107774198558598,-13.00056422891073,7.8023567070e-16,9.9870165850e-14
enemy_vision_pings_pm,NA DIAMOND-EMERALD,adjacent,0.1327455936710068,0.08963477385961992,0.1795426184130078,0.022910310173717734,adjacent_nine_signals,-8.163224855553928,-6.167589660956378,6.8671280306e-9,6.7984567503e-7
enemy_vision_pings_pm,NA BRONZE,local_change,0.06610702617341624,0.02618149263733077,0.1049924559588094,0.02021790903882305,local_change_nine_signals,-2.9679793419213274,-0.8676087968037645,1.0765164191e-3,1.3564106880e-1
enemy_vision_pings_pm,NA SILVER,local_change,-0.05137187824266903,-0.10147868353506045,-0.0053864838380183865,0.02494296854321538,local_change_nine_signals,-1.4040705035301075,0.0,3.9439327093e-2,1.0000000000e+0
enemy_vision_pings_pm,NA GOLD,local_change,-0.029788835326872265,-0.0817690581765761,0.025169298315729213,0.028969096220138688,local_change_nine_signals,-0.5173977462836347,0.0,3.0381013223e-1,1.0000000000e+0
enemy_vision_pings_pm,NA PLATINUM,local_change,0.030919604063047723,-0.03251330230541925,0.09467588532212229,0.03249058950611655,local_change_nine_signals,-0.4668948417182898,0.0,3.4127553667e-1,1.0000000000e+0
enemy_vision_pings_pm,NA EMERALD,local_change,-0.028190018503007064,-0.10368449685837179,0.04741083959489097,0.037096797114461996,local_change_nine_signals,-0.3493896984165119,0.0,4.4731174506e-1,1.0000000000e+0
enemy_vision_pings_pm,EUW Diamond-Iron,endpoint,1.040675530399668,1.0014028953183056,1.0798679618560065,0.020807010104668112,endpoint_nine_signals,-545.0046989224595,-543.6429710864419,9.8923865328e-546,2.2752489025e-544
enemy_vision_pings_pm,EUW BRONZE-IRON,adjacent,0.14165534559111176,0.12257039154132274,0.161883500777379,0.01058589233886803,adjacent_nine_signals,-40.110453877592455,-37.934362618536774,7.7543629092e-41,1.1631544364e-38
enemy_vision_pings_pm,EUW SILVER-BRONZE,adjacent,0.23106951114665247,0.20076420321159139,0.257718919346194,0.014377793160246611,adjacent_nine_signals,-57.39186313060819,-55.2015314324379,4.0563635299e-58,6.2873634714e-56
enemy_vision_pings_pm,EUW GOLD-SILVER,adjacent,0.17660327247884455,0.1416804499166285,0.21324012751197863,0.018305103787578283,adjacent_nine_signals,-21.29894610366082,-19.162225536504415,5.0240493456e-22,6.8829476035e-20
enemy_vision_pings_pm,EUW PLATINUM-GOLD,adjacent,0.1281103175408722,0.0845943091477929,0.16950989481040504,0.021342232620665477,adjacent_nine_signals,-8.711969245299047,-6.690779946229108,1.9410233269e-9,2.0380744933e-7
enemy_vision_pings_pm,EUW EMERALD-PLATINUM,adjacent,0.14732466076207162,0.10253262801811258,0.1918435790836338,0.02270354810782248,adjacent_nine_signals,-10.063615958336154,-8.006711106999681,8.6374200738e-11,9.8466588841e-9
enemy_vision_pings_pm,EUW DIAMOND-EMERALD,adjacent,0.21591242288011547,0.1683302607399062,0.26267560433963366,0.025319891096951864,adjacent_nine_signals,-16.82479302154214,-14.707521725886373,1.4969489103e-17,1.9610030725e-15
enemy_vision_pings_pm,EUW BRONZE,local_change,0.08941416555554071,0.04537501291159379,0.12761533426888574,0.021458977143279396,local_change_nine_signals,-4.510077007221998,-2.3928057115662336,3.0897475233e-5,4.0475692555e-3
enemy_vision_pings_pm,EUW SILVER,local_change,-0.054466238667807976,-0.11021895072896905,0.003914474056790927,0.028490423763740603,local_change_nine_signals,-1.252512453752606,0.0,5.5909749476e-2,1.0000000000e+0
enemy_vision_pings_pm,EUW GOLD,local_change,-0.04849295493797234,-0.11637005394099137,0.01826084482668944,0.03446274343658816,local_change_nine_signals,-0.7975278930934834,0.0,1.5939405046e-1,1.0000000000e+0
enemy_vision_pings_pm,EUW PLATINUM,local_change,0.019214343221199526,-0.060073024259985695,0.09702273757083822,0.038448344065395254,local_change_nine_signals,-0.20953531964494546,0.0,6.1725509066e-1,1.0000000000e+0
enemy_vision_pings_pm,EUW EMERALD,local_change,0.06858776211804385,-0.008772833063051683,0.1506280190954717,0.04093685002364217,local_change_nine_signals,-1.0275869439696008,0.0,9.3845414320e-2,1.0000000000e+0
enemy_vision_pings_pm,KR Diamond-Iron,endpoint,0.8881252543208946,0.8511280997510848,0.9245692348863539,0.01902092302532828,endpoint_nine_signals,-475.1798466803215,-473.8788166846575,6.6092673485e-476,1.3218534697e-474
enemy_vision_pings_pm,KR BRONZE-IRON,adjacent,0.2630278692778526,0.24299884349616732,0.2827848850834954,0.010415484725324,adjacent_nine_signals,-139.98483013334965,-137.77531511880701,1.0355471235e-140,1.6775863401e-138
enemy_vision_pings_pm,KR SILVER-BRONZE,adjacent,0.17716830978953518,0.14808785357136262,0.20422188948733203,0.014184690674787465,adjacent_nine_signals,-35.072940550008255,-32.89975428159598,8.4539456217e-36,1.2596378976e-33
enemy_vision_pings_pm,KR GOLD-SILVER,adjacent,0.12591067702749625,0.09380699979449617,0.160844650834618,0.01718899874850442,adjacent_nine_signals,-12.622023802284607,-10.539238431968156,2.3876804182e-13,2.8890933061e-11
enemy_vision_pings_pm,KR PLATINUM-GOLD,adjacent,0.10936547300272403,0.07233235412691567,0.1464175834301874,0.019805321852147183,adjacent_nine_signals,-7.4748052278370025,-5.497081622548155,3.3511569797e-8,3.1835991308e-6
enemy_vision_pings_pm,KR EMERALD-PLATINUM,adjacent,0.1237230050949103,0.07842389513853791,0.16585977411544936,0.022557435500909755,adjacent_nine_signals,-7.383063403444609,-5.409935549844911,4.1393923866e-8,3.8910288434e-6
enemy_vision_pings_pm,KR DIAMOND-EMERALD,adjacent,0.0889299201283762,0.03710952344393368,0.13444813215112283,0.024822724152768316,adjacent_nine_signals,-3.4682786842747353,-1.6901274338910917,3.4018982179e-4,2.0411389307e-2
enemy_vision_pings_pm,KR BRONZE,local_change,-0.08585955948831736,-0.129483291713214,-0.04455569141791896,0.02160070360428146,local_change_nine_signals,-4.152281844653913,-2.0383384923470764,7.0423589175e-5,9.1550665928e-3
enemy_vision_pings_pm,KR SILVER,local_change,-0.05125763276203893,-0.10309236428987228,0.0035139177667600327,0.027231825166693438,local_change_nine_signals,-1.2233028879187082,0.0,5.9799439323e-2,1.0000000000e+0
enemy_vision_pings_pm,KR GOLD,local_change,-0.01654520402477222,-0.07932197927766549,0.04214909319245701,0.03212489699159943,local_change_nine_signals,-0.21714496879532247,0.0,6.0653383299e-1,1.0000000000e+0
enemy_vision_pings_pm,KR PLATINUM,local_change,0.014357532092186265,-0.05932086641375579,0.08210263620533696,0.03657982376466572,local_change_nine_signals,-0.1582090805148429,0.0,6.9468979557e-1,1.0000000000e+0
enemy_vision_pings_pm,KR EMERALD,local_change,-0.034793084966534105,-0.11558070309585164,0.045800908087881585,0.04126993295035653,local_change_nine_signals,-0.3988158437604945,0.0,3.9919413893e-1,1.0000000000e+0
enemy_vision_pings_pm,KR-NA Diamond-Iron,between_region_endpoint,-0.051623220260529346,-0.10189861202175576,-0.0008651119312608049,0.026254670274343327,between_region_endpoint_nine_signals,-1.30741875951046,-0.6084487551744412,4.9269850046e-2,2.4634925023e-1
enemy_vision_pings_pm,KR-EUW Diamond-Iron,between_region_endpoint,-0.15255027607877358,-0.20355186848082893,-0.09879763005434077,0.027863460825075077,between_region_endpoint_nine_signals,-7.358819246647351,-6.279638000599726,4.3770423975e-8,5.2524508770e-7
enemy_vision_pings_pm,EUW-NA Diamond-Iron,between_region_endpoint,0.10092705581824402,0.04766763062966834,0.15422019264171888,0.027497961630059586,between_region_endpoint_nine_signals,-3.615787133564525,-2.712697146572581,2.4222159882e-4,1.9377727906e-3
command_pings_pm,NA Diamond-Iron,endpoint,0.9045543512202479,0.8466235237980947,0.9612399047817687,0.028516523933067216,endpoint_nine_signals,-220.0892823922287,-218.85883347085044,8.1417470931e-221,1.3840970058e-219
command_pings_pm,NA BRONZE-IRON,adjacent,0.054972191369544565,0.007596062034426796,0.10155017029305571,0.023822874340563644,adjacent_nine_signals,-1.6772673411198924,-0.0862027340933933,2.1024838034e-2,8.1996868334e-1
command_pings_pm,NA SILVER-BRONZE,adjacent,0.11803733359665924,0.07207764894956827,0.16254579138934794,0.02287981803640531,adjacent_nine_signals,-6.605107430434349,-4.650864920995024,2.4825189343e-7,2.2342670409e-5
command_pings_pm,NA GOLD-SILVER,adjacent,0.14262297689649772,0.09705475360062187,0.19016917897734162,0.023415958273206246,adjacent_nine_signals,-8.94955790225725,-6.9161341467703,1.1231612144e-9,1.2130141115e-7
command_pings_pm,NA PLATINUM-GOLD,adjacent,0.20087044576320578,0.15011534218313444,0.24778352330457598,0.025321395919504767,adjacent_nine_signals,-14.669181300162666,-12.568810755045103,2.1419962187e-15,2.6989152356e-13
command_pings_pm,NA EMERALD-PLATINUM,adjacent,0.19780924719300086,0.14061867126218275,0.25185713827129896,0.02785510694825101,adjacent_nine_signals,-11.908221417756456,-9.83633941045033,1.2353174670e-12,1.4576746110e-10
command_pings_pm,NA DIAMOND-EMERALD,adjacent,0.19024215640133968,0.13305052901478098,0.24725892365506827,0.030609646660783457,adjacent_nine_signals,-9.289963366138402,-7.248570680980176,5.1290464700e-10,5.6419511170e-8
command_pings_pm,NA BRONZE,local_change,0.06306514222711468,-0.01711923833774538,0.14043957817004948,0.0403363958007945,local_change_nine_signals,-0.9283397214773667,0.0,1.1793977055e-1,1.0000000000e+0
command_pings_pm,NA SILVER,local_change,0.024585643299838478,-0.05492998748087819,0.10308999198825672,0.03978468625929799,local_change_nine_signals,-0.27035195469257006,0.0,5.3659675908e-1,1.0000000000e+0
command_pings_pm,NA GOLD,local_change,0.05824746886670806,-0.02963663322127435,0.13780432836210105,0.04208695723481,local_change_nine_signals,-0.7789384095061077,0.0,1.6636485679e-1,1.0000000000e+0
command_pings_pm,NA PLATINUM,local_change,-0.003061198570204926,-0.09550627139178336,0.08862507000648442,0.04595512674695691,local_change_nine_signals,-0.023700481676119385,0.0,9.4688997445e-1,1.0000000000e+0
command_pings_pm,NA EMERALD,local_change,-0.00756709079166118,-0.10376348572957964,0.08973260622988044,0.05064676413334583,local_change_nine_signals,-0.05491034230111316,0.0,8.8123077946e-1,1.0000000000e+0
command_pings_pm,EUW Diamond-Iron,endpoint,0.9692126764287476,0.9142214164315154,1.0269471703288802,0.029118108867253766,endpoint_nine_signals,-242.20438279942115,-240.94911029431785,6.2462189069e-243,1.1243194032e-241
command_pings_pm,EUW BRONZE-IRON,adjacent,0.15944556354060668,0.11286403846086736,0.20899815188516202,0.0254408057556431,adjacent_nine_signals,-9.4349497918383,-7.389626813051642,3.6732476393e-10,4.0773048796e-8
command_pings_pm,EUW SILVER-BRONZE,adjacent,0.19494878809674066,0.1437301882692623,0.2433963105705108,0.025242034236938108,adjacent_nine_signals,-13.945148535075802,-11.851726849913566,1.1346226917e-14,1.4069321377e-12
command_pings_pm,EUW GOLD-SILVER,adjacent,0.15449826546606205,0.1017370262665307,0.20481618461611964,0.026163794258623696,adjacent_nine_signals,-8.452766878974488,-6.440560597334067,3.5256006780e-9,3.6260968760e-7
command_pings_pm,EUW PLATINUM-GOLD,adjacent,0.09726964582174369,0.04349358008078575,0.14565024074675814,0.026555762602841013,adjacent_nine_signals,-3.603052446030247,-1.7968724720463598,2.4942934943e-4,1.5963478363e-2
command_pings_pm,EUW EMERALD-PLATINUM,adjacent,0.16727794207394608,0.11319573950808946,0.21867230087371536,0.027527751768475807,adjacent_nine_signals,-8.911228007282855,-6.88332520684771,1.2267949871e-9,1.3082019530e-7
command_pings_pm,EUW DIAMOND-EMERALD,adjacent,0.1957724714296485,0.1371293376023537,0.251687110747521,0.029969848309530478,adjacent_nine_signals,-10.18868624885108,-8.127988408497469,6.4761030555e-11,7.4475185138e-9
command_pings_pm,EUW BRONZE,local_change,0.03550322455613397,-0.05423775283782272,0.11471711929614863,0.04350805474374654,local_change_nine_signals,-0.3824843016354753,0.0,4.1449156632e-1,1.0000000000e+0
command_pings_pm,EUW SILVER,local_change,-0.04045052263067861,-0.13083154853265924,0.050195620965103716,0.04456910650095529,local_change_nine_signals,-0.43878609715943223,0.0,3.6409431916e-1,1.0000000000e+0
command_pings_pm,EUW GOLD,local_change,-0.05722861964431836,-0.14780934364102583,0.030242421012397856,0.045716731457350494,local_change_nine_signals,-0.6764603086176948,0.0,2.1063943994e-1,1.0000000000e+0
command_pings_pm,EUW PLATINUM,local_change,0.0700082962522024,-0.021695757856385167,0.16170210065113258,0.046514296714094135,local_change_nine_signals,-0.8784387659848804,0.0,1.3230042339e-1,1.0000000000e+0
command_pings_pm,EUW EMERALD,local_change,0.028494529355702403,-0.06845538912166466,0.12312581503193433,0.04964408012693497,local_change_nine_signals,-0.24719601037441538,0.0,5.6598378560e-1,1.0000000000e+0
command_pings_pm,KR Diamond-Iron,endpoint,1.8184906116574906,1.7462162336724734,1.888306330980875,0.03662305898084383,endpoint_nine_signals,-537.180437523914,-535.8380148430917,6.6002817678e-538,1.4520619889e-536
command_pings_pm,KR BRONZE-IRON,adjacent,0.28536845913430153,0.23046125864061906,0.33711838256615345,0.027607391579131384,adjacent_nine_signals,-24.317884401086257,-22.1655960567032,4.8096735354e-25,6.8297364203e-23
command_pings_pm,KR SILVER-BRONZE,adjacent,0.40735970448248726,0.35435602668539623,0.4603964964540721,0.028205912926748157,adjacent_nine_signals,-46.55265551518965,-44.36513479435319,2.8012023680e-47,4.3138516467e-45
command_pings_pm,KR GOLD-SILVER,adjacent,0.3151281774162227,0.24966448223902984,0.37513502077066646,0.03317711930027348,adjacent_nine_signals,-20.671162788117922,-18.537623879747706,2.1322455263e-21,2.8998539158e-19
command_pings_pm,KR PLATINUM-GOLD,adjacent,0.28782132141314687,0.21952157935680783,0.35490890546017645,0.03716551392042174,adjacent_nine_signals,-14.01727184262788,-11.920361829619823,9.6101055438e-15,1.2012631930e-12
command_pings_pm,KR EMERALD-PLATINUM,adjacent,0.22702294056015315,0.15602262626856148,0.3045826398525648,0.03900579792977901,adjacent_nine_signals,-8.230883680298499,-6.230883680298499,5.8764672441e-9,5.8764672441e-7
command_pings_pm,KR DIAMOND-EMERALD,adjacent,0.2957900086511791,0.21201510065396872,0.37900121413410565,0.0414401859544721,adjacent_nine_signals,-12.022891139373755,-9.947344177981224,9.4865622448e-13,1.1289009071e-10
command_pings_pm,KR BRONZE,local_change,0.12199124534818573,0.0313801969634889,0.21928233686807874,0.04761124989226499,local_change_nine_signals,-1.9829637199494512,0.0,1.0400070422e-2,1.0000000000e+0
command_pings_pm,KR SILVER,local_change,-0.09223152706626458,-0.19707295466822045,0.0009945901688652732,0.05268196762738195,local_change_nine_signals,-1.0969444696215256,0.0,7.9993653109e-2,1.0000000000e+0
command_pings_pm,KR GOLD,local_change,-0.027306856003075808,-0.13890780305298928,0.09318211748942883,0.06163080489559396,local_change_nine_signals,-0.18196292325901542,0.0,6.5771398555e-1,1.0000000000e+0
command_pings_pm,KR PLATINUM,local_change,-0.060798380852993716,-0.18328560840756575,0.0682947562179205,0.06589617341939509,local_change_nine_signals,-0.44831174932667983,0.0,3.5619535415e-1,1.0000000000e+0
command_pings_pm,KR EMERALD,local_change,0.06876706809102595,-0.07019180631826778,0.20055410264227594,0.06951647035297535,local_change_nine_signals,-0.4913953886057437,0.0,3.2255561869e-1,1.0000000000e+0
command_pings_pm,KR-NA Diamond-Iron,between_region_endpoint,0.913936260437243,0.828212529868109,1.00286137521523,0.04623814258261736,between_region_endpoint_nine_signals,-86.23209371055354,-84.8341537018815,5.8601170330e-87,1.4650292583e-85
command_pings_pm,KR-EUW Diamond-Iron,between_region_endpoint,0.8492779352287427,0.7632501193989045,0.9391586864985374,0.04646700588614862,between_region_endpoint_nine_signals,-73.89909549389876,-72.53736765788116,1.2615501109e-74,2.9015652550e-73
command_pings_pm,EUW-NA Diamond-Iron,between_region_endpoint,0.06465832520849979,-0.014460857830359674,0.1413043350694331,0.04057087843267438,between_region_endpoint_nine_signals,-0.9546754840727133,-0.47755422935305086,1.1100039287e-1,3.3300117862e-1
need_vision_pings_pm,NA Diamond-Iron,endpoint,0.03832168494498786,0.032383609361163135,0.04479636504303707,0.003266565571807453,endpoint_nine_signals,-31.056028541419348,-30.277877291035704,8.7896475021e-32,5.2737885012e-31
need_vision_pings_pm,NA BRONZE-IRON,adjacent,0.014423866043885333,0.007276482709359444,0.023584644541851774,0.003951259649017571,adjacent_nine_signals,-3.5820572648643534,-1.7827167154107717,2.6178378046e-4,1.6492378169e-2
need_vision_pings_pm,NA SILVER-BRONZE,adjacent,-0.006050470961231638,-0.014564542602784445,0.0010852587693330833,0.003810879075003542,adjacent_nine_signals,-0.9493965462129892,0.0,1.1235785867e-1,1.0000000000e+0
need_vision_pings_pm,NA GOLD-SILVER,adjacent,0.004838005049770083,-0.0003253022577800638,0.009738930500491256,0.0026656124874819337,adjacent_nine_signals,-1.1578364225429028,0.0,6.9528614851e-2,1.0000000000e+0
need_vision_pings_pm,NA PLATINUM-GOLD,adjacent,0.0023963996863839987,-0.0031773611260773856,0.008140329597838974,0.002978803853060769,adjacent_nine_signals,-0.3755966338400113,0.0,4.2111757445e-1,1.0000000000e+0
need_vision_pings_pm,NA EMERALD-PLATINUM,adjacent,0.012920595326006354,0.007023062787080828,0.01926653006432887,0.003198227211134002,adjacent_nine_signals,-4.271902064011415,-2.4458272613105883,5.3468492043e-5,3.5823889669e-3
need_vision_pings_pm,NA DIAMOND-EMERALD,adjacent,0.00979328980017373,0.002943919844449354,0.016423641055420116,0.0034242938001945405,adjacent_nine_signals,-2.3729258348894153,-0.6916845975138282,4.2371531836e-3,2.0338335281e-1
need_vision_pings_pm,NA BRONZE,local_change,-0.02047433700511697,-0.037067319427584136,-0.007535613806718845,0.007281935118352178,local_change_nine_signals,-2.3072734922674742,-0.2173683808280762,4.9286333084e-3,6.0622189693e-1
need_vision_pings_pm,NA SILVER,local_change,0.010888476011001721,0.00039096655936942504,0.021244948922171453,0.005272548771083647,local_change_nine_signals,-1.4099264068174286,0.0,3.8911107606e-2,1.0000000000e+0
need_vision_pings_pm,NA GOLD,local_change,-0.0024416053633860846,-0.012256986924570874,0.006553125677612187,0.004910841072230446,local_change_nine_signals,-0.2082691309909884,0.0,6.1905732821e-1,1.0000000000e+0
need_vision_pings_pm,NA PLATINUM,local_change,0.010524195639622355,7.699990038194902e-05,0.020958887641031734,0.005359969247415738,local_change_nine_signals,-1.3046027705369942,0.0,4.9590356393e-2,1.0000000000e+0
need_vision_pings_pm,NA EMERALD,local_change,-0.0031273055258326243,-0.014145778447997215,0.007279657738521903,0.00571335691577914,local_change_nine_signals,-0.233493222597899,0.0,5.8412632263e-1,1.0000000000e+0
need_vision_pings_pm,EUW Diamond-Iron,endpoint,0.024885578367215944,0.01690979460856336,0.03191878848701998,0.003839300966746946,endpoint_nine_signals,-10.042703353473929,-9.565582098754266,9.0635147639e-11,2.7190544292e-10
need_vision_pings_pm,EUW BRONZE-IRON,adjacent,0.0016131875241919835,-0.005225255778407753,0.008378600343911415,0.003420533827443011,adjacent_nine_signals,-0.19572490295273048,0.0,6.3719901685e-1,1.0000000000e+0
need_vision_pings_pm,EUW SILVER-BRONZE,adjacent,-0.005435569035131052,-0.011355852969497947,0.0006999350933491249,0.0031182478485989947,adjacent_nine_signals,-1.089868430707678,0.0,8.1307680006e-2,1.0000000000e+0
need_vision_pings_pm,EUW GOLD-SILVER,adjacent,0.006920333295878364,7.309310429232217e-05,0.014508297707761136,0.003698881359344926,adjacent_nine_signals,-1.212147639715829,0.0,6.1355339039e-2,1.0000000000e+0
need_vision_pings_pm,EUW PLATINUM-GOLD,adjacent,0.0008936463913792603,-0.007404271646509637,0.008600349873619496,0.0038875426276650965,adjacent_nine_signals,-0.08714615285880829,0.0,8.1818939702e-1,1.0000000000e+0
need_vision_pings_pm,EUW EMERALD-PLATINUM,adjacent,0.003493205732910995,-0.002864865458937461,0.00951857079243928,0.0033221589802362042,adjacent_nine_signals,-0.5330802833902932,0.0,2.9303514923e-1,1.0000000000e+0
need_vision_pings_pm,EUW DIAMOND-EMERALD,adjacent,0.017400774457986393,0.010718020979905192,0.024270322592017543,0.0035816227922898674,adjacent_nine_signals,-5.926763956305666,-3.997345030591373,1.1836847262e-6,1.0061320173e-4
need_vision_pings_pm,EUW BRONZE,local_change,-0.007048756559323036,-0.018006389670978392,0.003708999120603719,0.00561245441520361,local_change_nine_signals,-0.6795475731131259,0.0,2.0914737921e-1,1.0000000000e+0
need_vision_pings_pm,EUW SILVER,local_change,0.012355902331009416,0.0006245379024016675,0.023557470462164186,0.005729012824477791,local_change_nine_signals,-1.508258300931391,0.0,3.1027136697e-2,1.0000000000e+0
need_vision_pings_pm,EUW GOLD,local_change,-0.006026686904499104,-0.020673655752376945,0.0064694423346847866,0.006832129148530174,local_change_nine_signals,-0.4228328636511262,0.0,3.7771752591e-1,1.0000000000e+0
need_vision_pings_pm,EUW PLATINUM,local_change,0.0025995593415317347,-0.009539923115294467,0.01466733556594443,0.006183990880049187,local_change_nine_signals,-0.17120110016297813,0.0,6.7421575964e-1,1.0000000000e+0
need_vision_pings_pm,EUW EMERALD,local_change,0.013907568725075398,0.0030814252273873403,0.025350787290376403,0.005817907337005972,local_change_nine_signals,-1.7740051251889282,0.0,1.6826542036e-2,1.0000000000e+0
need_vision_pings_pm,KR Diamond-Iron,endpoint,-0.03885977253258438,-0.04682211038458508,-0.03103000377513234,0.00395595519824949,endpoint_nine_signals,-22.047982322734203,-21.44592233140624,8.9540121069e-23,3.5816048428e-22
need_vision_pings_pm,KR BRONZE-IRON,adjacent,-0.03615399907488995,-0.04229249929429154,-0.029960859405570604,0.0031767531054026285,adjacent_nine_signals,-29.28301199135401,-27.115694656605832,5.2118032054e-30,7.6613507119e-28
need_vision_pings_pm,KR SILVER-BRONZE,adjacent,-0.004393390190877644,-0.010999740732856896,0.0016479258220612662,0.0030225005723045926,adjacent_nine_signals,-0.8354450877327193,0.0,1.4606794263e-1,1.0000000000e+0
need_vision_pings_pm,KR GOLD-SILVER,adjacent,-0.0022171088332734457,-0.008885196065957205,0.005414555789149152,0.003812025581544129,adjacent_nine_signals,-0.2511687627886362,0.0,5.6083000037e-1,1.0000000000e+0
need_vision_pings_pm,KR PLATINUM-GOLD,adjacent,0.0006506507473361678,-0.007413928821906903,0.008464216364010714,0.004073076947991438,adjacent_nine_signals,-0.05894470779916228,0.0,8.7308251781e-1,1.0000000000e+0
need_vision_pings_pm,KR EMERALD-PLATINUM,adjacent,-0.002710996540098376,-0.00972598677468252,0.004122521589728438,0.003483293540657246,adjacent_nine_signals,-0.36011448683815067,0.0,4.3640077499e-1,1.0000000000e+0
need_vision_pings_pm,KR DIAMOND-EMERALD,adjacent,0.005965071359218865,-0.0014445062603843694,0.013464601598349064,0.003779750851517491,adjacent_nine_signals,-0.9410896255433608,0.0,1.1452765658e-1,1.0000000000e+0
need_vision_pings_pm,KR BRONZE,local_change,0.031760608884012304,0.021022801991361636,0.04196643808219935,0.005176621514684239,local_change_nine_signals,-9.070842885440948,-6.94373808707614,8.4948773833e-10,1.1383135694e-7
need_vision_pings_pm,KR SILVER,local_change,0.0021762813576041984,-0.008432759788972465,0.014164706360927615,0.005863339611716411,local_change_nine_signals,-0.14842812673629557,0.0,7.1051274609e-1,1.0000000000e+0
need_vision_pings_pm,KR GOLD,local_change,0.0028677595806096134,-0.011402144440143874,0.014975482294237882,0.007037439797434964,local_change_nine_signals,-0.16517221978935873,0.0,6.8364049539e-1,1.0000000000e+0
need_vision_pings_pm,KR PLATINUM,local_change,-0.0033616472874345438,-0.016543405540705432,0.009219438914009895,0.006569771702884646,local_change_nine_signals,-0.2154738817106917,0.0,6.0887216198e-1,1.0000000000e+0
need_vision_pings_pm,KR EMERALD,local_change,0.008676067899317241,-0.003114199443916898,0.021051364239024872,0.006038194175248503,local_change_nine_signals,-0.8217240990829843,0.0,1.5075644957e-1,1.0000000000e+0
need_vision_pings_pm,KR-NA Diamond-Iron,between_region_endpoint,-0.07718145747757224,-0.08839712202791139,-0.06779462132041121,0.005117953166758181,between_region_endpoint_nine_signals,-50.66252348691173,-49.34030419217781,2.1750864008e-51,4.5676814417e-50
need_vision_pings_pm,KR-EUW Diamond-Iron,between_region_endpoint,-0.06374535089980032,-0.0749233591361551,-0.05318776518385657,0.005497321891259899,between_region_endpoint_nine_signals,-30.363254172401977,-29.10798166729867,4.3325723882e-31,7.7986302988e-30
need_vision_pings_pm,EUW-NA Diamond-Iron,between_region_endpoint,-0.013436106577771889,-0.02375855729148977,-0.0046563683852130534,0.005004847320305907,between_region_endpoint_nine_signals,-2.138988015336607,-1.29388997532235,7.2612599512e-3,5.0828819658e-2
assist_me_pings_pm,NA Diamond-Iron,endpoint,0.5230951041618042,0.48859136897259875,0.5596648079879437,0.01871761133723703,endpoint_nine_signals,-171.14062075948212,-169.9365007768262,7.2340122610e-172,1.1574419618e-170
assist_me_pings_pm,NA BRONZE-IRON,adjacent,0.14465690445405466,0.11270935766621613,0.17800698691705877,0.016670522791246648,adjacent_nine_signals,-17.392657053448797,-15.272083122242947,4.0489549673e-18,5.3446205569e-16
assist_me_pings_pm,NA SILVER-BRONZE,adjacent,0.08087965972630295,0.04926927143822343,0.11255292261600092,0.01596683547062353,adjacent_nine_signals,-6.390004524731627,-4.450485272113009,4.0737603350e-7,3.5441714915e-5
assist_me_pings_pm,NA GOLD-SILVER,adjacent,0.04963276950916684,0.01800297139537913,0.07996298395818277,0.01584033068018521,adjacent_nine_signals,-2.762348319297426,-1.0633783149614073,1.7284295425e-3,8.6421477124e-2
assist_me_pings_pm,NA PLATINUM-GOLD,adjacent,0.10151617261083823,0.06763911768230038,0.13367208941950792,0.01719074660525719,adjacent_nine_signals,-8.45339782203924,-6.440560597334067,3.5204824039e-9,3.6260968760e-7
assist_me_pings_pm,NA EMERALD-PLATINUM,adjacent,0.05944519451779151,0.02470184411812667,0.09616744678757452,0.01847726986664989,adjacent_nine_signals,-2.8879135470232,-1.1636376774224109,1.2944534966e-3,6.8606035321e-2
assist_me_pings_pm,NA DIAMOND-EMERALD,adjacent,0.08696440334364997,0.050237421199993325,0.12228036290062026,0.01940432445732297,adjacent_nine_signals,-5.130474750354874,-3.2554134869631737,7.4050031849e-6,5.5537523886e-4
assist_me_pings_pm,NA BRONZE,local_change,-0.0637772447277517,-0.12209917806973164,-0.0076166447477578544,0.028231826789544022,local_change_nine_signals,-1.6219661449766092,0.0,2.3879974298e-2,1.0000000000e+0
assist_me_pings_pm,NA SILVER,local_change,-0.031246890217136114,-0.08755850477097271,0.022422111169360482,0.027416171999449023,local_change_nine_signals,-0.5944812099973229,0.0,2.5440098588e-1,1.0000000000e+0
assist_me_pings_pm,NA GOLD,local_change,0.05188340310167139,-0.0017441189741930199,0.10729793195816364,0.028315483943435124,local_change_nine_signals,-1.1745622999661762,0.0,6.6901784190e-2,1.0000000000e+0
assist_me_pings_pm,NA PLATINUM,local_change,-0.04207097809304672,-0.100248691423073,0.0198110695364511,0.031165456647949938,local_change_nine_signals,-0.7519272099659337,0.0,1.7704056627e-1,1.0000000000e+0
assist_me_pings_pm,NA EMERALD,local_change,0.027519208825858454,-0.037388995679607274,0.08781905241409128,0.0326301140576743,local_change_nine_signals,-0.3990027132887798,0.0,3.9902240943e-1,1.0000000000e+0
assist_me_pings_pm,EUW Diamond-Iron,endpoint,0.5066043900230337,0.4658954745011386,0.5450163616814708,0.02006179922234492,endpoint_nine_signals,-139.97000496292713,-138.79391370387145,1.0715070605e-140,1.6072605907e-139
assist_me_pings_pm,EUW BRONZE-IRON,adjacent,0.1990266505697882,0.16405510410661606,0.23543838500353365,0.018377518324480265,adjacent_nine_signals,-26.604793057384807,-24.44044020160037,2.4843166076e-27,3.6271022471e-25
assist_me_pings_pm,EUW SILVER-BRONZE,adjacent,0.07535030061127856,0.04032587294401388,0.10959400525689393,0.01841734638215451,adjacent_nine_signals,-4.367521524775338,-2.522423484761081,4.2902092531e-5,3.0031464772e-3
assist_me_pings_pm,EUW GOLD-SILVER,adjacent,0.040370462544021546,0.003046289245183695,0.07661963876179542,0.018627256039453064,adjacent_nine_signals,-1.5197978151700244,0.0,3.0213579795e-2,1.0000000000e+0
assist_me_pings_pm,EUW PLATINUM-GOLD,adjacent,0.03305601069521291,-0.007385666140516586,0.07237125926819664,0.01946205626673538,adjacent_nine_signals,-1.0485834951583581,0.0,8.9416260844e-2,1.0000000000e+0
assist_me_pings_pm,EUW EMERALD-PLATINUM,adjacent,0.04851705928932937,0.007022824991719012,0.08761255614727545,0.020307016301015862,adjacent_nine_signals,-1.7724691505735874,-0.15513261734553319,1.6886158034e-2,6.9962832297e-1
assist_me_pings_pm,EUW DIAMOND-EMERALD,adjacent,0.11028390631340312,0.07201545660043791,0.15065719543073358,0.020855915993711907,adjacent_nine_signals,-6.907519503379353,-4.948478111058259,1.2373156231e-7,1.1259572170e-5
assist_me_pings_pm,EUW BRONZE,local_change,-0.12367634995850962,-0.18474365532009812,-0.06586516842644599,0.0317666001855142,local_change_nine_signals,-4.004817522376211,-1.894227812076962,9.8896854254e-5,1.2757694199e-2
assist_me_pings_pm,EUW SILVER,local_change,-0.03497983806725702,-0.09929762479246462,0.024618182216382914,0.03212377052435862,local_change_nine_signals,-0.5587851987192065,0.0,2.7619435708e-1,1.0000000000e+0
assist_me_pings_pm,EUW GOLD,local_change,-0.007314451848808634,-0.07332886129273987,0.061562059165841586,0.032760433837124736,local_change_nine_signals,-0.08442887288085375,0.0,8.2332466690e-1,1.0000000000e+0
assist_me_pings_pm,EUW PLATINUM,local_change,0.015461048594116455,-0.054405823512551424,0.08295203932303948,0.03460027507840504,local_change_nine_signals,-0.18376856158163463,0.0,6.5498512701e-1,1.0000000000e+0
assist_me_pings_pm,EUW EMERALD,local_change,0.06176684702407376,-0.00841836545902494,0.1363293627668318,0.0355364893322326,local_change_nine_signals,-1.0851870561498889,0.0,8.2188857585e-2,1.0000000000e+0
assist_me_pings_pm,KR Diamond-Iron,endpoint,0.2154736670381655,0.1775314495133705,0.2504205094811882,0.018453164230853195,endpoint_nine_signals,-30.775963660309664,-30.076993655973645,1.6750830331e-31,8.3754151656e-31
assist_me_pings_pm,KR BRONZE-IRON,adjacent,0.044332490345123654,0.011684402993848396,0.0754725071722651,0.017189908569734562,adjacent_nine_signals,-2.003963494957084,-0.3507509811817402,9.9091523373e-3,4.4591185518e-1
assist_me_pings_pm,KR SILVER-BRONZE,adjacent,0.03343034741463857,0.0013059239970258374,0.0638509432992231,0.016248460565258895,adjacent_nine_signals,-1.4018308324424236,0.0,3.9643242361e-2,1.0000000000e+0
assist_me_pings_pm,KR GOLD-SILVER,adjacent,0.006741155270068133,-0.024744272437559132,0.038077972202065394,0.016625474524939204,adjacent_nine_signals,-0.1642263816451784,0.0,6.8513099991e-1,1.0000000000e+0
assist_me_pings_pm,KR PLATINUM-GOLD,adjacent,0.033613796760404546,-0.0005390604796061345,0.06746155530813645,0.01721242001898899,adjacent_nine_signals,-1.2938476368175664,0.0,5.0833775100e-2,1.0000000000e+0
assist_me_pings_pm,KR EMERALD-PLATINUM,adjacent,0.038804121246658996,0.006093730107216244,0.07293838271323808,0.017314082223501493,adjacent_nine_signals,-1.6018191089712581,-0.022035512354448006,2.5013870149e-2,9.5052706567e-1
assist_me_pings_pm,KR DIAMOND-EMERALD,adjacent,0.058551756001271604,0.022634940342154457,0.09299672659711541,0.018042062411899592,adjacent_nine_signals,-2.9305896178935966,-1.1902269283993527,1.1733035430e-3,6.4531694865e-2
assist_me_pings_pm,KR BRONZE,local_change,-0.010902142930485081,-0.06615754658054056,0.0420641221808785,0.02874002587874469,local_change_nine_signals,-0.1521572591052581,0.0,7.0443794406e-1,1.0000000000e+0
assist_me_pings_pm,KR SILVER,local_change,-0.02668919214457044,-0.07843062190186349,0.029959984034644532,0.028327615960440724,local_change_nine_signals,-0.46078596869151106,0.0,3.4610990752e-1,1.0000000000e+0
assist_me_pings_pm,KR GOLD,local_change,0.026872641490336413,-0.029024098739284517,0.08652119353552548,0.0293633416530947,local_change_nine_signals,-0.44357813635883914,0.0,3.6009895714e-1,1.0000000000e+0
assist_me_pings_pm,KR PLATINUM,local_change,0.0051903244862544495,-0.0519206661640928,0.06974399972488288,0.029953359381737307,local_change_nine_signals,-0.06427555239742311,0.0,8.6243117635e-1,1.0000000000e+0
assist_me_pings_pm,KR EMERALD,local_change,0.01974763475461261,-0.04168227103567612,0.07954763300552219,0.03034877536514994,local_change_nine_signals,-0.2879846714216761,0.0,5.1524683008e-1,1.0000000000e+0
assist_me_pings_pm,KR-NA Diamond-Iron,between_region_endpoint,-0.30762143712363876,-0.36100764709315275,-0.26271363794559366,0.02618646072492156,between_region_endpoint_nine_signals,-31.137445321022348,-29.836415325358367,7.2870991550e-32,1.4574198310e-30
assist_me_pings_pm,KR-EUW Diamond-Iron,between_region_endpoint,-0.2911307229848683,-0.3415136659666613,-0.23575305882397887,0.027101659922503164,between_region_endpoint_nine_signals,-26.190387697836503,-24.986267715180578,6.4507810601e-27,1.0321249696e-25
assist_me_pings_pm,EUW-NA Diamond-Iron,between_region_endpoint,-0.016490714138770457,-0.07045784347576395,0.03605414831424305,0.02730867290266688,between_region_endpoint_nine_signals,-0.262859606120477,0.0,5.4593431613e-1,1.0000000000e+0
on_my_way_pings_pm,NA Diamond-Iron,endpoint,2.8546114358148937,2.766730094049582,2.943976015388701,0.046688344073130016,endpoint_nine_signals,-813.6514851114985,-812.2201213473395,2.2310786921e-814,6.0239124687e-813
on_my_way_pings_pm,NA BRONZE-IRON,adjacent,0.5902573952299724,0.5341746562026626,0.6435994689711227,0.02835881511323433,adjacent_nine_signals,-95.48955081293637,-93.28543083028045,3.2392852022e-96,5.1828563235e-94
on_my_way_pings_pm,NA SILVER-BRONZE,adjacent,0.44134185893170597,0.37564932271674145,0.5054025384084616,0.03218944320288291,adjacent_nine_signals,-42.057836717721564,-39.87599312977679,8.7531280590e-43,1.3304754650e-40
on_my_way_pings_pm,NA GOLD-SILVER,adjacent,0.3563339326004027,0.28560875203269154,0.4233427695914999,0.03619033608266575,adjacent_nine_signals,-22.14721354462142,-20.007334458220182,7.1250260313e-23,9.8325359232e-21
on_my_way_pings_pm,NA PLATINUM-GOLD,adjacent,0.43819744795889015,0.36135484019255687,0.5206691382905243,0.040989760678597206,adjacent_nine_signals,-25.94742946654355,-23.786061464308574,1.1286792306e-26,1.6365848844e-24
on_my_way_pings_pm,NA EMERALD-PLATINUM,adjacent,0.4721132018049574,0.37796012164217113,0.5683457049433589,0.04793929884977471,adjacent_nine_signals,-22.15601914669674,-20.013004346442642,6.9820162185e-23,9.7050025438e-21
on_my_way_pings_pm,NA DIAMOND-EMERALD,adjacent,0.556367599288965,0.45014609311132986,0.6663625511764674,0.055977634593499505,adjacent_nine_signals,-22.55076405525446,-20.404636019576223,2.8134289030e-23,3.9388004641e-21
on_my_way_pings_pm,NA BRONZE,local_change,-0.14891553629826648,-0.25560796809501923,-0.0462525197510874,0.05218450446466976,local_change_nine_signals,-2.3642937476647026,-0.2708720625024674,4.3222138668e-3,5.3595451948e-1
on_my_way_pings_pm,NA SILVER,local_change,-0.08500792633130327,-0.20460574518536664,0.030752579742196248,0.05943355109178463,local_change_nine_signals,-0.8163590593774053,0.0,1.5263036424e-1,1.0000000000e+0
on_my_way_pings_pm,NA GOLD,local_change,0.08186351535848746,-0.04101572046992308,0.21868789185417134,0.0664443639383171,local_change_nine_signals,-0.6616904236440648,0.0,2.1792626537e-1,1.0000000000e+0
on_my_way_pings_pm,NA PLATINUM,local_change,0.033915753846067265,-0.12023357058928427,0.1871886753489774,0.07683829619914104,local_change_nine_signals,-0.18116088103173486,0.0,6.5892975460e-1,1.0000000000e+0
on_my_way_pings_pm,NA EMERALD,local_change,0.08425439748400754,-0.09611426216105132,0.2658722813132253,0.08996272056502012,local_change_nine_signals,-0.457185573992134,0.0,3.4899115972e-1,1.0000000000e+0
on_my_way_pings_pm,EUW Diamond-Iron,endpoint,2.6820860235124617,2.582767991167748,2.772143551178306,0.048154228176407764,endpoint_nine_signals,-675.4886943601051,-674.0737210121343,3.2456795554e-676,8.4387668441e-675
on_my_way_pings_pm,EUW BRONZE-IRON,adjacent,0.6474259380392009,0.5908383794783472,0.7125035752984905,0.03125503977255248,adjacent_nine_signals,-94.58926183303062,-92.38786470871017,2.5747683796e-95,4.0938817235e-93
on_my_way_pings_pm,EUW SILVER-BRONZE,adjacent,0.35661100848548677,0.2876681084623102,0.42056645785802615,0.034165838184985975,adjacent_nine_signals,-24.777560182344725,-22.622224144879663,1.6689365184e-25,2.3865792213e-23
on_my_way_pings_pm,EUW GOLD-SILVER,adjacent,0.3616731175484267,0.28940466384573427,0.4367220358948755,0.03847122323665344,adjacent_nine_signals,-20.26778136385452,-18.137447595359514,5.3978229582e-21,7.2870609936e-19
on_my_way_pings_pm,EUW PLATINUM-GOLD,adjacent,0.26851328167384647,0.19358232921048257,0.3464463671733273,0.042466460366182346,adjacent_nine_signals,-9.590714085316748,-7.541496062646566,2.5661729022e-10,2.8741136505e-8
on_my_way_pings_pm,EUW EMERALD-PLATINUM,adjacent,0.449890445311107,0.35929674048668964,0.5359400981453184,0.047954466104203314,adjacent_nine_signals,-20.187297449729567,-18.06019265136476,6.4968456681e-21,8.7057731953e-19
on_my_way_pings_pm,EUW DIAMOND-EMERALD,adjacent,0.5979722324543939,0.48482327655251256,0.7137934368590075,0.05629555785967573,adjacent_nine_signals,-25.628147753240874,-23.469785261145624,2.3542481985e-26,3.3901174058e-24
on_my_way_pings_pm,EUW BRONZE,local_change,-0.29081492955371413,-0.40323201332248704,-0.18801929001477724,0.056530767794051855,local_change_nine_signals,-6.571174559057005,-4.450600627851156,2.6842653230e-7,3.5432302264e-5
on_my_way_pings_pm,EUW SILVER,local_change,0.005062109062939912,-0.11483460959963453,0.1301626570249294,0.0626802463860483,local_change_nine_signals,-0.028894861106690557,0.0,9.3563215509e-1,1.0000000000e+0
on_my_way_pings_pm,EUW GOLD,local_change,-0.09315983587458021,-0.22013063214795656,0.03693579032399525,0.07036856768561432,local_change_nine_signals,-0.7315589321534419,0.0,1.8554150194e-1,1.0000000000e+0
on_my_way_pings_pm,EUW PLATINUM,local_change,0.18137716363726053,0.03743456025875389,0.3144047998461727,0.07754911484305185,local_change_nine_signals,-1.7134929538731596,0.0,1.9342252398e-2,1.0000000000e+0
on_my_way_pings_pm,EUW EMERALD,local_change,0.1480817871432869,-0.03536309593829472,0.3216793549295482,0.09018075317052207,local_change_nine_signals,-0.9974946889898596,0.0,1.0057853627e-1,1.0000000000e+0
on_my_way_pings_pm,KR Diamond-Iron,endpoint,2.1629355089446527,2.0680129040601725,2.257838277763218,0.04867590927989175,endpoint_nine_signals,-430.50506962384304,-429.2263160228902,3.1255782504e-431,5.9385986758e-430
on_my_way_pings_pm,KR BRONZE-IRON,adjacent,0.6045158902300423,0.533157405094244,0.6700729406673711,0.0361912987096583,adjacent_nine_signals,-61.90689162417178,-59.710991971762546,1.2391057601e-62,1.9453960433e-60
on_my_way_pings_pm,KR SILVER-BRONZE,adjacent,0.36402767824403126,0.2838655359020798,0.43783920411749333,0.03940703544091363,adjacent_nine_signals,-19.59857643647798,-17.474724795510895,2.5201335933e-20,3.3517776791e-18
on_my_way_pings_pm,KR GOLD-SILVER,adjacent,0.22565296404087531,0.14715161517212685,0.30876110483377317,0.04244334121116018,adjacent_nine_signals,-6.975752592469635,-5.0119647651240795,1.0574197252e-7,9.7282614723e-6
on_my_way_pings_pm,KR PLATINUM-GOLD,adjacent,0.25134028182836454,0.16080512934781693,0.3378678221722864,0.045389057796332705,adjacent_nine_signals,-7.51302797929445,-5.530756746254882,3.0688242739e-8,2.9460713030e-6
on_my_way_pings_pm,KR EMERALD-PLATINUM,adjacent,0.3759100898299743,0.27239134982654717,0.4733289792894482,0.04985422959714887,adjacent_nine_signals,-13.328543004230898,-11.2386378927915,4.6930696082e-14,5.7724756181e-12
on_my_way_pings_pm,KR DIAMOND-EMERALD,adjacent,0.341488604771365,0.23628153603947027,0.4514475399335011,0.055674835146580594,adjacent_nine_signals,-9.066014731205346,-7.028588233264722,8.5898438439e-10,9.3629297898e-8
on_my_way_pings_pm,KR BRONZE,local_change,-0.240488211986011,-0.36613467832973334,-0.11073065799310307,0.0652416831570319,local_change_nine_signals,-3.642626789269667,-1.5354168196217985,2.2770533748e-4,2.9146283198e-2
on_my_way_pings_pm,KR SILVER,local_change,-0.13837471420315595,-0.27678069077879563,0.00382889980089675,0.07115601531254094,local_change_nine_signals,-1.285543336681407,0.0,5.1815138497e-2,1.0000000000e+0
on_my_way_pings_pm,KR GOLD,local_change,0.025687317787489228,-0.12504783323690977,0.16748433941623309,0.07578034287552254,local_change_nine_signals,-0.13393028586636901,0.0,7.3463178379e-1,1.0000000000e+0
on_my_way_pings_pm,KR PLATINUM,local_change,0.12456980800160977,-0.04173232889263788,0.2903447113353827,0.08226195901929446,local_change_nine_signals,-0.8862298808680489,0.0,1.2994815540e-1,1.0000000000e+0
on_my_way_pings_pm,KR EMERALD,local_change,-0.034421485058609314,-0.20908606155422177,0.1375935418607356,0.09123957026752694,local_change_nine_signals,-0.15120958741156063,0.0,7.0597677270e-1,1.0000000000e+0
on_my_way_pings_pm,KR-NA Diamond-Iron,between_region_endpoint,-0.6916759268702402,-0.8161817097368931,-0.5616633268522955,0.06708788086538131,between_region_endpoint_nine_signals,-24.19720882831801,-23.02111756926233,6.3502550960e-25,9.5253826441e-24
on_my_way_pings_pm,KR-EUW Diamond-Iron,between_region_endpoint,-0.5191505145678095,-0.6430574751063028,-0.37944539511556663,0.06794594722392282,between_region_endpoint_nine_signals,-13.665255175039828,-12.51912713936159,2.1614481652e-14,3.0260274313e-13
on_my_way_pings_pm,EUW-NA Diamond-Iron,between_region_endpoint,-0.1725254123024319,-0.30757985643279445,-0.04515565516382678,0.06667107894063919,between_region_endpoint_nine_signals,-2.0149495716000883,-1.2367983212164446,9.6616305916e-3,5.7969783550e-2
get_back_pings_pm,NA Diamond-Iron,endpoint,0.34429143828871395,0.3101982564402127,0.3800148305875367,0.017905639414061363,endpoint_nine_signals,-81.66681016738923,-80.66681016738923,2.1537229337e-82,2.1537229337e-81
get_back_pings_pm,NA BRONZE-IRON,adjacent,0.0042859638533899735,-0.02357680075074809,0.031523983941957934,0.014366596478541015,adjacent_nine_signals,-0.11608174025255304,0.0,7.6545252456e-1,1.0000000000e+0
get_back_pings_pm,NA SILVER-BRONZE,adjacent,0.03525990001052809,0.007891425013581883,0.06559648248406992,0.013770805527168018,adjacent_nine_signals,-1.9807712196698863,-0.3373185431836989,1.0452707084e-2,4.5991911168e-1
get_back_pings_pm,NA GOLD-SILVER,adjacent,0.061302899798135524,0.033387738266907746,0.0885876149647996,0.014155639824880283,adjacent_nine_signals,-4.827746247856956,-2.9644233877365,1.4868041072e-5,1.0853669983e-3
get_back_pings_pm,NA PLATINUM-GOLD,adjacent,0.06966137771963099,0.03928652977414331,0.09790806030902902,0.015246762883272372,adjacent_nine_signals,-5.309606578281544,-3.4175119755910637,4.9022270465e-6,3.8237370963e-4
get_back_pings_pm,NA EMERALD-PLATINUM,adjacent,0.08578499304365705,0.05663511184517036,0.11723850075065467,0.016763894992754845,adjacent_nine_signals,-6.508600000684748,-4.5592099940398345,3.1002734371e-7,2.7592433590e-5
get_back_pings_pm,NA DIAMOND-EMERALD,adjacent,0.08799630386337232,0.05039465164714036,0.1246727867819291,0.0191494022654996,adjacent_nine_signals,-5.36428578151031,-3.466658690219869,4.3222931488e-6,3.4146115875e-4
get_back_pings_pm,NA BRONZE,local_change,0.030973936157138116,-0.01644690564402645,0.0807584025406664,0.024307961028847178,local_change_nine_signals,-0.693399418343301,0.0,2.0258187277e-1,1.0000000000e+0
get_back_pings_pm,NA SILVER,local_change,0.026042999787607435,-0.023844584034895082,0.07004614103328569,0.023974661876996508,local_change_nine_signals,-0.5569581333067504,0.0,2.7735874701e-1,1.0000000000e+0
get_back_pings_pm,NA GOLD,local_change,0.008358477921495466,-0.04158770620197927,0.05613976004810985,0.0254485570780618,local_change_nine_signals,-0.12926000752485126,0.0,7.4257443331e-1,1.0000000000e+0
get_back_pings_pm,NA PLATINUM,local_change,0.016123615324026064,-0.03415261751107601,0.07090672450039666,0.02760869915123868,local_change_nine_signals,-0.2524196177549118,0.0,5.5921702177e-1,1.0000000000e+0
get_back_pings_pm,NA EMERALD,local_change,0.002211310819715262,-0.05707460711916134,0.058578618738989986,0.030977931191960403,local_change_nine_signals,-0.025445662329784995,0.0,9.4309260110e-1,1.0000000000e+0
get_back_pings_pm,EUW Diamond-Iron,endpoint,0.29684279939487507,0.2588760844457717,0.3361938635783421,0.018830202665782742,endpoint_nine_signals,-55.26062068648631,-54.30637817704699,5.4875604010e-56,4.9388043609e-55
get_back_pings_pm,EUW BRONZE-IRON,adjacent,-0.009709845533436345,-0.042414397710741535,0.022021829134898623,0.01623507776800072,adjacent_nine_signals,-0.25980491868181216,0.0,5.4978777831e-1,1.0000000000e+0
get_back_pings_pm,EUW SILVER-BRONZE,adjacent,0.014348061149765667,-0.015965609632313176,0.04263281391350277,0.015150115900164298,adjacent_nine_signals,-0.46393614947031464,0.0,3.4360846194e-1,1.0000000000e+0
get_back_pings_pm,EUW GOLD-SILVER,adjacent,0.0650743396036445,0.035234136777912706,0.09472734211452842,0.015201168685264506,adjacent_nine_signals,-4.730118548441455,-2.8727860520101864,1.8615789161e-5,1.3403368196e-3
get_back_pings_pm,EUW PLATINUM-GOLD,adjacent,0.03807213206932569,0.007488862952813156,0.07083885535807008,0.015901986490556488,adjacent_nine_signals,-1.7783819077434337,-0.15513261734553319,1.6657817214e-2,6.9962832297e-1
get_back_pings_pm,EUW EMERALD-PLATINUM,adjacent,0.08205630544291587,0.049727656626597574,0.11520737404624355,0.017083355220468856,adjacent_nine_signals,-5.80665344074846,-3.8981684218698103,1.5607974946e-6,1.2642459706e-4
get_back_pings_pm,EUW DIAMOND-EMERALD,adjacent,0.10700180666265968,0.06871357238678245,0.14472874077331718,0.019141813031855092,adjacent_nine_signals,-7.643719704936405,-5.65694797067016,2.2713303029e-8,2.2031903938e-6
get_back_pings_pm,EUW BRONZE,local_change,0.024057906683202013,-0.031480021292377834,0.07685867299388921,0.027053121269209637,local_change_nine_signals,-0.4273020431614631,0.0,3.7385049227e-1,1.0000000000e+0
get_back_pings_pm,EUW SILVER,local_change,0.05072627845387884,0.0009214787128870727,0.10252514190604967,0.026080105505539082,local_change_nine_signals,-1.285898393712431,0.0,5.1772794392e-2,1.0000000000e+0
get_back_pings_pm,EUW GOLD,local_change,-0.02700220753431881,-0.08026091060252702,0.02513084107670796,0.026918912576271076,local_change_nine_signals,-0.5005667393508836,0.0,3.1581536881e-1,1.0000000000e+0
get_back_pings_pm,EUW PLATINUM,local_change,0.043984173373590174,-0.01561961214045614,0.09566703328224559,0.02840672734917113,local_change_nine_signals,-0.9153064062453472,0.0,1.2153282519e-1,1.0000000000e+0
get_back_pings_pm,EUW EMERALD,local_change,0.024945501219743815,-0.03601329893149248,0.08794301277507854,0.03125114942937182,local_change_nine_signals,-0.37187790266170057,0.0,4.2473895807e-1,1.0000000000e+0
get_back_pings_pm,KR Diamond-Iron,endpoint,0.45824023602913444,0.41298015136014776,0.5040952526861578,0.023163852963861895,endpoint_nine_signals,-86.37592054616236,-85.29673930011474,4.2080360704e-87,5.0496432844e-86
get_back_pings_pm,KR BRONZE-IRON,adjacent,0.08964298056299091,0.05062573576939202,0.12606907861064648,0.018605171058047577,adjacent_nine_signals,-5.839000957482073,-3.925187105098356,1.4487686595e-6,1.1879903008e-4
get_back_pings_pm,KR SILVER-BRONZE,adjacent,0.06909912037626575,0.03134324107156264,0.10783454258253775,0.018997228571919378,adjacent_nine_signals,-3.5599055443151193,-1.7675138548168654,2.7548277919e-4,1.7079932310e-2
get_back_pings_pm,KR GOLD-SILVER,adjacent,0.08234339376153099,0.04296094892410738,0.12113254147620514,0.020359319311506814,adjacent_nine_signals,-4.280391031285005,-2.447882118578768,5.2433514530e-5,3.5654789880e-3
get_back_pings_pm,KR PLATINUM-GOLD,adjacent,0.024221108892973353,-0.015943526814750468,0.06547631366142412,0.021356651480475067,adjacent_nine_signals,-0.5905027647180822,0.0,2.5674218639e-1,1.0000000000e+0
get_back_pings_pm,KR EMERALD-PLATINUM,adjacent,0.07437911811769404,0.028096434633768198,0.11770807979401213,0.022723415138874718,adjacent_nine_signals,-2.9733712660874576,-1.2251832390812571,1.0632337011e-3,5.9541087264e-2
get_back_pings_pm,KR DIAMOND-EMERALD,adjacent,0.11855451431767938,0.06906532700245059,0.16690721185124632,0.025213495865175583,adjacent_nine_signals,-5.589066569090885,-3.6859765820989416,2.5759262862e-6,2.0607410290e-4
get_back_pings_pm,KR BRONZE,local_change,-0.02054386018672516,-0.08569370374225159,0.04513472178366008,0.03225418175304203,local_change_nine_signals,-0.2805308906887494,0.0,5.2416631655e-1,1.0000000000e+0
get_back_pings_pm,KR SILVER,local_change,0.013244273385265237,-0.05475667653873016,0.07775580961032025,0.03410169466469848,local_change_nine_signals,-0.15630766083142233,0.0,6.9773794076e-1,1.0000000000e+0
get_back_pings_pm,KR GOLD,local_change,-0.05812228486855764,-0.1251941585189084,0.01580237633805337,0.036190162400977804,local_change_nine_signals,-0.96549770845069,0.0,1.0826854279e-1,1.0000000000e+0
get_back_pings_pm,KR PLATINUM,local_change,0.05015800922472069,-0.027835199848933338,0.12403837912468081,0.037982545684396886,local_change_nine_signals,-0.7289718626989626,0.0,1.8665006147e-1,1.0000000000e+0
get_back_pings_pm,KR EMERALD,local_change,0.04417539619998534,-0.032833476453537055,0.1271912228369269,0.04140950209112196,local_change_nine_signals,-0.5435352727495295,0.0,2.8606500135e-1,1.0000000000e+0
get_back_pings_pm,KR-NA Diamond-Iron,between_region_endpoint,0.11394879774042033,0.05930342688906737,0.17053101309077748,0.029189556291303462,between_region_endpoint_nine_signals,-4.023591718963188,-3.0693492095238635,9.4712713892e-5,8.5241442503e-4
get_back_pings_pm,KR-EUW Diamond-Iron,between_region_endpoint,0.1613974366342592,0.10592868153562862,0.22345890792660453,0.029713022341843018,between_region_endpoint_nine_signals,-7.253639537589808,-6.212246852431583,5.5764840250e-8,6.1341324275e-7
get_back_pings_pm,EUW-NA Diamond-Iron,between_region_endpoint,-0.04744863889383888,-0.09624928522991556,0.0013272599060038177,0.02585639736698988,between_region_endpoint_nine_signals,-1.1772216458199367,-0.5751616544919743,6.6493371511e-2,2.6597348604e-1
push_pings_pm,NA Diamond-Iron,endpoint,0.07105923757491613,0.06458020049116331,0.0782846251711961,0.0036114620977407428,endpoint_nine_signals,-85.46083415030971,-84.41944146515148,3.4607151143e-86,3.8067866257e-85
push_pings_pm,NA BRONZE-IRON,adjacent,0.011079103979251707,0.006087802287591585,0.015595638443941946,0.0024499944486945976,adjacent_nine_signals,-5.213028656459848,-3.326537931287366,6.1230998777e-6,4.7147869058e-4
push_pings_pm,NA SILVER-BRONZE,adjacent,0.0006333640012992012,-0.00422171931317575,0.005141243753441628,0.0023985524618330475,adjacent_nine_signals,-0.10142127132576663,0.0,7.9173296655e-1,1.0000000000e+0
push_pings_pm,NA GOLD-SILVER,adjacent,0.009816284141205292,0.004832904819062325,0.01551911731526528,0.0027339208911219973,adjacent_nine_signals,-3.4815139051356923,-1.6961840701249251,3.2997884256e-4,2.0128709396e-2
push_pings_pm,NA PLATINUM-GOLD,adjacent,0.010595733285524295,0.0042686941369052,0.0165760385524403,0.003205731529533768,adjacent_nine_signals,-3.022766448778257,-1.2668915931057656,9.4892863294e-4,5.4088932078e-2
push_pings_pm,NA EMERALD-PLATINUM,adjacent,0.020492148149484968,0.013871560188831566,0.02827016134121002,0.003781857831698329,adjacent_nine_signals,-7.221214579956113,-5.252731631402178,6.0087677776e-8,5.5881540331e-6
push_pings_pm,NA DIAMOND-EMERALD,adjacent,0.018442604018150663,0.010423831535217936,0.026237533416438013,0.0043264263004503135,adjacent_nine_signals,-4.694865479432979,-2.8436071307139033,2.0189916395e-5,1.4334840641e-3
push_pings_pm,NA BRONZE,local_change,-0.010445739977952506,-0.018648352776442913,-0.001800649656844299,0.004200853698887922,local_change_nine_signals,-1.8894803529363717,0.0,1.2897919055e-2,1.0000000000e+0
push_pings_pm,NA SILVER,local_change,0.00918292013990609,0.0007896207962021911,0.018357931983940073,0.004343079991311718,local_change_nine_signals,-1.4623968389553377,0.0,3.4482850640e-2,1.0000000000e+0
push_pings_pm,NA GOLD,local_change,0.0007794491443190027,-0.009726189662293007,0.010238102927119297,0.0052056499130545665,local_change_nine_signals,-0.0550356516908533,0.0,8.8097654975e-1,1.0000000000e+0
push_pings_pm,NA PLATINUM,local_change,0.009896414863960673,-0.001329072863187904,0.022374083304693454,0.005977213429454698,local_change_nine_signals,-1.0097298321239223,0.0,9.7784533424e-2,1.0000000000e+0
push_pings_pm,NA EMERALD,local_change,-0.002049544131334305,-0.01578224869142932,0.0107323853605146,0.007110331330633734,local_change_nine_signals,-0.1117326823896513,0.0,7.7315633304e-1,1.0000000000e+0
push_pings_pm,EUW Diamond-Iron,endpoint,0.11706472354814854,0.10710682172465195,0.12724349990864006,0.005095796340181287,endpoint_nine_signals,-116.05947567000048,-114.91334763432225,8.7201575189e-117,1.2208220527e-115
push_pings_pm,EUW BRONZE-IRON,adjacent,0.009885147631090871,0.004693846911662302,0.015229332776601235,0.002633746612609242,adjacent_nine_signals,-3.7580888070040337,-1.9451754503611782,1.7454651938e-4,1.1345523760e-2
push_pings_pm,EUW SILVER-BRONZE,adjacent,0.005062915753225206,-0.0002978945642972179,0.010373029048514662,0.0026954396082449336,adjacent_nine_signals,-1.2194198282629782,0.0,6.0336508020e-2,1.0000000000e+0
push_pings_pm,EUW GOLD-SILVER,adjacent,0.009547309213238514,0.003358356121129542,0.016249481449747707,0.0031845658881035064,adjacent_nine_signals,-2.565809539330854,-0.8756134593023404,2.7176308297e-3,1.3316391066e-1
push_pings_pm,EUW PLATINUM-GOLD,adjacent,0.019292932536831453,0.011071018587953537,0.027703647268363434,0.004282947714441243,adjacent_nine_signals,-5.1771747939336885,-3.296361201652897,6.6500545233e-6,5.0540414377e-4
push_pings_pm,EUW EMERALD-PLATINUM,adjacent,0.029935636115209815,0.020110420577952853,0.039496192713158074,0.005133736979451932,adjacent_nine_signals,-8.259292115755951,-6.254970741973308,5.5043733594e-9,5.5594170930e-7
push_pings_pm,EUW DIAMOND-EMERALD,adjacent,0.04334078229855268,0.031730254211152754,0.05546918351595799,0.005951700106468711,adjacent_nine_signals,-12.483198453124846,-10.40401720707722,3.2870139474e-13,3.9444167369e-11
push_pings_pm,EUW BRONZE,local_change,-0.004822231877865665,-0.014118653961805743,0.0034113147351105665,0.004488457556787749,local_change_nine_signals,-0.5487354862812692,0.0,2.8266010355e-1,1.0000000000e+0
push_pings_pm,EUW SILVER,local_change,0.004484393460013308,-0.005518483331608285,0.014720821048056425,0.005097615960684774,local_change_nine_signals,-0.42133827483124964,0.0,3.7901964907e-1,1.0000000000e+0
push_pings_pm,EUW GOLD,local_change,0.009745623323592939,-0.002965924251407182,0.02161179131218882,0.006339088700625234,local_change_nine_signals,-0.9058821647648267,0.0,1.2419892454e-1,1.0000000000e+0
push_pings_pm,EUW PLATINUM,local_change,0.010642703578378362,-0.005381483536648293,0.025500145705200147,0.008317440617646528,local_change_nine_signals,-0.6974563837195218,0.0,2.0069826416e-1,1.0000000000e+0
push_pings_pm,EUW EMERALD,local_change,0.013405146183342875,-0.005511434048524909,0.03263157442688422,0.009467173996504968,local_change_nine_signals,-0.8046899070393024,0.0,1.5678701540e-1,1.0000000000e+0
push_pings_pm,KR Diamond-Iron,endpoint,-0.008409103654927592,-0.012261871619356548,-0.004684247335374161,0.001861244109037403,endpoint_nine_signals,-5.204634174883149,-4.903604179219168,6.2426045579e-6,1.2485209116e-5
push_pings_pm,KR BRONZE-IRON,adjacent,-0.005909182608666484,-0.0096395640030366,-0.002475701108919069,0.0018237680670585802,adjacent_nine_signals,-2.922669546093445,-1.1902269283993527,1.1948969536e-3,6.4531694865e-2
push_pings_pm,KR SILVER-BRONZE,adjacent,-0.004156798704069931,-0.0066758375922704345,-0.0016421360390201079,0.0013140091856628283,adjacent_nine_signals,-2.8071187295690647,-1.0986811473816507,1.5591262029e-3,7.9674409353e-2
push_pings_pm,KR GOLD-SILVER,adjacent,-0.004753774537693323,-0.006895851430335495,-0.0023601222106717384,0.0011659676004802234,adjacent_nine_signals,-4.341039600788208,-2.5021905100509527,4.5599533449e-5,3.1463678080e-3
push_pings_pm,KR PLATINUM-GOLD,adjacent,0.0009696550838022983,-0.0013883810260493115,0.0032526203034755523,0.0011377283131954498,adjacent_nine_signals,-0.40443477382719334,0.0,3.9406260700e-1,1.0000000000e+0
push_pings_pm,KR EMERALD-PLATINUM,adjacent,0.00217492096249694,-0.0002869168555567312,0.004771097978975833,0.0012662503024469896,adjacent_nine_signals,-1.0661674427309276,0.0,8.5868239170e-2,1.0000000000e+0
push_pings_pm,KR DIAMOND-EMERALD,adjacent,0.0032660761492029067,0.0005562134737244822,0.00603685247362328,0.0013775923434020073,adjacent_nine_signals,-1.7508790481174028,-0.14881905678944052,1.7746836650e-2,7.0987346601e-1
push_pings_pm,KR BRONZE,local_change,0.0017523839045965536,-0.0035251509847147194,0.0069287339432539995,0.0026428230919065595,local_change_nine_signals,-0.2947488531380554,0.0,5.0728397921e-1,1.0000000000e+0
push_pings_pm,KR SILVER,local_change,-0.0005969758336233921,-0.004717396069273788,0.0036013512716266136,0.0021453213014311296,local_change_nine_signals,-0.10745681439983763,0.0,7.8080607848e-1,1.0000000000e+0
push_pings_pm,KR GOLD,local_change,0.005723429621495621,0.001824188982447844,0.00922588401288431,0.0019524085254508537,local_change_nine_signals,-2.471905766335365,-0.3749957533273087,3.3736050155e-3,4.2170062693e-1
push_pings_pm,KR PLATINUM,local_change,0.0012052658786946419,-0.00285098770421807,0.005264680834915672,0.002054852454285819,local_change_nine_signals,-0.2537484827088681,0.0,5.5750853093e-1,1.0000000000e+0
push_pings_pm,KR EMERALD,local_change,0.0010911551867059666,-0.003723842243251258,0.005553004763436339,0.002306207335211404,local_change_nine_signals,-0.19646473109940657,0.0,6.3611446137e-1,1.0000000000e+0
push_pings_pm,KR-NA Diamond-Iron,between_region_endpoint,-0.07946834122984371,-0.08772205217532465,-0.07198672816910068,0.004026857267424073,between_region_endpoint_nine_signals,-85.96319024308674,-84.58297900137514,1.0884531910e-86,2.6122876584e-85
push_pings_pm,KR-EUW Diamond-Iron,between_region_endpoint,-0.12547382720307612,-0.13623085064638504,-0.11510662255309569,0.005365909765069294,between_region_endpoint_nine_signals,-120.20142589266477,-118.77006212850578,6.2888915763e-121,1.6980007256e-119
push_pings_pm,EUW-NA Diamond-Iron,between_region_endpoint,0.04600548597323241,0.03362028683576587,0.05871744563407588,0.0062023780289137635,between_region_endpoint_nine_signals,-12.922826292705746,-11.80888294039891,1.1944657664e-13,1.5528054963e-12
all_in_pings_pm,NA Diamond-Iron,endpoint,0.1256087099723059,0.10631673311155396,0.14345058923781887,0.009465982521180348,endpoint_nine_signals,-39.458463956199225,-38.61336591618497,3.4796538546e-40,2.4357576982e-39
all_in_pings_pm,NA BRONZE-IRON,adjacent,-0.00726044629428757,-0.020318071691610807,0.007017164578776126,0.00668713553241278,adjacent_nine_signals,-0.5565852846830793,0.0,2.7759696609e-1,1.0000000000e+0
all_in_pings_pm,NA SILVER-BRONZE,adjacent,0.0005469252463484453,-0.01052622490384695,0.01183310015974431,0.005655662618756304,adjacent_nine_signals,-0.034816435087554574,0.0,9.2296145638e-1,1.0000000000e+0
all_in_pings_pm,NA GOLD-SILVER,adjacent,0.01106843272372611,-0.00014102713462813362,0.022180922960318684,0.005784814912732465,adjacent_nine_signals,-1.2541292285216383,0.0,5.5701997759e-2,1.0000000000e+0
all_in_pings_pm,NA PLATINUM-GOLD,adjacent,0.01783913908500734,0.006143955545745406,0.030899080754039823,0.00635523610104672,adjacent_nine_signals,-2.300982634099871,-0.6288847761641536,5.0005452999e-3,2.3502562909e-1
all_in_pings_pm,NA EMERALD-PLATINUM,adjacent,0.047467333512795584,0.03239871918676385,0.06184745432131166,0.007810661332710041,adjacent_nine_signals,-8.91270898453292,-6.88332520684771,1.2226186477e-9,1.3082019530e-7
all_in_pings_pm,NA DIAMOND-EMERALD,adjacent,0.055947325698715994,0.03747737523957698,0.07594440483703974,0.009981963476846396,adjacent_nine_signals,-7.681007858615079,-5.689781782922584,2.0844531643e-8,2.0427641010e-6
all_in_pings_pm,NA BRONZE,local_change,0.007807371540636016,-0.01586867832762625,0.028848749058679655,0.010495944411262951,local_change_nine_signals,-0.34011293438801726,0.0,4.5696934338e-1,1.0000000000e+0
all_in_pings_pm,NA SILVER,local_change,0.010521507477377665,-0.008898953509649693,0.029665815264259834,0.009792522881321817,local_change_nine_signals,-0.5487906734127611,0.0,2.8262418734e-1,1.0000000000e+0
all_in_pings_pm,NA GOLD,local_change,0.0067707063612812285,-0.012957640130257754,0.02678493667707292,0.010497751510742188,local_change_nine_signals,-0.2848758376301197,0.0,5.1894838217e-1,1.0000000000e+0
all_in_pings_pm,NA PLATINUM,local_change,0.029628194427788246,0.006039721206701046,0.0517232600844029,0.012050955203631163,local_change_nine_signals,-1.8554597844517495,0.0,1.3948908182e-2,1.0000000000e+0
all_in_pings_pm,NA EMERALD,local_change,0.00847999218592041,-0.018370426849240163,0.04045778664651811,0.015437746250875186,local_change_nine_signals,-0.23448202862224374,0.0,5.8279789084e-1,1.0000000000e+0
all_in_pings_pm,EUW Diamond-Iron,endpoint,0.13458832743724963,0.11491496873009703,0.1516620020098164,0.009940089808188281,endpoint_nine_signals,-41.04167657259376,-40.138586585601814,9.0849685329e-42,7.2679748263e-41
all_in_pings_pm,EUW BRONZE-IRON,adjacent,-0.009770138265431494,-0.022105815465350707,0.001861101328583849,0.006505469199820839,adjacent_nine_signals,-0.8756919408610075,0.0,1.3313984872e-1,1.0000000000e+0
all_in_pings_pm,EUW SILVER-BRONZE,adjacent,-0.011902319854554769,-0.02233753836652978,-0.0011401109037561601,0.005556236839510348,adjacent_nine_signals,-1.492400181007689,0.0,3.2181021018e-2,1.0000000000e+0
all_in_pings_pm,EUW GOLD-SILVER,adjacent,0.021339167811871715,0.01011863239001649,0.0345658017683046,0.006106630215132128,adjacent_nine_signals,-3.3232312676765816,-1.5523792560344374,4.7508217090e-4,2.8029848083e-2
all_in_pings_pm,EUW PLATINUM-GOLD,adjacent,0.025312797177085844,0.009959537109459526,0.03931742758887239,0.007632231433091886,adjacent_nine_signals,-3.0403331519632,-1.2769051584002629,9.1131149431e-4,5.2856066670e-2
all_in_pings_pm,EUW EMERALD-PLATINUM,adjacent,0.03948585683564507,0.022104213889607736,0.05623206361885103,0.008847951844858842,adjacent_nine_signals,-5.091896006883452,-3.222664287152476,8.0928966282e-6,5.9887435048e-4
all_in_pings_pm,EUW DIAMOND-EMERALD,adjacent,0.07012296373263327,0.04975129977574267,0.08963953057563903,0.010817336796087469,adjacent_nine_signals,-10.044608496036883,-7.991530052553463,9.0238424445e-11,1.0196941962e-8
all_in_pings_pm,EUW BRONZE,local_change,-0.002132181589123275,-0.021806612999052403,0.018362700742205574,0.010390409798672935,local_change_nine_signals,-0.07706152335865828,0.0,8.3741064381e-1,1.0000000000e+0
all_in_pings_pm,EUW SILVER,local_change,0.033241487666426484,0.014614872507768854,0.05288518509168524,0.009768263256246914,local_change_nine_signals,-3.176212306305605,-1.0724085853496481,6.6648087816e-4,8.4643071527e-2
all_in_pings_pm,EUW GOLD,local_change,0.003973629365214143,-0.02132166730638264,0.025476539720827023,0.011941117679646047,local_change_nine_signals,-0.13117404214762518,0.0,7.3930893995e-1,1.0000000000e+0
all_in_pings_pm,EUW PLATINUM,local_change,0.014173059658559223,-0.013606838039292062,0.04064626139624851,0.014318743461856905,local_change_nine_signals,-0.4917944843573855,0.0,3.2225934173e-1,1.0000000000e+0
all_in_pings_pm,EUW EMERALD,local_change,0.030637106896988203,-0.0014495503551891274,0.06352086347184725,0.016838909950655172,local_change_nine_signals,-1.162115872088989,0.0,6.8846858474e-2,1.0000000000e+0
all_in_pings_pm,KR Diamond-Iron,endpoint,0.005455442006516181,-0.004248358639819799,0.015220767057363043,0.005026347330661635,endpoint_nine_signals,-0.556333081611775,-0.556333081611775,2.7775821875e-1,2.7775821875e-1
all_in_pings_pm,KR BRONZE-IRON,adjacent,-0.022568046891144486,-0.031478604273306364,-0.013713468849684144,0.004419022154904036,adjacent_nine_signals,-6.485088129904334,-4.540605457754165,3.2727427548e-7,2.8800136242e-5
all_in_pings_pm,KR SILVER-BRONZE,adjacent,-0.005674059045296845,-0.014804627714812026,0.0026418612040040317,0.004526536846980893,adjacent_nine_signals,-0.6777389844673866,0.0,2.1002017476e-1,1.0000000000e+0
all_in_pings_pm,KR GOLD-SILVER,adjacent,-0.003878641229283941,-0.011868971068619507,0.004639182763724261,0.004276158671791822,adjacent_nine_signals,-0.43843789555462703,0.0,3.6438635387e-1,1.0000000000e+0
all_in_pings_pm,KR PLATINUM-GOLD,adjacent,0.0122055559857676,0.003008200553561931,0.02139141815019254,0.0046610590143932665,adjacent_nine_signals,-2.054110732810595,-0.3913529011290209,8.8285476872e-3,4.0611319361e-1
all_in_pings_pm,KR EMERALD-PLATINUM,adjacent,0.011964353945708842,0.001305100082851561,0.022289518865942822,0.005406371832713766,adjacent_nine_signals,-1.5702966612501519,-0.0020949371831568975,2.6896968772e-2,9.9518784457e-1
all_in_pings_pm,KR DIAMOND-EMERALD,adjacent,0.013406279240765012,0.002977916755281273,0.02384689355528263,0.005372866973230131,adjacent_nine_signals,-1.8999996121087401,-0.2665311565291537,1.2589265362e-2,5.4133841057e-1
all_in_pings_pm,KR BRONZE,local_change,0.01689398784584764,0.0016332414489150784,0.031204660821017964,0.007663513664649144,local_change_nine_signals,-1.5608048761954751,0.0,2.7491290296e-2,1.0000000000e+0
all_in_pings_pm,KR SILVER,local_change,0.0017954178160129036,-0.012953705635114415,0.01681474153453272,0.007822267811376314,local_change_nine_signals,-0.08700268925097791,0.0,8.1845972003e-1,1.0000000000e+0
all_in_pings_pm,KR GOLD,local_change,0.01608419721505154,0.0012739726566410388,0.030264740222022562,0.007318437017339015,local_change_nine_signals,-1.5533707331330704,0.0,2.7965930039e-2,1.0000000000e+0
all_in_pings_pm,KR PLATINUM,local_change,-0.00024120204005875778,-0.0188014595813323,0.01683691867633416,0.008964238261258684,local_change_nine_signals,-0.009424170192727564,0.0,9.7853379636e-1,1.0000000000e+0
all_in_pings_pm,KR EMERALD,local_change,0.0014419252950561706,-0.017712691298518053,0.019882558161149037,0.00933087541110351,local_change_nine_signals,-0.056906458451925636,0.0,8.7718973639e-1,1.0000000000e+0
all_in_pings_pm,KR-NA Diamond-Iron,between_region_endpoint,-0.12015326796578973,-0.14135597952547493,-0.09820074818475508,0.010629291655429616,between_region_endpoint_nine_signals,-28.901677577607476,-27.671228656229204,1.2540718586e-29,2.1319221597e-28
all_in_pings_pm,KR-EUW Diamond-Iron,between_region_endpoint,-0.12913288543073342,-0.14942773321708244,-0.10668778784977254,0.011037535855984982,between_region_endpoint_nine_signals,-30.891734530083454,-29.612980929130625,1.2831146687e-31,2.4379178706e-30
all_in_pings_pm,EUW-NA Diamond-Iron,between_region_endpoint,0.008979617464943732,-0.018476360943504234,0.03447733426679237,0.01364736757826748,between_region_endpoint_nine_signals,-0.29195778133536715,0.0,5.1055462963e-1,1.0000000000e+0
