region,display_region_linear,maintenance_difference_sd,model_predictor_z_linear,probability_linear,ci_low_linear,ci_high_linear,se_linear,n_model_matches_linear,n_reference_matches_linear,method_linear,specification_linear,display_region_spline,model_predictor_z_spline,probability_spline,ci_low_spline,ci_high_spline,se_spline,n_model_matches_spline,n_reference_matches_spline,method_spline,specification_spline,difference_percentage_points
NA,NA,-2.0,-1.9576089465939224,0.4532216165232315,0.4508507162693947,0.4555925167770683,0.0012096429866514,2210921,2208868,Common-reference standardization; fixed reference distribution; stratified match-score delta-method 95% CI,linear_logit,NA,-1.9576089465939224,0.4537731955017656,0.4502124581380395,0.4573339328654918,0.0018167027365949,2210921,2208868,Common-reference standardization; fixed reference distribution; stratified match-score delta-method 95% CI,restricted_cubic_spline,0.0551578978534084
NA,NA,-1.95,-1.9076089465939223,0.4541621654743653,0.4518380020915971,0.4564863288571334,0.0011857976442694,2210921,2208868,Common-reference standardization; fixed reference distribution; stratified match-score delta-method 95% CI,linear_logit,NA,-1.9076089465939223,0.4546399735135296,0.4512379651993772,0.4580419818276819,0.0017357185276287,2210921,2208868,Common-reference standardization; fixed reference distribution; stratified match-score delta-method 95% CI,restricted_cubic_spline,0.0477808039164306
NA,NA,-1.9,-1.8576089465939225,0.4551030107015447,0.4528253557422171,0.4573806656608722,0.0011620688567997,2210921,2208868,Common-reference standardization; fixed reference distribution; stratified match-score delta-method 95% CI,linear_logit,NA,-1.8576089465939225,0.4555070004558907,0.452260562324732,0.4587534385870495,0.001656345985285,2210921,2208868,Common-reference standardization; fixed reference distribution; stratified match-score delta-method 95% CI,restricted_cubic_spline,0.0403989754346023
NA,NA,-1.85,-1.807608946593923,0.4560441461598232,0.453812752660268,0.4582755396593784,0.0011384660712016,2210921,2208868,Common-reference standardization; fixed reference distribution; stratified match-score delta-method 95% CI,linear_logit,NA,-1.807608946593923,0.4563742715976396,0.4532797430159141,0.4594688001793651,0.0015788411131252,2210921,2208868,Common-reference standardization; fixed reference distribution; stratified match-score delta-method 95% CI,restricted_cubic_spline,0.0330125437816408
NA,NA,-1.8,-1.7576089465939226,0.4569855657976292,0.4548001668844322,0.4591709647108262,0.0011149994455086,2210921,2208868,Common-reference standardization; fixed reference distribution; stratified match-score delta-method 95% CI,linear_logit,NA,-1.7576089465939226,0.4572417822028528,0.4542949105635143,0.4601886538421914,0.001503505938438,2210921,2208868,Common-reference standardization; fixed reference distribution; stratified match-score delta-method 95% CI,restricted_cubic_spline,0.0256216405223552
NA,NA,-1.75,-1.7076089465939226,0.4579272635569089,0.4557875709269982,0.4600669561868196,0.0010916799132197,2210921,2208868,Common-reference standardization; fixed reference distribution; stratified match-score delta-method 95% CI,linear_logit,NA,-1.7076089465939226,0.4581095275309422,0.455305362063916,0.4609136929979684,0.0014306966668501,2210921,2208868,Common-reference standardization; fixed reference distribution; stratified match-score delta-method 95% CI,restricted_cubic_spline,0.0182263974033314
NA,NA,-1.7,-1.6576089465939223,0.4588692333732577,0.4567749356360571,0.4609635311104584,0.0010685192536737,2210921,2208868,Common-reference standardization; fixed reference distribution; stratified match-score delta-method 95% CI,linear_logit,NA,-1.6576089465939223,0.4589775028367908,0.456310271213491,0.4616447344600906,0.0013608324608672,2210921,2208868,Common-reference standardization; fixed reference distribution; stratified match-score delta-method 95% CI,restricted_cubic_spline,0.0108269463533094
NA,NA,-1.65,-1.6076089465939225,0.4598114691760603,0.4577622300450229,0.4618607083070978,0.0010455301688966,2210921,2208868,Common-reference standardization; fixed reference distribution; stratified match-score delta-method 95% CI,linear_logit,NA,-1.6076089465939225,0.4598457688408996,0.4573086988837408,0.4623828387980584,0.00129442344753,2210921,2208868,Common-reference standardization; fixed reference distribution; stratified match-score delta-method 95% CI,restricted_cubic_spline,0.003429966483931
NA,NA,-1.6,-1.557608946593923,0.4607539648886289,0.4587494212089265,0.4627585085683314,0.0010227263671951,2210921,2208868,Common-reference standardization; fixed reference distribution; stratified match-score delta-method 95% CI,linear_logit,NA,-1.557608946593923,0.4607146812563908,0.4582997251803137,0.4631296373324678,0.001232120446978,2210921,2208868,Common-reference standardization; fixed reference distribution; stratified match-score delta-method 95% CI,restricted_cubic_spline,-0.0039283632238096
NA,NA,-1.55,-1.5076089465939226,0.461696714428343,0.4597364740263364,0.4636569548303496,0.0010001226540849,2210921,2208868,Common-reference standardization; fixed reference distribution; stratified match-score delta-method 95% CI,linear_logit,NA,-1.5076089465939226,0.4615846791564881,0.4592824655819848,0.4638868927309914,0.0011745987625016,2210921,2208868,Common-reference standardization; fixed reference distribution; stratified match-score delta-method 95% CI,restricted_cubic_spline,-0.0112035271854882
NA,NA,-1.5,-1.4576089465939226,0.4626397117067767,0.4607233510465437,0.4645560723670096,0.000977735030731,2210921,2208868,Common-reference standardization; fixed reference distribution; stratified match-score delta-method 95% CI,linear_logit,NA,-1.4576089465939226,0.4624562020277827,0.4602561007145669,0.4646563033409985,0.001122500670008,2210921,2208868,Common-reference standardization; fixed reference distribution; stratified match-score delta-method 95% CI,restricted_cubic_spline,-0.0183509678993998
NA,NA,-1.45,-1.4076089465939223,0.4635829506298646,0.4617100122615354,0.4654558889981937,0.0009555808001679,2210921,2208868,Common-reference standardization; fixed reference distribution; stratified match-score delta-method 95% CI,linear_logit,NA,-1.4076089465939223,0.4633296897425733,0.4612199470842651,0.4654394324008815,0.0010763993154633,2210921,2208868,Common-reference standardization; fixed reference distribution; stratified match-score delta-method 95% CI,restricted_cubic_spline,-0.0253260887291273
NA,NA,-1.4,-1.3576089465939225,0.464526425098005,0.4626964148824954,0.4663564353135146,0.0009336786813824,2210921,2208868,Common-reference standardization; fixed reference distribution; stratified match-score delta-method 95% CI,linear_logit,NA,-1.3576089465939225,0.4642055825360365,0.4621735435406736,0.4662376215313993,0.0010367545894708,2210921,2208868,Common-reference standardization; fixed reference distribution; stratified match-score delta-method 95% CI,restricted_cubic_spline,-0.0320842561968515
NA,NA,-1.35,-1.307608946593923,0.46547012900623,0.4636825131013371,0.4672577449111229,0.0009120489310678,2210921,2208868,Common-reference standardization; fixed reference distribution; stratified match-score delta-method 95% CI,linear_logit,NA,-1.307608946593923,0.4650843209836179,0.4631167453716288,0.4670518965956071,0.0010038651081577,2210921,2208868,Common-reference standardization; fixed reference distribution; stratified match-score delta-method 95% CI,restricted_cubic_spline,-0.0385808022612121
NA,NA,-1.2999999999999998,-1.2576089465939224,0.4664140562443314,0.4646682578379826,0.4681598546506803,0.0008907134726269,2210921,2208868,Common-reference standardization; fixed reference distribution; stratified match-score delta-method 95% CI,linear_logit,NA,-1.2576089465939224,0.4659663459785105,0.4640498118496821,0.467882880107339,0.0009778235351165,2210921,2208868,Common-reference standardization; fixed reference distribution; stratified match-score delta-method 95% CI,restricted_cubic_spline,-0.044771026582091
NA,NA,-1.25,-1.2076089465939226,0.4673582006969945,0.46565359647512,0.469062804918869,0.0008696960315686,2210921,2208868,Common-reference standardization; fixed reference distribution; stratified match-score delta-method 95% CI,linear_logit,NA,-1.2076089465939226,0.4668520987091725,0.4649734692259201,0.4687307281924249,0.0009584844302308,2210921,2208868,Common-reference standardization; fixed reference distribution; stratified match-score delta-method 95% CI,restricted_cubic_spline,-0.0506101987822027
NA,NA,-1.2,-1.1576089465939223,0.4683025562439563,0.466638472583198,0.4699666399047146,0.000849022275897,2210921,2208868,Common-reference standardization; fixed reference distribution; stratified match-score delta-method 95% CI,linear_logit,NA,-1.1576089465939223,0.4677420206367781,0.4658889326156924,0.4695951086578638,0.0009454530719825,2210921,2208868,Common-reference standardization; fixed reference distribution; stratified match-score delta-method 95% CI,restricted_cubic_spline,-0.0560535607178169
NA,NA,-1.15,-1.1076089465939225,0.4692471167601285,0.467622825639659,0.470871407880598,0.0008287199594231,2210921,2208868,Common-reference standardization; fixed reference distribution; stratified match-score delta-method 95% CI,linear_logit,NA,-1.1076089465939225,0.4686365534725075,0.4667978781182893,0.4704752288267257,0.0009380996705195,2210921,2208868,Common-reference standardization; fixed reference distribution; stratified match-score delta-method 95% CI,restricted_cubic_spline,-0.0610563287620991
NA,NA,-1.1,-1.057608946593923,0.4701918761157474,0.4686065907482887,0.4717771614832061,0.0008088190650299,2210921,2208868,Common-reference standardization; fixed reference distribution; stratified match-score delta-method 95% CI,linear_logit,NA,-1.057608946593923,0.4695361391545692,0.4677023685508875,0.471369909758251,0.0009355972467764,2210921,2208868,Common-reference standardization; fixed reference distribution; stratified match-score delta-method 95% CI,restricted_cubic_spline,-0.065573696117821
NA,NA,-1.0499999999999998,-1.0076089465939224,0.4711368281765092,0.469589698366423,0.4726839579865954,0.0007893519439215,2210921,2208868,Common-reference standardization; fixed reference distribution; stratified match-score delta-method 95% CI,linear_logit,NA,-1.0076089465939224,0.4704412198249218,0.4686047473107678,0.4722776923390758,0.0009369757725275,2210921,2208868,Common-reference standardization; fixed reference distribution; stratified match-score delta-method 95% CI,restricted_cubic_spline,-0.0695608351587384
NA,NA,-1.0,-0.9576089465939224,0.4720819668037157,0.4705720740506819,0.4735918595567495,0.0007703534454253,2210921,2208868,Common-reference standardization; fixed reference distribution; stratified match-score delta-method 95% CI,linear_logit,NA,-0.9576089465939224,0.471352237805474,0.4695075204209658,0.4731969551899821,0.0009411823390347,2210921,2208868,Common-reference standardization; fixed reference distribution; stratified match-score delta-method 95% CI,restricted_cubic_spline,-0.0729728998241752
NA,NA,-0.95,-0.9076089465939224,0.4730272858544126,0.471553638234696,0.4745009334741292,0.0007518610304676,2210921,2208868,Common-reference standardization; fixed reference distribution; stratified match-score delta-method 95% CI,linear_logit,NA,-0.9076089465939224,0.4722696355738296,0.4704132453320744,0.4741260258155848,0.0009471378784464,2210921,2208868,Common-reference standardization; fixed reference distribution; stratified match-score delta-method 95% CI,restricted_cubic_spline,-0.0757650280582999
NA,NA,-0.8999999999999999,-0.8576089465939224,0.4739727791815338,0.4725343060560786,0.475411252306989,0.0007339148599261,2210921,2208868,Common-reference standardization; fixed reference distribution; stratified match-score delta-method 95% CI,linear_logit,NA,-0.8576089465939224,0.4731938557383077,0.4713244386724468,0.4750632728041687,0.000953784217276,2210921,2208868,Common-reference standardization; fixed reference distribution; stratified match-score delta-method 95% CI,restricted_cubic_spline,-0.0778923443226109
NA,NA,-0.8499999999999999,-0.8076089465939223,0.4749184406340349,0.4735139872535656,0.4763228940145041,0.0007165578471781,2210921,2208868,Common-reference standardization; fixed reference distribution; stratified match-score delta-method 95% CI,linear_logit,NA,-0.8076089465939223,0.4741253410122721,0.4722435074677633,0.476007174556781,0.0009601191553616,2210921,2208868,Common-reference standardization; fixed reference distribution; stratified match-score delta-method 95% CI,restricted_cubic_spline,-0.0793099621762771
NA,NA,-0.7999999999999998,-0.7576089465939223,0.4758642640570487,0.4744925861599284,0.477235941954169,0.000699835661796,2210921,2208868,Common-reference standardization; fixed reference distribution; stratified match-score delta-method 95% CI,linear_logit,NA,-0.7576089465939223,0.4750645341875683,0.4731727021806309,0.4769563661945056,0.0009652204117027,2210921,2208868,Common-reference standardization; fixed reference distribution; stratified match-score delta-method 95% CI,restricted_cubic_spline,-0.0799729869480403
NA,NA,-0.75,-0.7076089465939225,0.4768102432920107,0.4754700018196771,0.4781504847643443,0.0006837966695579,2210921,2208868,Common-reference standardization; fixed reference distribution; stratified match-score delta-method 95% CI,linear_logit,NA,-0.7076089465939225,0.4760118781070116,0.474114086295252,0.4779096699187712,0.0009682611284487,2210921,2208868,Common-reference standardization; fixed reference distribution; stratified match-score delta-method 95% CI,restricted_cubic_spline,-0.0798365184999094
NA,NA,-0.7,-0.6576089465939224,0.4777563721768145,0.4764461282652507,0.4790666160883783,0.0006684917916141,2210921,2208868,Common-reference standardization; fixed reference distribution; stratified match-score delta-method 95% CI,linear_logit,NA,-0.6576089465939224,0.4769678156358005,0.4750695157507083,0.4788661155208927,0.0009685203495368,2210921,2208868,Common-reference standardization; fixed reference distribution; stratified match-score delta-method 95% CI,restricted_cubic_spline,-0.0788556541014007
NA,NA,-0.6499999999999999,-0.6076089465939224,0.4787026445459427,0.4774208549867154,0.4799844341051699,0.0006539742649118,2210921,2208868,Common-reference standardization; fixed reference distribution; stratified match-score delta-method 95% CI,linear_logit,NA,-0.6076089465939224,0.4779327896317161,0.4760406213886047,0.4798249578748275,0.0009653919607711,2210921,2208868,Common-reference standardization; fixed reference distribution; stratified match-score delta-method 95% CI,restricted_cubic_spline,-0.0769854914226597
NA,NA,-0.5999999999999999,-0.5576089465939223,0.479649054230618,0.4783940676315335,0.4809040408297025,0.0006402992852471,2210921,2208868,Common-reference standardization; fixed reference distribution; stratified match-score delta-method 95% CI,linear_logit,NA,-0.5576089465939223,0.478907242914046,0.4770287878157299,0.4807856980123621,0.0009583954583245,2210921,2208868,Common-reference standardization; fixed reference distribution; stratified match-score delta-method 95% CI,restricted_cubic_spline,-0.0741811316571972
NA,NA,-0.5499999999999998,-0.5076089465939223,0.4805955950589512,0.4793656489675256,0.4818255411503768,0.0006275235160334,2210921,2208868,Common-reference standardization; fixed reference distribution; stratified match-score delta-method 95% CI,linear_logit,NA,-0.5076089465939223,0.4798916182310347,0.4780351220176093,0.4817481144444602,0.0009471919456252,2210921,2208868,Common-reference standardization; fixed reference distribution; stratified match-score delta-method 95% CI,restricted_cubic_spline,-0.0703976827916508
NA,NA,-0.5,-0.4576089465939225,0.4815422608560573,0.4803354801361525,0.4827490415759621,0.000615704448931,2210921,2208868,Common-reference standardization; fixed reference distribution; stratified match-score delta-method 95% CI,linear_logit,NA,-0.4576089465939225,0.4808863582258267,0.4790604042532883,0.4827123121983652,0.0009316091696624,2210921,2208868,Common-reference standardization; fixed reference distribution; stratified match-score delta-method 95% CI,restricted_cubic_spline,-0.0655902630230576
NA,NA,-0.4499999999999999,-0.4076089465939224,0.4824890454442299,0.4813034422110652,0.4836746486773947,0.0006048996087575,2210921,2208868,Common-reference standardization; fixed reference distribution; stratified match-score delta-method 95% CI,linear_logit,NA,-0.4076089465939224,0.4818919054006556,0.480105011941128,0.4836787988601832,0.0009116803364936,2210921,2208868,Common-reference standardization; fixed reference distribution; stratified match-score delta-method 95% CI,restricted_cubic_spline,-0.0597140043574306
NA,NA,-0.3999999999999999,-0.3576089465939224,0.4834359426430683,0.4822694180589702,0.4846024672271664,0.0005951656041316,2210921,2208868,Common-reference standardization; fixed reference distribution; stratified match-score delta-method 95% CI,linear_logit,NA,-0.3576089465939224,0.4829086823371398,0.4811687664864528,0.4846485981878268,0.0008877121687178,2210921,2208868,Common-reference standardization; fixed reference distribution; stratified match-score delta-method 95% CI,restricted_cubic_spline,-0.0527260305928478
NA,NA,-0.3499999999999998,-0.3076089465939223,0.4843829462696119,0.4832332944766838,0.48553259806254,0.0005865570372082,2210921,2208868,Common-reference standardization; fixed reference distribution; stratified match-score delta-method 95% CI,linear_logit,NA,-0.3076089465939223,0.4839362621487142,0.482249231800041,0.4856232924973875,0.0008607297697312,2210921,2208868,Common-reference standardization; fixed reference distribution; stratified match-score delta-method 95% CI,restricted_cubic_spline,-0.0446684120897711
NA,NA,-0.2999999999999998,-0.2576089465939223,0.4853300501385023,0.4841949645495884,0.4864651357274161,0.0005791253004662,2210921,2208868,Common-reference standardization; fixed reference distribution; stratified match-score delta-method 95% CI,linear_logit,NA,-0.2576089465939223,0.4849730642411525,0.4833412875758772,0.4866048409064278,0.0008325391149363,2210921,2208868,Common-reference standardization; fixed reference distribution; stratified match-score delta-method 95% CI,restricted_cubic_spline,-0.0356985897349781
NA,NA,-0.25,-0.2076089465939224,0.4862772480621191,0.4851543301456562,0.487400165978582,0.0005729173043178,2210921,2208868,Common-reference standardization; fixed reference distribution; stratified match-score delta-method 95% CI,linear_logit,NA,-0.2076089465939224,0.4860174245918173,0.4844393817924196,0.4875954673912149,0.0008051238772437,2210921,2208868,Common-reference standardization; fixed reference distribution; stratified match-score delta-method 95% CI,restricted_cubic_spline,-0.0259823470301789
NA,NA,-0.1999999999999999,-0.1576089465939224,0.4872245338507132,0.4861113044301685,0.488337763271258,0.0005679741941554,2210921,2208868,Common-reference standardization; fixed reference distribution; stratified match-score delta-method 95% CI,linear_logit,NA,-0.1576089465939224,0.4870676780997211,0.4855378566093432,0.488597499590099,0.0007805211685601,2210921,2208868,Common-reference standardization; fixed reference distribution; stratified match-score delta-method 95% CI,restricted_cubic_spline,-0.0156855750992057
NA,NA,-0.1499999999999999,-0.1076089465939224,0.4881719013125674,0.4870658142615575,0.4892779883635773,0.0005643301280662,2210921,2208868,Common-reference standardization; fixed reference distribution; stratified match-score delta-method 95% CI,linear_logit,NA,-0.1076089465939224,0.4881221587007129,0.4866312115655834,0.4896131058358424,0.0007606873138415,2210921,2208868,Common-reference standardization; fixed reference distribution; stratified match-score delta-method 95% CI,restricted_cubic_spline,-0.0049742611854475
NA,NA,-0.0999999999999998,-0.0576089465939223,0.4891193442541245,0.4880178023170137,0.4902208861912354,0.0005620111924034,2210921,2208868,Common-reference standardization; fixed reference distribution; stratified match-score delta-method 95% CI,linear_logit,NA,-0.0576089465939223,0.4891791994899029,0.4877144716791611,0.4906439273006448,0.0007473101075213,2210921,2208868,Common-reference standardization; fixed reference distribution; stratified match-score delta-method 95% CI,restricted_cubic_spline,0.0059855235778394
NA,NA,-0.0499999999999998,-0.0076089465939223,0.4900668564801366,0.4889672287987718,0.4911664841615014,0.0005610345313085,2210921,2208868,Common-reference standardization; fixed reference distribution; stratified match-score delta-method 95% CI,linear_logit,NA,-0.0076089465939223,0.4902371328498459,0.4887836123071643,0.4916906533925276,0.000741592113613,2210921,2208868,Common-reference standardization; fixed reference distribution; stratified match-score delta-method 95% CI,restricted_cubic_spline,0.0170276369709287
NA,NA,0.0,0.0423910534060775,0.4910144317938156,0.4899140725919849,0.4921147909956462,0.000561407756036,2210921,2208868,Common-reference standardization; fixed reference distribution; stratified match-score delta-method 95% CI,linear_logit,NA,0.0423910534060775,0.4912942905830241,0.4898359296482045,0.4927526515178436,0.0007440617014385,2210921,2208868,Common-reference standardization; fixed reference distribution; stratified match-score delta-method 95% CI,restricted_cubic_spline,0.0279858789208498
NA,NA,0.0500000000000002,0.0923910534060777,0.4919620639969587,0.4908583317823726,0.4930657962115447,0.0005631286809112,2210921,2208868,Common-reference standardization; fixed reference distribution; stratified match-score delta-method 95% CI,linear_logit,NA,0.0923910534060777,0.4923490040471312,0.4908702229862489,0.4938277851080135,0.0007544801331031,2210921,2208868,Common-reference standardization; fixed reference distribution; stratified match-score delta-method 95% CI,restricted_cubic_spline,0.0386940050172535
NA,NA,0.1,0.1423910534060776,0.492909746890114,0.4918000234915618,0.4940194702886662,0.0005661854074245,2210921,2208868,Common-reference standardization; fixed reference distribution; stratified match-score delta-method 95% CI,linear_logit,NA,0.1423910534060776,0.4933996042916957,0.4918867121579037,0.4949124964254877,0.0007718837417306,2210921,2208868,Common-reference standardization; fixed reference distribution; stratified match-score delta-method 95% CI,restricted_cubic_spline,0.0489857401581694
NA,NA,0.1499999999999999,0.1923910534060774,0.493857474272711,0.4927391830437491,0.4949757655016728,0.0005705567494703,2210921,2208868,Common-reference standardization; fixed reference distribution; stratified match-score delta-method 95% CI,linear_logit,NA,0.1923910534060774,0.4944444221944936,0.4928867257745295,0.4960021186144576,0.0007947430714102,2210921,2208868,Common-reference standardization; fixed reference distribution; stratified match-score delta-method 95% CI,restricted_cubic_spline,0.0586947921782599
NA,NA,0.2000000000000001,0.2423910534060777,0.4948052399432001,0.4936758625314895,0.4959346173549108,0.0005762129651584,2210921,2208868,Common-reference standardization; fixed reference distribution; stratified match-score delta-method 95% CI,linear_logit,NA,0.2423910534060777,0.4954817885963029,0.4938722817371638,0.497091295455442,0.0008211769689485,2210921,2208868,Common-reference standardization; fixed reference distribution; stratified match-score delta-method 95% CI,restricted_cubic_spline,0.0676548653102793
NA,NA,0.25,0.2923910534060775,0.4957530376992186,0.4946101288922435,0.4968959465061937,0.0005831167382526,2210921,2208868,Common-reference standardization; fixed reference distribution; stratified match-score delta-method 95% CI,linear_logit,NA,0.2923910534060775,0.4965100344325766,0.4948456878618474,0.4981743810033057,0.0008491564136372,2210921,2208868,Common-reference standardization; fixed reference distribution; stratified match-score delta-method 95% CI,restricted_cubic_spline,0.0756996733357995
NA,NA,0.3000000000000002,0.3423910534060778,0.4967008613376978,0.4955420616366761,0.4978596610387195,0.0005912243372559,2210921,2208868,Common-reference standardization; fixed reference distribution; stratified match-score delta-method 95% CI,linear_logit,NA,0.3423910534060778,0.4975274908605213,0.4958092363349474,0.4992457453860952,0.0008766604722315,2210921,2208868,Common-reference standardization; fixed reference distribution; stratified match-score delta-method 95% CI,restricted_cubic_spline,0.0826629522823474
NA,NA,0.3500000000000001,0.3923910534060776,0.497648704655052,0.4964717503810404,0.4988256589290636,0.0006004868744957,2210921,2208868,Common-reference standardization; fixed reference distribution; stratified match-score delta-method 95% CI,linear_logit,NA,0.3923910534060776,0.4985324985246372,0.496765004824787,0.5002999922244875,0.0009017824999235,2210921,2208868,Common-reference standardization; fixed reference distribution; stratified match-score delta-method 95% CI,restricted_cubic_spline,0.0883793869585203
NA,NA,0.4000000000000003,0.4423910534060778,0.498596561447278,0.4973992923306882,0.4997938305638677,0.0006108515900967,2210921,2208868,Common-reference standardization; fixed reference distribution; stratified match-score delta-method 95% CI,linear_logit,NA,0.4423910534060778,0.4995241519155854,0.4977147758878464,0.5013335279433244,0.0009231510345607,2210921,2208868,Common-reference standardization; fixed reference distribution; stratified match-score delta-method 95% CI,restricted_cubic_spline,0.0927590468307426
NA,NA,0.4500000000000002,0.4923910534060777,0.4995444255101324,0.4983247898431461,0.5007640611771187,0.0006222630954011,2210921,2208868,Common-reference standardization; fixed reference distribution; stratified match-score delta-method 95% CI,linear_logit,NA,0.4923910534060777,0.5005028498103786,0.4986598795198377,0.5023458201009195,0.0009402909645617,2210921,2208868,Common-reference standardization; fixed reference distribution; stratified match-score delta-method 95% CI,restricted_cubic_spline,0.095842430024623
NA,NA,0.5,0.5423910534060775,0.500492290639256,0.4992483481716709,0.5017362331068412,0.0006346645242781,2210921,2208868,Common-reference standardization; fixed reference distribution; stratified match-score delta-method 95% CI,linear_logit,NA,0.5423910534060775,0.501469121238069,0.4996010933544651,0.5033371491216728,0.0009530754508183,2210921,2208868,Common-reference standardization; fixed reference distribution; stratified match-score delta-method 95% CI,restricted_cubic_spline,0.0976830598812927
NA,NA,0.5500000000000003,0.5923910534060778,0.501440150630329,0.5001700734601155,0.5027102278005424,0.0006479985562313,2210921,2208868,Common-reference standardization; fixed reference distribution; stratified match-score delta-method 95% CI,linear_logit,NA,0.5923910534060778,0.5024234957270473,0.500538756642941,0.5043082348111535,0.0009616015735235,2210921,2208868,Common-reference standardization; fixed reference distribution; stratified match-score delta-method 95% CI,restricted_cubic_spline,0.0983345096718268
NA,NA,0.6000000000000001,0.6423910534060776,0.5023879992792056,0.5010900710291759,0.5036859275292354,0.0006622082908315,2210921,2208868,Common-reference standardization; fixed reference distribution; stratified match-score delta-method 95% CI,linear_logit,NA,0.6423910534060776,0.5033665032536794,0.5014728588261135,0.5052601476812453,0.000966145116105,2210921,2208868,Common-reference standardization; fixed reference distribution; stratified match-score delta-method 95% CI,restricted_cubic_spline,0.0978503974473743
NA,NA,0.6500000000000004,0.6923910534060779,0.5033358303820689,0.5020084439681172,0.5046632167960206,0.0006772379663018,2210921,2208868,Common-reference standardization; fixed reference distribution; stratified match-score delta-method 95% CI,linear_logit,NA,0.6923910534060779,0.5042986741937721,0.5024030972672147,0.5061942511203295,0.0009671310849782,2210921,2208868,Common-reference standardization; fixed reference distribution; stratified match-score delta-method 95% CI,restricted_cubic_spline,0.0962843811703195
NA,NA,0.7000000000000002,0.7423910534060777,0.5042836377355573,0.5029252920257669,0.5056419834453477,0.0006930335254032,2210921,2208868,Common-reference standardization; fixed reference distribution; stratified match-score delta-method 95% CI,linear_logit,NA,0.7423910534060777,0.5052205392766154,0.5033289142655479,0.5071121642876828,0.0009651148015649,2210921,2208868,Common-reference standardization; fixed reference distribution; stratified match-score delta-method 95% CI,restricted_cubic_spline,0.0936901541058077
NA,NA,0.75,0.7923910534060775,0.5052314151369367,0.5038407107790958,0.5066221194947776,0.0007095430397147,2210921,2208868,Common-reference standardization; fixed reference distribution; stratified match-score delta-method 95% CI,linear_logit,NA,0.7923910534060775,0.5061326295414816,0.5042495212861897,0.5080157377967736,0.000960769518006,2210921,2208868,Common-reference standardization; fixed reference distribution; stratified match-score delta-method 95% CI,restricted_cubic_spline,0.0901214404544936
NA,NA,0.8000000000000003,0.8423910534060778,0.5061791563842123,0.5047547910488346,0.50760352171959,0.0007267170078457,2210921,2208868,Common-reference standardization; fixed reference distribution; stratified match-score delta-method 95% CI,linear_logit,NA,0.8423910534060778,0.5070354762963377,0.5051639171987392,0.5089070353939362,0.0009548770906114,2210921,2208868,Common-reference standardization; fixed reference distribution; stratified match-score delta-method 95% CI,restricted_cubic_spline,0.0856319912125425
NA,NA,0.8500000000000001,0.8923910534060776,0.5071268552762853,0.5056676185271876,0.5085860920253831,0.000744508545458,2210921,2208868,Common-reference standardization; fixed reference distribution; stratified match-score delta-method 95% CI,linear_logit,NA,0.8923910534060776,0.5079296110786494,0.5060709070147071,0.5097883151425917,0.0009483183999705,2210921,2208868,Common-reference standardization; fixed reference distribution; stratified match-score delta-method 95% CI,restricted_cubic_spline,0.0802755802364107
NA,NA,0.9000000000000004,0.942391053406078,0.5080745056131172,0.5065792735815227,0.5095697376447117,0.0007628734855074,2210921,2208868,Common-reference standardization; fixed reference distribution; stratified match-score delta-method 95% CI,linear_logit,NA,0.942391053406078,0.5088155656180923,0.5069691277858276,0.510662003450357,0.0009420601185023,2210921,2208868,Common-reference standardization; fixed reference distribution; stratified match-score delta-method 95% CI,restricted_cubic_spline,0.0741060004975091
NA,NA,0.9500000000000002,0.9923910534060776,0.5090221011958306,0.507489831199431,0.5105543711922301,0.0007817704063262,2210921,2208868,Common-reference standardization; fixed reference distribution; stratified match-score delta-method 95% CI,linear_logit,NA,0.9923910534060776,0.509693871800983,0.5078570884054088,0.5115306551965573,0.000937134385497,2210921,2208868,Common-reference standardization; fixed reference distribution; stratified match-score delta-method 95% CI,restricted_cubic_spline,0.0671770605152444
NA,NA,1.0,1.0423910534060774,0.5099696358269005,0.5083993610439378,0.5115399106098631,0.0008011606035523,2210921,2208868,Common-reference standardization; fixed reference distribution; stratified match-score delta-method 95% CI,linear_logit,NA,1.0423910534060774,0.5105650616363182,0.5087332292282015,0.5123968940444349,0.000934608371488,2210921,2208868,Common-reference standardization; fixed reference distribution; stratified match-score delta-method 95% CI,restricted_cubic_spline,0.0595425809417737
NA,NA,1.0500000000000005,1.0923910534060777,0.5109171033102498,0.5093079275914921,0.5125262790290074,0.0008210080197743,2210921,2208868,Common-reference standardization; fixed reference distribution; stratified match-score delta-method 95% CI,linear_logit,NA,1.0923910534060777,0.5114296672232393,0.509596004749096,0.5132633296973826,0.0009355420786445,2210921,2208868,Common-reference standardization; fixed reference distribution; stratified match-score delta-method 95% CI,restricted_cubic_spline,0.0512563912989594
NA,NA,1.1,1.1423910534060775,0.5118644974514386,0.510215590329442,0.5135134045734352,0.0008412791438757,2210921,2208868,Common-reference standardization; fixed reference distribution; stratified match-score delta-method 95% CI,linear_logit,NA,1.1423910534060775,0.5122882207197594,0.5104439874268571,0.5141324540126617,0.0009409353535215,2210921,2208868,Common-reference standardization; fixed reference distribution; stratified match-score delta-method 95% CI,restricted_cubic_spline,0.0423723268320852
NA,NA,1.1500000000000004,1.1923910534060778,0.5128118120577733,0.511122403993896,0.5145012201216506,0.0008619428897333,2210921,2208868,Common-reference standardization; fixed reference distribution; stratified match-score delta-method 95% CI,linear_logit,NA,1.1923910534060778,0.513141254312653,0.5112759835376657,0.5150065250876403,0.0009516687627486,2210921,2208868,Common-reference standardization; fixed reference distribution; stratified match-score delta-method 95% CI,restricted_cubic_spline,0.0329442254879741
NA,NA,1.2000000000000002,1.2423910534060776,0.5137590409384697,0.5120284188328146,0.5154896630441248,0.0008829704620689,2210921,2208868,Common-reference standardization; fixed reference distribution; stratified match-score delta-method 95% CI,linear_logit,NA,1.2423910534060776,0.5139893001883232,0.5120911448026544,0.5158874555739921,0.0009684466253412,2210921,2208868,Common-reference standardization; fixed reference distribution; stratified match-score delta-method 95% CI,restricted_cubic_spline,0.0230259249853537
NA,NA,1.25,1.2923910534060774,0.5147061779047848,0.5129336808820547,0.5164786749275149,0.0009043352156786,2210921,2208868,Common-reference standardization; fixed reference distribution; stratified match-score delta-method 95% CI,linear_logit,NA,1.2923910534060774,0.5148328905045503,0.5128890558807696,0.516776725128331,0.0009917523590717,2210921,2208868,Common-reference standardization; fixed reference distribution; stratified match-score delta-method 95% CI,restricted_cubic_spline,0.0126712599765488
NA,NA,1.3000000000000005,1.3423910534060777,0.5156532167701672,0.5138382322455667,0.5174682012947677,0.0009260125125512,2210921,2208868,Common-reference standardization; fixed reference distribution; stratified match-score delta-method 95% CI,linear_logit,NA,1.3423910534060777,0.5156725573629148,0.5136697805745841,0.5176753341512456,0.0010218248920054,2210921,2208868,Common-reference standardization; fixed reference distribution; stratified match-score delta-method 95% CI,restricted_cubic_spline,0.0019340592747663
NA,NA,1.35,1.3923910534060775,0.5166001513503995,0.5147421113725308,0.5184581913282682,0.0009479795805452,2210921,2208868,Common-reference standardization; fixed reference distribution; stratified match-score delta-method 95% CI,linear_logit,NA,1.3923910534060775,0.5165088327818823,0.5144338588173769,0.5185838067463877,0.0010586601859721,2210921,2208868,Common-reference standardization; fixed reference distribution; stratified match-score delta-method 95% CI,restricted_cubic_spline,-0.0091318568517184
NA,NA,1.4000000000000004,1.4423910534060778,0.5175469754637329,0.5156453533268509,0.5194485976006148,0.0009702153759601,2210921,2208868,Common-reference standardization; fixed reference distribution; stratified match-score delta-method 95% CI,linear_logit,NA,1.4423910534060778,0.517342248670271,0.515182258612564,0.5195022387279781,0.001102035743728,2210921,2208868,Common-reference standardization; fixed reference distribution; stratified match-score delta-method 95% CI,restricted_cubic_spline,-0.020472679346184
NA,NA,1.4500000000000002,1.4923910534060776,0.5184936829310389,0.5165479900454756,0.5204393758166023,0.000992700451818,2210921,2208868,Common-reference standardization; fixed reference distribution; stratified match-score delta-method 95% CI,linear_logit,NA,1.4923910534060776,0.51817333680114,0.5159162968778882,0.5204303767243917,0.0011515509812508,2210921,2208868,Common-reference standardization; fixed reference distribution; stratified match-score delta-method 95% CI,restricted_cubic_spline,-0.0320346129898951
NA,NA,1.5,1.5423910534060774,0.5194402675759576,0.5174500505834299,0.5214304845684854,0.0010154168329223,2210921,2208868,Common-reference standardization; fixed reference distribution; stratified match-score delta-method 95% CI,linear_logit,NA,1.5423910534060774,0.5190026287857983,0.5166375470704745,0.5213677105011221,0.0012066743445529,2210921,2208868,Common-reference standardization; fixed reference distribution; stratified match-score delta-method 95% CI,restricted_cubic_spline,-0.0437638790159344
NA,NA,1.5500000000000005,1.5923910534060777,0.5203867232250181,0.5183515613441865,0.5224218851058497,0.0010383478983835,2210921,2208868,Common-reference standardization; fixed reference distribution; stratified match-score delta-method 95% CI,linear_logit,NA,1.5923910534060777,0.5198306560479732,0.5173477494503663,0.52231356264558,0.0012667890804116,2210921,2208868,Common-reference standardization; fixed reference distribution; stratified match-score delta-method 95% CI,restricted_cubic_spline,-0.0556067177044927
NA,NA,1.6,1.6423910534060775,0.5213330437078082,0.5192525462950207,0.5234135411205957,0.0010614782718303,2210921,2208868,Common-reference standardization; fixed reference distribution; stratified match-score delta-method 95% CI,linear_logit,NA,1.6423910534060775,0.5206579497979167,0.5180487343802578,0.5232671652155756,0.0013312323559484,2210921,2208868,Common-reference standardization; fixed reference distribution; stratified match-score delta-method 95% CI,restricted_cubic_spline,-0.0675093909891511
NA,NA,1.6500000000000004,1.6923910534060778,0.5222792228570925,0.5201530271669166,0.5244054185472684,0.0010847937194774,2210921,2208868,Common-reference standardization; fixed reference distribution; stratified match-score delta-method 95% CI,linear_logit,NA,1.6923910534060778,0.5214849924029882,0.5187422865167721,0.5242276982892042,0.0013993397378653,2210921,2208868,Common-reference standardization; fixed reference distribution; stratified match-score delta-method 95% CI,restricted_cubic_spline,-0.0794230454104316
NA,NA,1.7000000000000002,1.7423910534060776,0.5232252545089695,0.5210530236395965,0.5253974853783425,0.0011082810558025,2210921,2208868,Common-reference standardization; fixed reference distribution; stratified match-score delta-method 95% CI,linear_logit,NA,1.7423910534060776,0.5223119257475711,0.5194296146772259,0.5251942368179163,0.0014705668726251,2210921,2208868,Common-reference standardization; fixed reference distribution; stratified match-score delta-method 95% CI,restricted_cubic_spline,-0.0913328761398379
NA,NA,1.75,1.7923910534060774,0.5241711325030194,0.5219525535121646,0.5263897114938741,0.0011319280565585,2210921,2208868,Common-reference standardization; fixed reference distribution; stratified match-score delta-method 95% CI,linear_logit,NA,1.7923910534060774,0.5231387462637684,0.520111574722653,0.5261659178048839,0.0015444752760793,2210921,2208868,Common-reference standardization; fixed reference distribution; stratified match-score delta-method 95% CI,restricted_cubic_spline,-0.1032386239250948
NA,NA,1.8000000000000005,1.8423910534060777,0.5251168506824243,0.5228516328598543,0.5273820685049944,0.0011557233788622,2210921,2208868,Common-reference standardization; fixed reference distribution; stratified match-score delta-method 95% CI,linear_logit,NA,1.8423910534060777,0.5239654498388451,0.5207888947866095,0.5271420048910807,0.0016206913531814,2210921,2208868,Common-reference standardization; fixed reference distribution; stratified match-score delta-method 95% CI,restricted_cubic_spline,-0.1151400843579231
NA,NA,1.85,1.8923910534060773,0.5260624028941225,0.5237502761779936,0.5283745296102514,0.0011796564878208,2210921,2208868,Common-reference standardization; fixed reference distribution; stratified match-score delta-method 95% CI,linear_logit,NA,1.8923910534060773,0.5247920323621774,0.5214621928150944,0.5281218719092604,0.0016988977281035,2210921,2208868,Common-reference standardization; fixed reference distribution; stratified match-score delta-method 95% CI,restricted_cubic_spline,-0.1270370531945119
NA,NA,1.9000000000000004,1.942391053406077,0.5270077829889569,0.5246484965136862,0.5293670694642276,0.0012037175894238,2210921,2208868,Common-reference standardization; fixed reference distribution; stratified match-score delta-method 95% CI,linear_logit,NA,1.942391053406077,0.5256184897253112,0.5221319925581662,0.5291049868924562,0.001778825085278,2210921,2208868,Common-reference standardization; fixed reference distribution; stratified match-score delta-method 95% CI,restricted_cubic_spline,-0.1389293263645674
NA,NA,1.95,1.9923910534060776,0.5279529848218036,0.5255463055863774,0.5303596640572299,0.001227897569095,2210921,2208868,Common-reference standardization; fixed reference distribution; stratified match-score delta-method 95% CI,linear_logit,NA,1.9923910534060776,0.5264448178220347,0.5227987380359181,0.5300908976081512,0.0018602447888349,2210921,2208868,Common-reference standardization; fixed reference distribution; stratified match-score delta-method 95% CI,restricted_cubic_spline,-0.1508166999768967
NA,NA,2.0,2.0423910534060776,0.5288980022517173,0.5264437138979522,0.5313522906054825,0.0012521879355944,2210921,2208868,Common-reference standardization; fixed reference distribution; stratified match-score delta-method 95% CI,linear_logit,NA,2.0423910534060776,0.5272710125484514,0.5234628061845661,0.5310792189123368,0.0019429624305537,2210921,2208868,Common-reference standardization; fixed reference distribution; stratified match-score delta-method 95% CI,restricted_cubic_spline,-0.1626989703265913
EUW,EUW,-2.0,-1.9576089465939224,0.4485387867797861,0.4462334100661715,0.4508441634934007,0.001176212608987,2210921,2208868,Common-reference standardization; fixed reference distribution; stratified match-score delta-method 95% CI,linear_logit,EUW,-1.9576089465939224,0.4459257919752194,0.4424427694228404,0.4494088145275984,0.0017770523226423,2210921,2208868,Common-reference standardization; fixed reference distribution; stratified match-score delta-method 95% CI,restricted_cubic_spline,-0.261299480456667
EUW,EUW,-1.95,-1.9076089465939223,0.4495430460754281,0.4472833208406231,0.4518027713102331,0.0011529210381658,2210921,2208868,Common-reference standardization; fixed reference distribution; stratified match-score delta-method 95% CI,linear_logit,EUW,-1.9076089465939223,0.4470558568253335,0.4437275369413121,0.450384176709355,0.0016981223898068,2210921,2208868,Common-reference standardization; fixed reference distribution; stratified match-score delta-method 95% CI,restricted_cubic_spline,-0.2487189250094612
EUW,EUW,-1.9,-1.8576089465939225,0.4505476781280687,0.4483333919323483,0.4527619643237891,0.0011297378549593,2210921,2208868,Common-reference standardization; fixed reference distribution; stratified match-score delta-method 95% CI,linear_logit,EUW,-1.8576089465939225,0.4481864176557416,0.4450098850049581,0.4513629503065251,0.0016206799238691,2210921,2208868,Common-reference standardization; fixed reference distribution; stratified match-score delta-method 95% CI,restricted_cubic_spline,-0.2361260472327098
EUW,EUW,-1.85,-1.807608946593923,0.4515526755845833,0.4493835978273168,0.4537217533418497,0.0011066723251359,2210921,2208868,Common-reference standardization; fixed reference distribution; stratified match-score delta-method 95% CI,linear_logit,EUW,-1.807608946593923,0.4493174639925162,0.446289326396262,0.4523456015887703,0.0015449681613541,2210921,2208868,Common-reference standardization; fixed reference distribution; stratified match-score delta-method 95% CI,restricted_cubic_spline,-0.2235211592067076
EUW,EUW,-1.8,-1.7576089465939226,0.452558031082317,0.450433911631416,0.454682150533218,0.001083734413725,2210921,2208868,Common-reference standardization; fixed reference distribution; stratified match-score delta-method 95% CI,linear_logit,EUW,-1.7576089465939226,0.4504489853456687,0.4475652879327484,0.4533326827585889,0.0014712741902654,2210921,2208868,Common-reference standardization; fixed reference distribution; stratified match-score delta-method 95% CI,restricted_cubic_spline,-0.2109045736648329
EUW,EUW,-1.75,-1.7076089465939226,0.4535637372492829,0.451484304944832,0.4556431695537337,0.0010609348492096,2210921,2208868,Common-reference standardization; fixed reference distribution; stratified match-score delta-method 95% CI,linear_logit,EUW,-1.7076089465939226,0.4515809712094991,0.4488370948545717,0.4543248475644264,0.0013999369157792,2210921,2208868,Common-reference standardization; fixed reference distribution; stratified match-score delta-method 95% CI,restricted_cubic_spline,-0.1982766039783812
EUW,EUW,-1.7,-1.6576089465939223,0.454569786704339,0.4525347477246249,0.4566048256840531,0.0010382851937317,2210921,2208868,Common-reference standardization; fixed reference distribution; stratified match-score delta-method 95% CI,linear_logit,EUW,-1.6576089465939223,0.4527134110629383,0.4501039537659741,0.4553228683599024,0.0013313557637572,2210921,2208868,Common-reference standardization; fixed reference distribution; stratified match-score delta-method 95% CI,restricted_cubic_spline,-0.1856375641400731
EUW,EUW,-1.65,-1.6076089465939225,0.4555761720573786,0.453585208134431,0.4575671359803263,0.0010157979198712,2210921,2208868,Common-reference standardization; fixed reference distribution; stratified match-score delta-method 95% CI,linear_logit,EUW,-1.6076089465939225,0.4538462649124012,0.4513648680815045,0.456327661743298,0.0012660187912738,2210921,2208868,Common-reference standardization; fixed reference distribution; stratified match-score delta-method 95% CI,restricted_cubic_spline,-0.1729907144977394
EUW,EUW,-1.6,-1.557608946593923,0.4565828859095338,0.4546356523803154,0.4585301194387522,0.0009934864944991,2210921,2208868,Common-reference standardization; fixed reference distribution; stratified match-score delta-method 95% CI,linear_logit,EUW,-1.557608946593923,0.4549793599876661,0.4526184340019045,0.4573402859734276,0.0012045540743681,2210921,2208868,Common-reference standardization; fixed reference distribution; stratified match-score delta-method 95% CI,restricted_cubic_spline,-0.1603525921867687
EUW,EUW,-1.55,-1.5076089465939226,0.4575899208533607,0.455686044532203,0.4594937971745184,0.0009713654699784,2210921,2208868,Common-reference standardization; fixed reference distribution; stratified match-score delta-method 95% CI,linear_logit,EUW,-1.5076089465939226,0.4561124859076459,0.4538631557517665,0.4583618160635254,0.0011476174264691,2210921,2208868,Common-reference standardization; fixed reference distribution; stratified match-score delta-method 95% CI,restricted_cubic_spline,-0.1477434945714784
EUW,EUW,-1.5,-1.4576089465939226,0.458597269473027,0.4567363463298113,0.4604581926162427,0.0009494505832732,2210921,2208868,Common-reference standardization; fixed reference distribution; stratified match-score delta-method 95% CI,linear_logit,EUW,-1.4576089465939226,0.4572454320000148,0.4550975902740473,0.4593932737259824,0.0010958376152895,2210921,2208868,Common-reference standardization; fixed reference distribution; stratified match-score delta-method 95% CI,restricted_cubic_spline,-0.1351837473012207
EUW,EUW,-1.45,-1.4076089465939223,0.4596049243445158,0.45778651697276,0.4614233317162716,0.0009277588631406,2210921,2208868,Common-reference standardization; fixed reference distribution; stratified match-score delta-method 95% CI,linear_logit,EUW,-1.4076089465939223,0.4583779873225378,0.4563204128573067,0.4604355617877689,0.001049782890424,2210921,2208868,Common-reference standardization; fixed reference distribution; stratified match-score delta-method 95% CI,restricted_cubic_spline,-0.1226937021977958
EUW,EUW,-1.4,-1.3576089465939225,0.4606128780358084,0.4588365128946677,0.462389243176949,0.0009063087454799,2210921,2208868,Common-reference standardization; fixed reference distribution; stratified match-score delta-method 95% CI,linear_logit,EUW,-1.3576089465939225,0.4595099406824929,0.4575304987969735,0.4614893825680122,0.0010099193293465,2210921,2208868,Common-reference standardization; fixed reference distribution; stratified match-score delta-method 95% CI,restricted_cubic_spline,-0.1102937353315514
EUW,EUW,-1.35,-1.307608946593923,0.4616211231070778,0.4598862875210121,0.4633559586931435,0.0008851201969722,2210921,2208868,Common-reference standardization; fixed reference distribution; stratified match-score delta-method 95% CI,linear_logit,EUW,-1.307608946593923,0.4606410806561556,0.4587270143026322,0.462555147009679,0.0009765644660833,2210921,2208868,Common-reference standardization; fixed reference distribution; stratified match-score delta-method 95% CI,restricted_cubic_spline,-0.0980042450922202
EUW,EUW,-1.2999999999999998,-1.2576089465939224,0.4626296521108974,0.4609357910120117,0.464323513209783,0.0008642148463702,2210921,2208868,Common-reference standardization; fixed reference distribution; stratified match-score delta-method 95% CI,linear_logit,EUW,-1.2576089465939224,0.4617711956083711,0.4599095038635729,0.4636328873531694,0.0009498427269379,2210921,2208868,Common-reference standardization; fixed reference distribution; stratified match-score delta-method 95% CI,restricted_cubic_spline,-0.0858456502526305
EUW,EUW,-1.25,-1.2076089465939226,0.4636384575924152,0.4619849699915008,0.4652919451933296,0.0008436161229155,2210921,2208868,Common-reference standardization; fixed reference distribution; stratified match-score delta-method 95% CI,linear_logit,EUW,-1.2076089465939226,0.4629000737121486,0.4610779569350395,0.4647221904892578,0.0009296514168924,2210921,2208868,Common-reference standardization; fixed reference distribution; stratified match-score delta-method 95% CI,restricted_cubic_spline,-0.0738383880266591
EUW,EUW,-1.2,-1.1576089465939223,0.4646475320895606,0.4630337672647919,0.4662612969143293,0.0008233494003921,2210921,2208868,Common-reference standardization; fixed reference distribution; stratified match-score delta-method 95% CI,linear_logit,EUW,-1.1576089465939223,0.4640275029682811,0.4622328371230338,0.4658221688135283,0.0009156458394118,2210921,2208868,Common-reference standardization; fixed reference distribution; stratified match-score delta-method 95% CI,restricted_cubic_spline,-0.0620029121279508
EUW,EUW,-1.15,-1.1076089465939225,0.4656568681332441,0.4640821215291502,0.4672316147373381,0.0008034421449459,2210921,2208868,Common-reference standardization; fixed reference distribution; stratified match-score delta-method 95% CI,linear_logit,EUW,-1.1076089465939225,0.4651532712249551,0.4633750636568618,0.4669314787930483,0.0009072487592312,2210921,2208868,Common-reference standardization; fixed reference distribution; stratified match-score delta-method 95% CI,restricted_cubic_spline,-0.0503596908288994
EUW,EUW,-1.1,-1.057608946593923,0.4666664582475314,0.4651299670825997,0.4682029494124632,0.0007839240637407,2210921,2208868,Common-reference standardization; fixed reference distribution; stratified match-score delta-method 95% CI,linear_logit,EUW,-1.057608946593923,0.4662771661972983,0.464505946246396,0.4680483861482007,0.0009036836484195,2210921,2208868,Common-reference standardization; fixed reference distribution; stratified match-score delta-method 95% CI,restricted_cubic_spline,-0.0389292050233081
EUW,EUW,-1.0499999999999998,-1.0076089465939224,0.4676762949498612,0.466177233538905,0.4691753563608174,0.0007648272504878,2210921,2208868,Common-reference standardization; fixed reference distribution; stratified match-score delta-method 95% CI,linear_logit,EUW,-1.0076089465939224,0.4673989754869047,0.4656270858111705,0.4691708651626389,0.0009040253447623,2210921,2208868,Common-reference standardization; fixed reference distribution; stratified match-score delta-method 95% CI,restricted_cubic_spline,-0.0277319462956504
EUW,EUW,-1.0,-0.9576089465939224,0.4686863707512408,0.4672238455592408,0.4701488959432409,0.000746186322449,2210921,2208868,Common-reference standardization; fixed reference distribution; stratified match-score delta-method 95% CI,linear_logit,EUW,-0.9576089465939224,0.4685184866012435,0.4667402601548518,0.4702967130476351,0.0009072583910161,2210921,2208868,Common-reference standardization; fixed reference distribution; stratified match-score delta-method 95% CI,restricted_cubic_spline,-0.0167884149997299
EUW,EUW,-0.95,-0.9076089465939224,0.4696966781564176,0.4682697226141524,0.4711236336986827,0.000728038541972,2210921,2208868,Common-reference standardization; fixed reference distribution; stratified match-score delta-method 95% CI,linear_logit,EUW,-0.9076089465939224,0.46963548697297,0.4678473133604127,0.4714236605855272,0.0009123334757944,2210921,2208868,Common-reference standardization; fixed reference distribution; stratified match-score delta-method 95% CI,restricted_cubic_spline,-0.0061191183447606
EUW,EUW,-0.8999999999999999,-0.8576089465939224,0.4707072096641093,0.4693147787933555,0.4720996405348632,0.0007104239136499,2210921,2208868,Common-reference standardization; fixed reference distribution; stratified match-score delta-method 95% CI,linear_logit,EUW,-0.8576089465939224,0.4707497639790892,0.4689500620567272,0.4725494659014512,0.0009182152665112,2210921,2208868,Common-reference standardization; fixed reference distribution; stratified match-score delta-method 95% CI,restricted_cubic_spline,0.0042554314979903
EUW,EUW,-0.8499999999999999,-0.8076089465939223,0.4717179577671726,0.4703589226850169,0.4730769928493283,0.0006933852459977,2210921,2208868,Common-reference standardization; fixed reference distribution; stratified match-score delta-method 95% CI,linear_logit,EUW,-0.8076089465939223,0.4718611049599766,0.4700502242009935,0.4736719857189597,0.0009239187545831,2210921,2208868,Common-reference standardization; fixed reference distribution; stratified match-score delta-method 95% CI,restricted_cubic_spline,0.0143147192803949
EUW,EUW,-0.7999999999999998,-0.7576089465939223,0.4727289149528181,0.471402057350551,0.4740557725550852,0.0006769681644219,2210921,2208868,Common-reference standardization; fixed reference distribution; stratified match-score delta-method 95% CI,linear_logit,EUW,-0.7576089465939223,0.4729692972381778,0.471149369612053,0.4747892248643026,0.0009285345031248,2210921,2208868,Common-reference standardization; fixed reference distribution; stratified match-score delta-method 95% CI,restricted_cubic_spline,0.0240382285359719
EUW,EUW,-0.75,-0.7076089465939225,0.473740073702805,0.4724440804257591,0.4750360669798509,0.0006612210597172,2210921,2208868,Common-reference standardization; fixed reference distribution; stratified match-score delta-method 95% CI,linear_logit,EUW,-0.7076089465939225,0.4740741281370611,0.4722488874969499,0.4758993687771723,0.0009312452245465,2210921,2208868,Common-reference standardization; fixed reference distribution; stratified match-score delta-method 95% CI,restricted_cubic_spline,0.0334054434256103
EUW,EUW,-0.7,-0.6576089465939224,0.4747514264936345,0.4734848843829775,0.4760179686042915,0.0006461949544168,2210921,2208868,Common-reference standardization; fixed reference distribution; stratified match-score delta-method 95% CI,linear_logit,EUW,-0.6576089465939224,0.4751753849991734,0.4733499644834866,0.4770008055148602,0.0009313369977993,2210921,2208868,Common-reference standardization; fixed reference distribution; stratified match-score delta-method 95% CI,restricted_cubic_spline,0.042395850553889
EUW,EUW,-0.6499999999999999,-0.6076089465939224,0.4757629657967444,0.4745243569917504,0.4770015746017383,0.000631943267854,2210921,2208868,Common-reference standardization; fixed reference distribution; stratified match-score delta-method 95% CI,linear_logit,EUW,-0.6076089465939224,0.4762728552043613,0.4744535663490719,0.4780921440596507,0.0009282085996374,2210921,2208868,Common-reference standardization; fixed reference distribution; stratified match-score delta-method 95% CI,restricted_cubic_spline,0.0509889407616925
EUW,EUW,-0.5999999999999999,-0.5576089465939223,0.4767746840787146,0.4755623820167226,0.4779869861407065,0.0006185214601999,2210921,2208868,Common-reference standardization; fixed reference distribution; stratified match-score delta-method 95% CI,linear_logit,EUW,-0.5576089465939223,0.4773663261876323,0.4755604167977422,0.4791722355775225,0.0009213823417806,2210921,2208868,Common-reference standardization; fixed reference distribution; stratified match-score delta-method 95% CI,restricted_cubic_spline,0.0591642108917711
EUW,EUW,-0.5499999999999998,-0.5076089465939223,0.4777865738014715,0.476598840188721,0.478974307414222,0.0006059865371175,2210921,2208868,Common-reference standardization; fixed reference distribution; stratified match-score delta-method 95% CI,linear_logit,EUW,-0.5076089465939223,0.4784555854567067,0.4766709665709223,0.4802402043424912,0.0009105198396859,2210921,2208868,Common-reference standardization; fixed reference distribution; stratified match-score delta-method 95% CI,restricted_cubic_spline,0.0669011655235196
EUW,EUW,-0.5,-0.4576089465939225,0.4787986274224732,0.4776336104784222,0.4799636443665241,0.0005943964000259,2210921,2208868,Common-reference standardization; fixed reference distribution; stratified match-score delta-method 95% CI,linear_logit,EUW,-0.4576089465939225,0.479540420609214,0.477785345410523,0.4812954958079049,0.0008954465299443,2210921,2208868,Common-reference standardization; fixed reference distribution; stratified match-score delta-method 95% CI,restricted_cubic_spline,0.074179318674078
EUW,EUW,-0.4499999999999999,-0.4076089465939224,0.4798108373949114,0.4786665716896814,0.4809551031001414,0.0005838090332806,2210921,2208868,Common-reference standardization; fixed reference distribution; stratified match-score delta-method 95% CI,linear_logit,EUW,-0.4076089465939224,0.4806206193495799,0.4789032876301699,0.4823379510689898,0.0008761896527602,2210921,2208868,Common-reference standardization; fixed reference distribution; stratified match-score delta-method 95% CI,restricted_cubic_spline,0.0809781954668464
EUW,EUW,-0.3999999999999999,-0.3576089465939224,0.4808231961679204,0.4796976043710407,0.4819487879648002,0.0005742815290203,2210921,2208868,Common-reference standardization; fixed reference distribution; stratified match-score delta-method 95% CI,linear_logit,EUW,-0.3576089465939224,0.4816959690485965,0.480024001194425,0.483367936902768,0.0008530448235568,2210921,2208868,Common-reference standardization; fixed reference distribution; stratified match-score delta-method 95% CI,restricted_cubic_spline,0.0872772880676109
EUW,EUW,-0.3499999999999998,-0.3076089465939223,0.4818356961867679,0.4807265930184468,0.482944799355089,0.0005658689634291,2210921,2208868,Common-reference standardization; fixed reference distribution; stratified match-score delta-method 95% CI,linear_logit,EUW,-0.3076089465939223,0.4827662375598346,0.4811453017156615,0.4843871734040076,0.0008270080837617,2210921,2208868,Common-reference standardization; fixed reference distribution; stratified match-score delta-method 95% CI,restricted_cubic_spline,0.0930541373066695
EUW,EUW,-0.2999999999999998,-0.2576089465939223,0.4828483298930511,0.4817534285122028,0.4839432312738994,0.000558623153494,2210921,2208868,Common-reference standardization; fixed reference distribution; stratified match-score delta-method 95% CI,linear_logit,EUW,-0.2576089465939223,0.4838311661932211,0.4822634876883186,0.4853988446981235,0.0007998359718889,2210921,2208868,Common-reference standardization; fixed reference distribution; stratified match-score delta-method 95% CI,restricted_cubic_spline,0.0982836300169986
EUW,EUW,-0.25,-0.2076089465939224,0.4838610897249111,0.4827780106976393,0.484944168752183,0.0005525913404448,2210921,2208868,Common-reference standardization; fixed reference distribution; stratified match-score delta-method 95% CI,linear_logit,EUW,-0.2076089465939224,0.4848904945034301,0.4833745144903951,0.4864064745164652,0.000773459190324,2210921,2208868,Common-reference standardization; fixed reference distribution; stratified match-score delta-method 95% CI,restricted_cubic_spline,0.1029404778518983
EUW,EUW,-0.1999999999999999,-0.1576089465939224,0.4848739681172159,0.4838002509868692,0.4859476852475626,0.0005478148624217,2210921,2208868,Common-reference standardization; fixed reference distribution; stratified match-score delta-method 95% CI,linear_logit,EUW,-0.1576089465939224,0.4859439622125171,0.4844742364164849,0.4874136880085493,0.0007498601000163,2210921,2208868,Common-reference standardization; fixed reference distribution; stratified match-score delta-method 95% CI,restricted_cubic_spline,0.1069994095301229
EUW,EUW,-0.1499999999999999,-0.1076089465939224,0.4858869575017758,0.4848200748338145,0.4869538401697372,0.000544327891817,2210921,2208868,Common-reference standardization; fixed reference distribution; stratified match-score delta-method 95% CI,linear_logit,EUW,-0.1076089465939224,0.486991309228419,0.4855586676261741,0.4884239508306638,0.000730939592982,2210921,2208868,Common-reference standardization; fixed reference distribution; stratified match-score delta-method 95% CI,restricted_cubic_spline,0.1104351726643193
EUW,EUW,-0.0999999999999998,-0.0576089465939223,0.4869000503075305,0.4858374239209705,0.4879626766940904,0.0005421563196734,2210921,2208868,Common-reference standardization; fixed reference distribution; stratified match-score delta-method 95% CI,linear_logit,EUW,-0.0576089465939223,0.4880322756628383,0.4866243460130641,0.4894402053126124,0.0007183314539664,2210921,2208868,Common-reference standardization; fixed reference distribution; stratified match-score delta-method 95% CI,restricted_cubic_spline,0.1132225355307825
EUW,EUW,-0.0499999999999998,-0.0076089465939223,0.4879132389607584,0.486852257899704,0.4889742200218129,0.0005413168678849,2210921,2208868,Common-reference standardization; fixed reference distribution; stratified match-score delta-method 95% CI,linear_logit,EUW,-0.0076089465939223,0.489066601848519,0.4876687507488599,0.4904644529481781,0.0007131893365607,2210921,2208868,Common-reference standardization; fixed reference distribution; stratified match-score delta-method 95% CI,restricted_cubic_spline,0.1153362887760633
EUW,EUW,0.0,0.0423910534060775,0.4889265158852702,0.487864555548951,0.4899884762215894,0.000541816498122,2210921,2208868,Common-reference standardization; fixed reference distribution; stratified match-score delta-method 95% CI,linear_logit,EUW,0.0423910534060775,0.490094028355824,0.4886906620547676,0.4914973946568803,0.0007160032148246,2210921,2208868,Common-reference standardization; fixed reference distribution; stratified match-score delta-method 95% CI,restricted_cubic_spline,0.1167512470553799
EUW,EUW,0.0500000000000002,0.0923910534060777,0.4899398735026205,0.4888743152573024,0.4910054317479386,0.0005436521659786,2210921,2208868,Common-reference standardization; fixed reference distribution; stratified match-score delta-method 95% CI,linear_logit,EUW,0.0923910534060777,0.4911142960086543,0.4896903312826886,0.49253826073462,0.0007265126152886,2210921,2208868,Common-reference standardization; fixed reference distribution; stratified match-score delta-method 95% CI,restricted_cubic_spline,0.1174422506033778
EUW,EUW,0.1,0.1423910534060776,0.4909533042322987,0.4898815547883711,0.4920250536762264,0.0005468109407794,2210921,2208868,Common-reference standardization; fixed reference distribution; stratified match-score delta-method 95% CI,linear_logit,EUW,0.1423910534060776,0.4921271458996196,0.4906693892183967,0.4935849025808425,0.0007437534087871,2210921,2208868,Common-reference standardization; fixed reference distribution; stratified match-score delta-method 95% CI,restricted_cubic_spline,0.1173841667320874
EUW,EUW,0.1499999999999999,0.1923910534060774,0.4919668004919314,0.4908863103496092,0.4930472906342536,0.0005512704807766,2210921,2208868,Common-reference standardization; fixed reference distribution; stratified match-score delta-method 95% CI,linear_logit,EUW,0.1923910534060774,0.4931323194045131,0.4916305323648985,0.4946341064441277,0.0007662178773543,2210921,2208868,Common-reference standardization; fixed reference distribution; stratified match-score delta-method 95% CI,restricted_cubic_spline,0.1165518912581653
EUW,EUW,0.2000000000000001,0.2423910534060777,0.4929803546974876,0.4918886350418147,0.4940720743531606,0.0005569998243229,2210921,2208868,Common-reference standardization; fixed reference distribution; stratified match-score delta-method 95% CI,linear_logit,EUW,0.2423910534060777,0.4941295581959773,0.4925771095020863,0.4956820068898683,0.0007920656601484,2210921,2208868,Common-reference standardization; fixed reference distribution; stratified match-score delta-method 95% CI,restricted_cubic_spline,0.1149203498489737
EUW,EUW,0.25,0.2923910534060775,0.4939939592634718,0.4928885968131897,0.4950993217137538,0.0005639604338173,2210921,2208868,Common-reference standardization; fixed reference distribution; stratified match-score delta-method 95% CI,linear_logit,EUW,0.2923910534060775,0.4951186042563975,0.4935127332862492,0.4967244752265457,0.000819321923545,2210921,2208868,Common-reference standardization; fixed reference distribution; stratified match-score delta-method 95% CI,restricted_cubic_spline,0.1124644992925694
EUW,EUW,0.3000000000000002,0.3423910534060778,0.4950076066031401,0.4938862760700276,0.4961289371362525,0.0005721074148532,2210921,2208868,Common-reference standardization; fixed reference distribution; stratified match-score delta-method 95% CI,linear_logit,EUW,0.3423910534060778,0.4960991998900271,0.4944409863164299,0.4977574134636242,0.0008460273334679,2210921,2208868,Common-reference standardization; fixed reference distribution; stratified match-score delta-method 95% CI,restricted_cubic_spline,0.1091593286887016
EUW,EUW,0.3500000000000001,0.3923910534060776,0.4960212891286828,0.4948817631063326,0.497160815151033,0.0005813908277297,2210921,2208868,Common-reference standardization; fixed reference distribution; stratified match-score delta-method 95% CI,linear_logit,EUW,0.3923910534060776,0.4970710902305909,0.4953652250112962,0.4987769554498856,0.0008703393975993,2210921,2208868,Common-reference standardization; fixed reference distribution; stratified match-score delta-method 95% CI,restricted_cubic_spline,0.1049801101908054
EUW,EUW,0.4000000000000003,0.4423910534060778,0.4970349992514365,0.4958751555065522,0.4981948429963208,0.000591757012696,2210921,2208868,Common-reference standardization; fixed reference distribution; stratified match-score delta-method 95% CI,linear_logit,EUW,0.4423910534060778,0.498034226430169,0.4962879797542433,0.4997804731060946,0.0008909421815947,2210921,2208868,Common-reference standardization; fixed reference distribution; stratified match-score delta-method 95% CI,restricted_cubic_spline,0.0999227178732464
EUW,EUW,0.4500000000000002,0.4923910534060777,0.4980487293820897,0.4968665556530163,0.4992309031111631,0.0006031498617721,2210921,2208868,Common-reference standardization; fixed reference distribution; stratified match-score delta-method 95% CI,linear_logit,EUW,0.4923910534060777,0.4989889159221074,0.497210419039157,0.5007674128050578,0.0009073963688522,2210921,2208868,Common-reference standardization; fixed reference distribution; stratified match-score delta-method 95% CI,restricted_cubic_spline,0.0940186540017706
EUW,EUW,0.5,0.5423910534060775,0.4990624719308729,0.4978560684397374,0.5002688754220083,0.0006155119852731,2210921,2208868,Common-reference standardization; fixed reference distribution; stratified match-score delta-method 95% CI,linear_logit,EUW,0.5423910534060775,0.4999355019054813,0.4981330826158662,0.5017379211950964,0.000919601678375,2210921,2208868,Common-reference standardization; fixed reference distribution; stratified match-score delta-method 95% CI,restricted_cubic_spline,0.0873029974608419
EUW,EUW,0.5500000000000003,0.5923910534060778,0.5000762193077618,0.4988437992609229,0.5013086393546007,0.0006287857381831,2210921,2208868,Common-reference standardization; fixed reference distribution; stratified match-score delta-method 95% CI,linear_logit,EUW,0.5923910534060778,0.5008743279078128,0.4990560829316006,0.502692572884025,0.0009276760082715,2210921,2208868,Common-reference standardization; fixed reference distribution; stratified match-score delta-method 95% CI,restricted_cubic_spline,0.0798108600051028
EUW,EUW,0.6000000000000001,0.6423910534060776,0.5010899639226868,0.499829852310486,0.5023500755348875,0.0006429140878575,2210921,2208868,Common-reference standardization; fixed reference distribution; stratified match-score delta-method 95% CI,linear_logit,EUW,0.6423910534060776,0.5018057377557686,0.4999791900307513,0.503632285480786,0.0009319121046006,2210921,2208868,Common-reference standardization; fixed reference distribution; stratified match-score delta-method 95% CI,restricted_cubic_spline,0.0715773833081856
EUW,EUW,0.6500000000000004,0.6923910534060779,0.502103698185731,0.5008143292020647,0.5033930671693972,0.000657841318197,2210921,2208868,Common-reference standardization; fixed reference distribution; stratified match-score delta-method 95% CI,linear_logit,EUW,0.6923910534060779,0.5027300755470437,0.5009018865036676,0.5045582645904199,0.0009327495119265,2210921,2208868,Common-reference standardization; fixed reference distribution; stratified match-score delta-method 95% CI,restricted_cubic_spline,0.0626377361312768
EUW,EUW,0.7000000000000002,0.7423910534060777,0.5031174145073243,0.5017973278981989,0.5044375011164497,0.0006735135760843,2210921,2208868,Common-reference standardization; fixed reference distribution; stratified match-score delta-method 95% CI,linear_logit,EUW,0.7423910534060777,0.5036476856233526,0.5018234025537521,0.5054719686929531,0.0009307566681634,2210921,2208868,Common-reference standardization; fixed reference distribution; stratified match-score delta-method 95% CI,restricted_cubic_spline,0.0530271116028324
EUW,EUW,0.75,0.7923910534060775,0.5041311052984535,0.5027789419229879,0.5054832686739191,0.0006898792731967,2210921,2208868,Common-reference standardization; fixed reference distribution; stratified match-score delta-method 95% CI,linear_logit,EUW,0.7923910534060775,0.5045589125443817,0.5027427391471646,0.5063750859415987,0.0009266190802127,2210921,2208868,Common-reference standardization; fixed reference distribution; stratified match-score delta-method 95% CI,restricted_cubic_spline,0.0427807245928169
EUW,EUW,0.8000000000000003,0.8423910534060778,0.5051447629708617,0.5037592598237348,0.5065302661179887,0.000706889360779,2210921,2208868,Common-reference standardization; fixed reference distribution; stratified match-score delta-method 95% CI,linear_logit,EUW,0.8423910534060778,0.5054641010627227,0.503658686171236,0.5072695159542093,0.0009211300466768,2210921,2208868,Common-reference standardization; fixed reference distribution; stratified match-score delta-method 95% CI,restricted_cubic_spline,0.031933809186091
EUW,EUW,0.8500000000000001,0.8923910534060776,0.5061583799372469,0.5047383648439354,0.5075783950305583,0.0007244974965874,2210921,2208868,Common-reference standardization; fixed reference distribution; stratified match-score delta-method 95% CI,linear_logit,EUW,0.8923910534060776,0.5063635960996623,0.5045698423158758,0.5081573498834489,0.0009151805019319,2210921,2208868,Common-reference standardization; fixed reference distribution; stratified match-score delta-method 95% CI,restricted_cubic_spline,0.0205216162415422
EUW,EUW,0.9000000000000004,0.942391053406078,0.5071719486114612,0.5057163347693308,0.5086275624535916,0.0007426601235359,2210921,2208868,Common-reference standardization; fixed reference distribution; stratified match-score delta-method 95% CI,linear_logit,EUW,0.942391053406078,0.5072577427217747,0.505474643583736,0.5090408418598135,0.000909744458183,2210921,2208868,Common-reference standardization; fixed reference distribution; stratified match-score delta-method 95% CI,restricted_cubic_spline,0.0085794110313508
EUW,EUW,0.9500000000000002,0.9923910534060776,0.5081854614087199,0.5066932419114537,0.5096776809059861,0.000761336478197,2210921,2208868,Common-reference standardization; fixed reference distribution; stratified match-score delta-method 95% CI,linear_logit,EUW,0.9923910534060776,0.5081468861182903,0.5063714072827187,0.5099223649538619,0.000905856548761,2210921,2208868,Common-reference standardization; fixed reference distribution; stratified match-score delta-method 95% CI,restricted_cubic_spline,-0.0038575290429609
EUW,EUW,1.0,1.0423910534060774,0.5091989107458001,0.5076691531964965,0.5107286682951038,0.000780488545563,2210921,2208868,Common-reference standardization; fixed reference distribution; stratified match-score delta-method 95% CI,linear_logit,EUW,1.0423910534060774,0.5090313715791068,0.5072583971561466,0.510804346002067,0.0009045787872245,2210921,2208868,Common-reference standardization; fixed reference distribution; stratified match-score delta-method 95% CI,restricted_cubic_spline,-0.016753916669332
EUW,EUW,1.0500000000000005,1.0923910534060777,0.5102122890412324,0.5086441303320308,0.511780447750434,0.0008000809740824,2210921,2208868,Common-reference standardization; fixed reference distribution; stratified match-score delta-method 95% CI,linear_logit,EUW,1.0923910534060777,0.5099115444734619,0.5081339119973135,0.5116891769496102,0.0009069553449736,2210921,2208868,Common-reference standardization; fixed reference distribution; stratified match-score delta-method 95% CI,restricted_cubic_spline,-0.0300744567770516
EUW,EUW,1.1,1.1423910534060775,0.5112255887155122,0.5096182300284333,0.512832947402591,0.0008200809627953,2210921,2208868,Common-reference standardization; fixed reference distribution; stratified match-score delta-method 95% CI,linear_logit,EUW,1.1423910534060775,0.5107877502291432,0.5089963942008623,0.5125791062574242,0.0009139571572861,2210921,2208868,Common-reference standardization; fixed reference distribution; stratified match-score delta-method 95% CI,restricted_cubic_spline,-0.0437838486368913
EUW,EUW,1.1500000000000004,1.1923910534060778,0.5122388021912984,0.5105915042562191,0.5138861001263776,0.0008404581301424,2210921,2208868,Common-reference standardization; fixed reference distribution; stratified match-score delta-method 95% CI,linear_logit,EUW,1.1923910534060778,0.5116603343121983,0.5098445470517221,0.5134761215726744,0.0009264220716714,2210921,2208868,Common-reference standardization; fixed reference distribution; stratified match-score delta-method 95% CI,restricted_cubic_spline,-0.0578467879100097
EUW,EUW,1.2000000000000002,1.2423910534060776,0.5132519218936097,0.511564000524492,0.5149398432627273,0.0008611843719987,2210921,2208868,Common-reference standardization; fixed reference distribution; stratified match-score delta-method 95% CI,linear_logit,EUW,1.2423910534060776,0.512529642207112,0.5106774427678675,0.5143818416463564,0.0009449997139001,2210921,2208868,Common-reference standardization; fixed reference distribution; stratified match-score delta-method 95% CI,restricted_cubic_spline,-0.0722279686497739
EUW,EUW,1.25,1.2923910534060774,0.5142649402500317,0.5125357621689081,0.5159941183311553,0.0008822337148589,2210921,2208868,Common-reference standardization; fixed reference distribution; stratified match-score delta-method 95% CI,linear_logit,EUW,1.2923910534060774,0.5133960193973472,0.5114946010525128,0.5152974377421817,0.0009701114004257,2210921,2208868,Common-reference standardization; fixed reference distribution; stratified match-score delta-method 95% CI,restricted_cubic_spline,-0.0868920852684418
EUW,EUW,1.3000000000000005,1.3423910534060777,0.5152778496909082,0.5135068286406016,0.5170488707412147,0.0009035821685237,2210921,2208868,Common-reference standardization; fixed reference distribution; stratified match-score delta-method 95% CI,linear_logit,EUW,1.3423910534060777,0.5142598113462354,0.5122960226438776,0.5162236000485932,0.001001933011407,2210921,2208868,Common-reference standardization; fixed reference distribution; stratified match-score delta-method 95% CI,restricted_cubic_spline,-0.1018038344672733
EUW,EUW,1.35,1.3923910534060775,0.5162906426495542,0.5144772357896281,0.5181040495094802,0.0009252075815949,2210921,2208868,Common-reference standardization; fixed reference distribution; stratified match-score delta-method 95% CI,linear_logit,EUW,1.3923910534060775,0.5151213634781139,0.5130821730856707,0.517160553870557,0.0010404032614505,2210921,2208868,Common-reference standardization; fixed reference distribution; stratified match-score delta-method 95% CI,restricted_cubic_spline,-0.1169279171440274
EUW,EUW,1.4000000000000004,1.4423910534060778,0.5173033115624465,0.5154470161386545,0.5191596069862384,0.0009470895019346,2210921,2208868,Common-reference standardization; fixed reference distribution; stratified match-score delta-method 95% CI,linear_logit,EUW,1.4423910534060778,0.51598102115972,0.5138539241898824,0.5181081181295576,0.0010852535560396,2210921,2208868,Common-reference standardization; fixed reference distribution; stratified match-score delta-method 95% CI,restricted_cubic_spline,-0.1322290402726467
EUW,EUW,1.4500000000000002,1.4923910534060776,0.5183158488694196,0.5164161991436315,0.5202154985952078,0.0009692090437694,2210921,2208868,Common-reference standardization; fixed reference distribution; stratified match-score delta-method 95% CI,linear_logit,EUW,1.4923910534060776,0.5168391296817287,0.5146124691904368,0.5190657901730207,0.0011360512710673,2210921,2208868,Common-reference standardization; fixed reference distribution; stratified match-score delta-method 95% CI,restricted_cubic_spline,-0.1476719187690878
EUW,EUW,1.5,1.5423910534060774,0.5193282470138829,0.517384811440058,0.5212716825877078,0.0009915487621555,2210921,2208868,Common-reference standardization; fixed reference distribution; stratified match-score delta-method 95% CI,linear_logit,EUW,1.5423910534060774,0.5176960342404024,0.5153592296872448,0.5200328387935601,0.0011922472209988,2210921,2208868,Common-reference standardization; fixed reference distribution; stratified match-score delta-method 95% CI,restricted_cubic_spline,-0.1632212773480468
EUW,EUW,1.5500000000000005,1.5923910534060777,0.5203404984429989,0.5183528770731954,0.5223281198128024,0.001014092535614,2210921,2208868,Common-reference standardization; fixed reference distribution; stratified match-score delta-method 95% CI,linear_logit,EUW,1.5923910534060777,0.518552079919298,0.516095769040951,0.5210083907976449,0.0012532198358913,2210921,2208868,Common-reference standardization; fixed reference distribution; stratified match-score delta-method 95% CI,restricted_cubic_spline,-0.1788418523700929
EUW,EUW,1.6,1.6423910534060775,0.5213525956078953,0.5193204177127637,0.5233847735030268,0.0010368254566997,2210921,2208868,Common-reference standardization; fixed reference distribution; stratified match-score delta-method 95% CI,linear_logit,EUW,1.6423910534060775,0.5194076116710042,0.5168237208664006,0.5219915024756079,0.0013183116350018,2210921,2208868,Common-reference standardization; fixed reference distribution; stratified match-score delta-method 95% CI,restricted_cubic_spline,-0.194498393689102
EUW,EUW,1.6500000000000004,1.6923910534060778,0.5223645309638691,0.5202874528513501,0.5244416090763881,0.001059733730877,2210921,2208868,Common-reference standardization; fixed reference distribution; stratified match-score delta-method 95% CI,linear_logit,EUW,1.6923910534060778,0.5202629425652755,0.5175446751768839,0.5229812099536671,0.0013868711165263,2210921,2208868,Common-reference standardization; fixed reference distribution; stratified match-score delta-method 95% CI,restricted_cubic_spline,-0.2101588398593645
EUW,EUW,1.7000000000000002,1.7423910534060776,0.5233762969705711,0.5212539999876604,0.5254985939534818,0.0010828045831176,2210921,2208868,Common-reference standardization; fixed reference distribution; stratified match-score delta-method 95% CI,linear_logit,EUW,1.7423910534060776,0.5211181633724776,0.5182597525905188,0.5239765741544364,0.0014583728479381,2210921,2208868,Common-reference standardization; fixed reference distribution; stratified match-score delta-method 95% CI,restricted_cubic_spline,-0.2258133598093459
EUW,EUW,1.75,1.7923910534060774,0.5243878860922068,0.5222200747949244,0.5265556973894892,0.0011060261720828,2210921,2208868,Common-reference standardization; fixed reference distribution; stratified match-score delta-method 95% CI,linear_logit,EUW,1.7923910534060774,0.5219732698974944,0.518969769521108,0.5249767702738808,0.0015323981512175,2210921,2208868,Common-reference standardization; fixed reference distribution; stratified match-score delta-method 95% CI,restricted_cubic_spline,-0.2414616194712393
EUW,EUW,1.8000000000000005,1.8423910534060777,0.52539929079775,0.5231856912753297,0.5276128903201704,0.0011293875114389,2210921,2208868,Common-reference standardization; fixed reference distribution; stratified match-score delta-method 95% CI,linear_logit,EUW,1.8423910534060777,0.5228282575903578,0.5196754174969964,0.5259810976837191,0.001608591884368,2210921,2208868,Common-reference standardization; fixed reference distribution; stratified match-score delta-method 95% CI,restricted_cubic_spline,-0.257103320739227
EUW,EUW,1.85,1.8923910534060773,0.5264105035611263,0.5241508619014223,0.5286701452208302,0.0011528783978081,2210921,2208868,Common-reference standardization; fixed reference distribution; stratified match-score delta-method 95% CI,linear_logit,EUW,1.8923910534060773,0.5236831219033743,0.520377281258486,0.5269889625482626,0.0016866533902491,2210921,2208868,Common-reference standardization; fixed reference distribution; stratified match-score delta-method 95% CI,restricted_cubic_spline,-0.2727381657751992
EUW,EUW,1.9000000000000004,1.942391053406077,0.527421516861417,0.5251155977453591,0.529727435977475,0.0011764893449275,2210921,2208868,Common-reference standardization; fixed reference distribution; stratified match-score delta-method 95% CI,linear_logit,EUW,1.942391053406077,0.5245378582912366,0.5210758549658923,0.5279998616165809,0.0017663282272164,2210921,2208868,Common-reference standardization; fixed reference distribution; stratified match-score delta-method 95% CI,restricted_cubic_spline,-0.2883658570180469
EUW,EUW,1.95,1.9923910534060776,0.5284323231830499,0.526079908596844,0.5307847377692558,0.0012002115235744,2210921,2208868,Common-reference standardization; fixed reference distribution; stratified match-score delta-method 95% CI,linear_logit,EUW,1.9923910534060776,0.5253924622110797,0.5217715565750181,0.5290133678471414,0.0018474008347253,2210921,2208868,Common-reference standardization; fixed reference distribution; stratified match-score delta-method 95% CI,restricted_cubic_spline,-0.3039860971970176
EUW,EUW,2.0,2.0423910534060776,0.5294429150160088,0.527043803070788,0.5318420269612296,0.0012240367067453,2210921,2208868,Common-reference standardization; fixed reference distribution; stratified match-score delta-method 95% CI,linear_logit,EUW,2.0423910534060776,0.5262469291225942,0.5224647402296535,0.5300291180155349,0.0019296882106839,2210921,2208868,Common-reference standardization; fixed reference distribution; stratified match-score delta-method 95% CI,restricted_cubic_spline,-0.3195985893414632
KR,KR,-2.0,-1.9576089465939224,0.4427852497654551,0.4402928606863767,0.4452776388445336,0.0012716270811624,2210921,2208868,Common-reference standardization; fixed reference distribution; stratified match-score delta-method 95% CI,linear_logit,KR,-1.9576089465939224,0.4457064334461071,0.4416991043645159,0.4497137625276984,0.002044555653873,2210921,2208868,Common-reference standardization; fixed reference distribution; stratified match-score delta-method 95% CI,restricted_cubic_spline,0.2921183680652028
KR,KR,-1.95,-1.9076089465939223,0.4439749389365312,0.4415332234551773,0.4464166544178851,0.0012457732047724,2210921,2208868,Common-reference standardization; fixed reference distribution; stratified match-score delta-method 95% CI,linear_logit,KR,-1.9076089465939223,0.4466741721078109,0.4428451774257402,0.4505031667898815,0.0019535687153421,2210921,2208868,Common-reference standardization; fixed reference distribution; stratified match-score delta-method 95% CI,restricted_cubic_spline,0.269923317127968
KR,KR,-1.9,-1.8576089465939225,0.4451652108346243,0.4427739925365593,0.4475564291326892,0.0012200093357474,2210921,2208868,Common-reference standardization; fixed reference distribution; stratified match-score delta-method 95% CI,linear_logit,KR,-1.8576089465939225,0.4476422771731961,0.4439890644676636,0.4512954898787287,0.0018638840334349,2210921,2208868,Common-reference standardization; fixed reference distribution; stratified match-score delta-method 95% CI,restricted_cubic_spline,0.2477066338571809
KR,KR,-1.85,-1.807608946593923,0.4463560532455383,0.4440151370730854,0.4486969694179911,0.0011943449859453,2210921,2208868,Common-reference standardization; fixed reference distribution; stratified match-score delta-method 95% CI,linear_logit,KR,-1.807608946593923,0.4486107420664235,0.4451303372798932,0.4520911468529537,0.0017757167278215,2210921,2208868,Common-reference standardization; fixed reference distribution; stratified match-score delta-method 95% CI,restricted_cubic_spline,0.2254688820885197
KR,KR,-1.8,-1.7576089465939226,0.4475474539341528,0.4452566247537792,0.4498382831145263,0.0011687903981497,2210921,2208868,Common-reference standardization; fixed reference distribution; stratified match-score delta-method 95% CI,linear_logit,KR,-1.7576089465939226,0.4495795602029158,0.4462684879241382,0.4528906324816934,0.001689322591213,2210921,2208868,Common-reference standardization; fixed reference distribution; stratified match-score delta-method 95% CI,restricted_cubic_spline,0.2032106268762989
KR,KR,-1.75,-1.7076089465939226,0.4487394006448173,0.4464984216734481,0.4509803796161865,0.0011433566180454,2210921,2208868,Common-reference standardization; fixed reference distribution; stratified match-score delta-method 95% CI,linear_logit,KR,-1.7076089465939226,0.4505487249895345,0.4474029120462267,0.4536945379328423,0.0016050066037284,2210921,2208868,Common-reference standardization; fixed reference distribution; stratified match-score delta-method 95% CI,restricted_cubic_spline,0.18093243447172
KR,KR,-1.7,-1.6576089465939223,0.449931881101823,0.4477404921769656,0.4521232700266803,0.0011180555739068,2210921,2208868,Common-reference standardization; fixed reference distribution; stratified match-score delta-method 95% CI,linear_logit,KR,-1.6576089465939223,0.4515182298247264,0.4485328891934545,0.4545035704559982,0.0015231329751387,2210921,2208868,Common-reference standardization; fixed reference distribution; stratified match-score delta-method 95% CI,restricted_cubic_spline,0.1586348722903419
KR,KR,-1.65,-1.6076089465939225,0.4511248830098557,0.4489827986870349,0.4532669673326764,0.0010929001647044,2210921,2208868,Common-reference standardization; fixed reference distribution; stratified match-score delta-method 95% CI,linear_logit,KR,-1.6076089465939225,0.4524882117232923,0.4496576541499217,0.4553187692966628,0.0014441620272298,2210921,2208868,Common-reference standardization; fixed reference distribution; stratified match-score delta-method 95% CI,restricted_cubic_spline,0.1363328713436584
KR,KR,-1.6,-1.557608946593923,0.452318394054421,0.4502253015135126,0.4544114865953294,0.0010679043576063,2210921,2208868,Common-reference standardization; fixed reference distribution; stratified match-score delta-method 95% CI,linear_logit,KR,-1.557608946593923,0.4534594549405334,0.4507767447639625,0.4561421651171042,0.0013687296819239,2210921,2208868,Common-reference standardization; fixed reference distribution; stratified match-score delta-method 95% CI,restricted_cubic_spline,0.1141060886112432
KR,KR,-1.55,-1.5076089465939226,0.4535124019023023,0.4514679586429312,0.4555568451616733,0.0010430832955974,2210921,2208868,Common-reference standardization; fixed reference distribution; stratified match-score delta-method 95% CI,linear_logit,KR,-1.5076089465939226,0.4544329268897623,0.4518897755182199,0.4569760782613046,0.0012975262099705,2210921,2208868,Common-reference standardization; fixed reference distribution; stratified match-score delta-method 95% CI,restricted_cubic_spline,0.092052498745998
KR,KR,-1.5,-1.4576089465939226,0.45470689420201,0.4527107255063414,0.4567030628976787,0.0010184534161574,2210921,2208868,Common-reference standardization; fixed reference distribution; stratified match-score delta-method 95% CI,linear_logit,KR,-1.4576089465939226,0.4554095961985534,0.4529963589061704,0.4578228334909364,0.0012312435165219,2210921,2208868,Common-reference standardization; fixed reference distribution; stratified match-score delta-method 95% CI,restricted_cubic_spline,0.0702701996543431
KR,KR,-1.45,-1.4076089465939223,0.4559018585842345,0.4539535547237642,0.4578501624447049,0.0009940325818726,2210921,2208868,Common-reference standardization; fixed reference distribution; stratified match-score delta-method 95% CI,linear_logit,KR,-1.4076089465939223,0.4563904326389471,0.4540961516691352,0.4586847136087589,0.0011705515152101,2210921,2208868,Common-reference standardization; fixed reference distribution; stratified match-score delta-method 95% CI,restricted_cubic_spline,0.0488574054712587
KR,KR,-1.4,-1.3576089465939225,0.457097282662293,0.4551963958238272,0.4589981695007588,0.000969840223707,2210921,2208868,Common-reference standardization; fixed reference distribution; stratified match-score delta-method 95% CI,linear_logit,KR,-1.3576089465939225,0.4573764070694502,0.4551889204559458,0.4595638936829547,0.0011160645987267,2210921,2208868,Common-reference standardization; fixed reference distribution; stratified match-score delta-method 95% CI,restricted_cubic_spline,0.0279124407157216
KR,KR,-1.35,-1.307608946593923,0.4582931540325798,0.4564391949369675,0.4601471131281921,0.0009458974977613,2210921,2208868,Common-reference standardization; fixed reference distribution; stratified match-score delta-method 95% CI,linear_logit,KR,-1.307608946593923,0.4583684913783568,0.4562746267677408,0.4604623559889729,0.0010682982707224,2210921,2208868,Common-reference standardization; fixed reference distribution; stratified match-score delta-method 95% CI,restricted_cubic_spline,0.0075337345776971
KR,KR,-1.2999999999999998,-1.2576089465939224,0.4594894602750348,0.4576818944616955,0.461297026088374,0.0009222274557853,2210921,2208868,Common-reference standardization; fixed reference distribution; stratified match-score delta-method 95% CI,linear_logit,KR,-1.2576089465939224,0.4593676584279191,0.4573535257640654,0.4613817910917729,0.0010276187060478,2210921,2208868,Common-reference standardization; fixed reference distribution; stratified match-score delta-method 95% CI,restricted_cubic_spline,-0.0121801847115687
KR,KR,-1.25,-1.2076089465939226,0.4606861889535787,0.4589244327031097,0.4624479452040477,0.0008988552298311,2210921,2208868,Common-reference standardization; fixed reference distribution; stratified match-score delta-method 95% CI,linear_logit,KR,-1.2076089465939226,0.4603748819988496,0.4584262665783726,0.4623234974193266,0.0009941915410596,2210921,2208868,Common-reference standardization; fixed reference distribution; stratified match-score delta-method 95% CI,restricted_cubic_spline,-0.0311306954729084
KR,KR,-1.2,-1.1576089465939223,0.461883327616592,0.4601667434848111,0.463599911748373,0.0008758082305004,2210921,2208868,Common-reference standardization; fixed reference distribution; stratified match-score delta-method 95% CI,linear_logit,KR,-1.1576089465939223,0.4613911367346509,0.4594939755822991,0.4632882978870027,0.0009679393634448,2210921,2208868,Common-reference standardization; fixed reference distribution; stratified match-score delta-method 95% CI,restricted_cubic_spline,-0.0492190881941134
KR,KR,-1.15,-1.1076089465939225,0.4630808637973472,0.4614087557356459,0.4647529718590485,0.0008531163580108,2210921,2208868,Common-reference standardization; fixed reference distribution; stratified match-score delta-method 95% CI,linear_logit,KR,-1.1076089465939225,0.4624173980852653,0.460558302169177,0.4642764940013536,0.0009485183245348,2210921,2208868,Common-reference standardization; fixed reference distribution; stratified match-score delta-method 95% CI,restricted_cubic_spline,-0.0663465712081923
KR,KR,-1.1,-1.057608946593923,0.4642787850144929,0.4626503930555644,0.4659071769734213,0.000830812223943,2210921,2208868,Common-reference standardization; fixed reference distribution; stratified match-score delta-method 95% CI,linear_logit,KR,-1.057608946593923,0.4634546422494632,0.4616214119917257,0.4652878725072008,0.0009353215600701,2210921,2208868,Common-reference standardization; fixed reference distribution; stratified match-score delta-method 95% CI,restricted_cubic_spline,-0.0824142765029678
KR,KR,-1.0499999999999998,-1.0076089465939224,0.4654770787724957,0.4638915732665147,0.4670625842784767,0.0008089313806025,2210921,2208868,Common-reference standardization; fixed reference distribution; stratified match-score delta-method 95% CI,linear_logit,KR,-1.0076089465939224,0.4645038461154416,0.4626859247034541,0.4663217675274292,0.0009275109244834,2210921,2208868,Common-reference standardization; fixed reference distribution; stratified match-score delta-method 95% CI,restricted_cubic_spline,-0.0973232657054123
KR,KR,-1.0,-0.9576089465939224,0.4666757325621007,0.4651322079579979,0.4682192571662035,0.0007875125531136,2210921,2208868,Common-reference standardization; fixed reference distribution; stratified match-score delta-method 95% CI,linear_logit,KR,-0.9576089465939224,0.4655659871990361,0.4637548074276004,0.4673771669704719,0.000924071311957,2210921,2208868,Common-reference standardization; fixed reference distribution; stratified match-score delta-method 95% CI,restricted_cubic_spline,-0.1109745363064629
KR,KR,-0.95,-0.9076089465939224,0.4678747338608104,0.466372202041196,0.4693772656804249,0.0007665978671502,2210921,2208868,Common-reference standardization; fixed reference distribution; stratified match-score delta-method 95% CI,linear_logit,KR,-0.9076089465939224,0.4666420435789312,0.4648312450662443,0.468452842091618,0.0009238767921871,2210921,2208868,Common-reference standardization; fixed reference distribution; stratified match-score delta-method 95% CI,restricted_cubic_spline,-0.1232690281879222
KR,KR,-0.8999999999999999,-0.8576089465939224,0.4690740701333329,0.4676114533305208,0.470536686936145,0.0007462330626592,2210921,2208868,Common-reference standardization; fixed reference distribution; stratified match-score delta-method 95% CI,linear_logit,KR,-0.8576089465939224,0.4677329938282866,0.4659185103324675,0.4695474773241056,0.0009257568856219,2210921,2208868,Common-reference standardization; fixed reference distribution; stratified match-score delta-method 95% CI,restricted_cubic_spline,-0.1341076305046318
KR,KR,-0.8499999999999999,-0.8076089465939223,0.4702737288320346,0.4688498521780924,0.4716976054859769,0.0007264676805827,2210921,2208868,Common-reference standardization; fixed reference distribution; stratified match-score delta-method 95% CI,linear_logit,KR,-0.8076089465939223,0.4688398169420683,0.4670198508298595,0.4706597830542772,0.000928554138882,2210921,2208868,Common-reference standardization; fixed reference distribution; stratified match-score delta-method 95% CI,restricted_cubic_spline,-0.1433911889966332
KR,KR,-0.7999999999999998,-0.7576089465939223,0.4714736973974434,0.470087281194501,0.4728601136003858,0.0007073552055828,2210921,2208868,Common-reference standardization; fixed reference distribution; stratified match-score delta-method 95% CI,linear_logit,KR,-0.7576089465939223,0.4699634922594289,0.4681384015633769,0.4717885829554809,0.0009311687224754,2210921,2208868,Common-reference standardization; fixed reference distribution; stratified match-score delta-method 95% CI,restricted_cubic_spline,-0.1510205138014475
KR,KR,-0.75,-0.7076089465939225,0.4726739632586595,0.4713236150974395,0.4740243114198796,0.0006889531434795,2210921,2208868,Common-reference standardization; fixed reference distribution; stratified match-score delta-method 95% CI,linear_logit,KR,-0.7076089465939225,0.4711049993804511,0.4692771229791198,0.4729328757817823,0.0009325900006792,2210921,2208868,Common-reference standardization; fixed reference distribution; stratified match-score delta-method 95% CI,restricted_cubic_spline,-0.1568963878208429
KR,KR,-0.7,-0.6576089465939224,0.4738745138338741,0.4725587207391815,0.4751903069285668,0.0006713230074962,2210921,2208868,Common-reference standardization; fixed reference distribution; stratified match-score delta-method 95% CI,linear_logit,KR,-0.6576089465939224,0.472265318076461,0.4704387591129337,0.4740918770399884,0.0009319178385343,2210921,2208868,Common-reference standardization; fixed reference distribution; stratified match-score delta-method 95% CI,restricted_cubic_spline,-0.1609195757413084
KR,KR,-0.6499999999999999,-0.6076089465939224,0.4750753365307966,0.4737924573731125,0.4763582156884808,0.0006545301824919,2210921,2208868,Common-reference standardization; fixed reference distribution; stratified match-score delta-method 95% CI,linear_logit,KR,-0.6076089465939224,0.4734454281931866,0.4716258077722585,0.4752650486141146,0.0009283777657796,2210921,2208868,Common-reference standardization; fixed reference distribution; stratified match-score delta-method 95% CI,restricted_cubic_spline,-0.1629908337610008
KR,KR,-0.5999999999999999,-0.5576089465939223,0.4762764187471497,0.4750246772262017,0.4775281602680977,0.0006386436331367,2210921,2208868,Common-reference standardization; fixed reference distribution; stratified match-score delta-method 95% CI,linear_logit,KR,-0.5576089465939223,0.4746463095459414,0.4728404938652272,0.4764521252266556,0.0009213345309766,2210921,2208868,Common-reference standardization; fixed reference distribution; stratified match-score delta-method 95% CI,restricted_cubic_spline,-0.1630109201208318
KR,KR,-0.5499999999999998,-0.5076089465939223,0.4774777478711116,0.4762552264493655,0.4787002692928577,0.0006237354192582,2210921,2208868,Common-reference standardization; fixed reference distribution; stratified match-score delta-method 95% CI,linear_logit,KR,-0.5076089465939223,0.4758689418059294,0.4740847367947373,0.4776531468171215,0.0009103086791796,2210921,2208868,Common-reference standardization; fixed reference distribution; stratified match-score delta-method 95% CI,restricted_cubic_spline,-0.1608806065182155
KR,KR,-0.5,-0.4576089465939225,0.4786793112818095,0.4774839465145223,0.4798746760490968,0.0006098799833098,2210921,2208868,Common-reference standardization; fixed reference distribution; stratified match-score delta-method 95% CI,linear_logit,KR,-0.4576089465939225,0.4771143043769104,0.4753601022459345,0.4788685065078863,0.0008950010872326,2210921,2208868,Common-reference standardization; fixed reference distribution; stratified match-score delta-method 95% CI,restricted_cubic_spline,-0.1565006904899135
KR,KR,-0.4499999999999999,-0.4076089465939224,0.479881096349778,0.4787106761175284,0.4810515165820276,0.0005971531797191,2210921,2208868,Common-reference standardization; fixed reference distribution; stratified match-score delta-method 95% CI,linear_logit,KR,-0.4076089465939224,0.4783833762611768,0.476667727015346,0.4800990255070076,0.0008753312478728,2210921,2208868,Common-reference standardization; fixed reference distribution; stratified match-score delta-method 95% CI,restricted_cubic_spline,-0.1497720088601217
KR,KR,-0.3999999999999999,-0.3576089465939224,0.4810830904374183,0.4799352536229291,0.4822309272519075,0.0005856310278006,2210921,2208868,Common-reference standardization; fixed reference distribution; stratified match-score delta-method 95% CI,linear_logit,KR,-0.3576089465939224,0.479677097602859,0.4780081452605806,0.4813460499451374,0.0008515062970808,2210921,2208868,Common-reference standardization; fixed reference distribution; stratified match-score delta-method 95% CI,restricted_cubic_spline,-0.1405992834559333
KR,KR,-0.3499999999999998,-0.3076089465939223,0.4822852808994935,0.4811575200509048,0.4834130417480822,0.0005753881880554,2210921,2208868,Common-reference standardization; fixed reference distribution; stratified match-score delta-method 95% CI,linear_logit,KR,-0.3076089465939223,0.4809947596915803,0.4793787691981673,0.4826107501849933,0.0008244849456188,2210921,2208868,Common-reference standardization; fixed reference distribution; stratified match-score delta-method 95% CI,restricted_cubic_spline,-0.1290521207913231
KR,KR,-0.2999999999999998,-0.2576089465939223,0.4834876550835723,0.4823773225558928,0.4845979876112518,0.0005664961875915,2210921,2208868,Common-reference standardization; fixed reference distribution; stratified match-score delta-method 95% CI,linear_logit,KR,-0.2576089465939223,0.4823334138951519,0.4807731464817401,0.4838936813085637,0.0007960548027611,2210921,2208868,Common-reference standardization; fixed reference distribution; stratified match-score delta-method 95% CI,restricted_cubic_spline,-0.115424118842039
KR,KR,-0.25,-0.2076089465939224,0.4846902003305339,0.4835945182846276,0.4857858823764402,0.000559021451993,2210921,2208868,Common-reference standardization; fixed reference distribution; stratified match-score delta-method 95% CI,linear_logit,KR,-0.2076089465939224,0.4836899483129714,0.4821842486524367,0.4851956479735062,0.0007682141125177,2210921,2208868,Common-reference standardization; fixed reference distribution; stratified match-score delta-method 95% CI,restricted_cubic_spline,-0.1000252017562486
KR,KR,-0.1999999999999999,-0.1576089465939224,0.4858929039749961,0.4848089784334629,0.4869768295165294,0.0005530232354761,2210921,2208868,Common-reference standardization; fixed reference distribution; stratified match-score delta-method 95% CI,linear_logit,KR,-0.1576089465939224,0.4850612476359687,0.483604876970433,0.4865176183015044,0.0007430462579263,2210921,2208868,Common-reference standardization; fixed reference distribution; stratified match-score delta-method 95% CI,restricted_cubic_spline,-0.0831656339027431
KR,KR,-0.1499999999999999,-0.1076089465939224,0.4870957533458265,0.4860205922630616,0.4881709144285914,0.0005485515728392,2210921,2208868,Common-reference standardization; fixed reference distribution; stratified match-score delta-method 95% CI,linear_logit,KR,-0.1076089465939224,0.486444193461873,0.4850279329326498,0.4878604539910963,0.0007225819026649,2210921,2208868,Common-reference standardization; fixed reference distribution; stratified match-score delta-method 95% CI,restricted_cubic_spline,-0.0651559883953489
KR,KR,-0.0999999999999998,-0.0576089465939223,0.4882987357665999,0.4872292707830231,0.4893682007501766,0.000545645399784,2210921,2208868,Common-reference standardization; fixed reference distribution; stratified match-score delta-method 95% CI,linear_logit,KR,-0.0576089465939223,0.487835664648848,0.4864468099159738,0.4892245193817222,0.0007085993535072,2210921,2208868,Common-reference standardization; fixed reference distribution; stratified match-score delta-method 95% CI,restricted_cubic_spline,-0.04630711177519
KR,KR,-0.0499999999999998,-0.0076089465939223,0.4895018385560667,0.4884349498061737,0.4905687273059598,0.0005443309948433,2210921,2208868,Common-reference standardization; fixed reference distribution; stratified match-score delta-method 95% CI,linear_logit,KR,-0.0076089465939223,0.4892325377011142,0.487855860379115,0.4906092150231133,0.000702386388775,2210921,2208868,Common-reference standardization; fixed reference distribution; stratified match-score delta-method 95% CI,restricted_cubic_spline,-0.0269300854952525
KR,KR,0.0,0.0423910534060775,0.4907050490286411,0.4896375920984592,0.4917725059588231,0.0005446208827459,2210921,2208868,Common-reference standardization; fixed reference distribution; stratified match-score delta-method 95% CI,linear_logit,KR,0.0423910534060775,0.490631687179988,0.4892508160173369,0.4920125583426391,0.0007045261033934,2210921,2208868,Common-reference standardization; fixed reference distribution; stratified match-score delta-method 95% CI,restricted_cubic_spline,-0.0073361848653086
KR,KR,0.0500000000000002,0.0923910534060777,0.4919083544948587,0.4908371884186218,0.4929795205710957,0.0005465133042025,2210921,2208868,Common-reference standardization; fixed reference distribution; stratified match-score delta-method 95% CI,linear_logit,KR,0.0923910534060777,0.4920299861335362,0.4906290034199412,0.4934309688471312,0.0007147870987729,2210921,2208868,Common-reference standardization; fixed reference distribution; stratified match-score delta-method 95% CI,restricted_cubic_spline,0.012163163867751
KR,KR,0.1,0.1423910534060776,0.4931117422618598,0.4920337573452515,0.494189727178468,0.0005499923043919,2210921,2208868,Common-reference standardization; fixed reference distribution; stratified match-score delta-method 95% CI,linear_logit,KR,0.1423910534060776,0.4934243065380037,0.4919892600107521,0.4948593530652553,0.0007321665955365,2210921,2208868,Common-reference standardization; fixed reference distribution; stratified match-score delta-method 95% CI,restricted_cubic_spline,0.03125642761439
KR,KR,0.1499999999999999,0.1923910534060774,0.4943151996338651,0.4932273439087787,0.4954030553589516,0.0005550284311665,2210921,2208868,Common-reference standardization; fixed reference distribution; stratified match-score delta-method 95% CI,linear_logit,KR,0.1923910534060774,0.494811519744016,0.4933315885212568,0.4962914509667752,0.0007550669503873,2210921,2208868,Common-reference standardization; fixed reference distribution; stratified match-score delta-method 95% CI,restricted_cubic_spline,0.0496320110150882
KR,KR,0.2000000000000001,0.2423910534060777,0.4955187139126427,0.4944180171638871,0.4966194106613982,0.0005615799738548,2210921,2208868,Common-reference standardization; fixed reference distribution; stratified match-score delta-method 95% CI,linear_logit,KR,0.2423910534060777,0.4961884969206285,0.4946566922162022,0.4977203016250549,0.0007815330124624,2210921,2208868,Common-reference standardization; fixed reference distribution; stratified match-score delta-method 95% CI,restricted_cubic_spline,0.0669783007985813
KR,KR,0.25,0.2923910534060775,0.4967222723979941,0.4956058669318117,0.4978386778641765,0.0005695946256032,2210921,2208868,Common-reference standardization; fixed reference distribution; stratified match-score delta-method 95% CI,linear_logit,KR,0.2923910534060775,0.497552109490415,0.495965538846124,0.499138680134706,0.0008094748185158,2210921,2208868,Common-reference standardization; fixed reference distribution; stratified match-score delta-method 95% CI,restricted_cubic_spline,0.0829837092420904
KR,KR,0.3000000000000002,0.3423910534060778,0.4979258623882136,0.4967909999982872,0.49906072477814,0.0005790114234318,2210921,2208868,Common-reference standardization; fixed reference distribution; stratified match-score delta-method 95% CI,linear_logit,KR,0.3423910534060778,0.4988992295488316,0.4972590343981855,0.5005394246994778,0.0008368342605337,2210921,2208868,Common-reference standardization; fixed reference distribution; stratified match-score delta-method 95% CI,restricted_cubic_spline,0.0973367160617966
KR,KR,0.3500000000000001,0.3923910534060776,0.4991294711805797,0.4979735360675348,0.5002854062936246,0.000589762812778,2210921,2208868,Common-reference standardization; fixed reference distribution; stratified match-score delta-method 95% CI,linear_logit,KR,0.3923910534060776,0.5002267467731031,0.4985378227668781,0.501915670779328,0.0008616959215433,2210921,2208868,Common-reference standardization; fixed reference distribution; stratified match-score delta-method 95% CI,restricted_cubic_spline,0.1097275592523372
KR,KR,0.4000000000000003,0.4423910534060778,0.5003330860718203,0.4991536037481756,0.5015125683954649,0.000601776695737,2210921,2208868,Common-reference standardization; fixed reference distribution; stratified match-score delta-method 95% CI,linear_logit,KR,0.4423910534060778,0.5015329126341505,0.4998027822157415,0.5032630430525594,0.000882719601229,2210921,2208868,Common-reference standardization; fixed reference distribution; stratified match-score delta-method 95% CI,restricted_cubic_spline,0.1199826562330197
KR,KR,0.4500000000000002,0.4923910534060777,0.5015366943585886,0.5003313367967057,0.5027420519204715,0.0006149783478994,2210921,2208868,Common-reference standardization; fixed reference distribution; stratified match-score delta-method 95% CI,linear_logit,KR,0.4923910534060777,0.5028183342785756,0.5010553062839953,0.5045813622731559,0.0008995040788674,2210921,2208868,Common-reference standardization; fixed reference distribution; stratified match-score delta-method 95% CI,restricted_cubic_spline,0.1281639919986976
KR,KR,0.5,0.5423910534060775,0.5027402833379379,0.5015068707780614,0.5039736958978143,0.0006292921223859,2210921,2208868,Common-reference standardization; fixed reference distribution; stratified match-score delta-method 95% CI,linear_logit,KR,0.5423910534060775,0.5040838544962711,0.502296302839642,0.5058714061529003,0.0009120161513414,2210921,2208868,Common-reference standardization; fixed reference distribution; stratified match-score delta-method 95% CI,restricted_cubic_spline,0.1343571158333278
KR,KR,0.5500000000000003,0.5923910534060778,0.5039438403078,0.5026803402368307,0.5052073403787694,0.0006446428933516,2210921,2208868,Common-reference standardization; fixed reference distribution; stratified match-score delta-method 95% CI,linear_logit,KR,0.5923910534060778,0.5053303173669075,0.5035262115849566,0.5071344231488584,0.0009204621336484,2210921,2208868,Common-reference standardization; fixed reference distribution; stratified match-score delta-method 95% CI,restricted_cubic_spline,0.1386477059107438
KR,KR,0.6000000000000001,0.6423910534060776,0.5051473525674648,0.5038518764137139,0.5064428287212157,0.0006609572213014,2210921,2208868,Common-reference standardization; fixed reference distribution; stratified match-score delta-method 95% CI,linear_logit,KR,0.6423910534060776,0.5065585681124344,0.50474509334717,0.5083720428776988,0.0009252422271757,2210921,2208868,Common-reference standardization; fixed reference distribution; stratified match-score delta-method 95% CI,restricted_cubic_spline,0.141121554496959
KR,KR,0.6500000000000004,0.6923910534060779,0.5063508074180354,0.5050216054948049,0.5076800093412659,0.0006781642465461,2210921,2208868,Common-reference standardization; fixed reference distribution; stratified match-score delta-method 95% CI,linear_logit,KR,0.6923910534060779,0.5077694529589525,0.5059526874269812,0.5095862184909238,0.0009269211897812,2210921,2208868,Common-reference standardization; fixed reference distribution; stratified match-score delta-method 95% CI,restricted_cubic_spline,0.1418645540917085
KR,KR,0.7000000000000002,0.7423910534060777,0.5075541921629276,0.5061896473499516,0.5089187369759036,0.000696196333151,2210921,2208868,Common-reference standardization; fixed reference distribution; stratified match-score delta-method 95% CI,linear_logit,KR,0.7423910534060777,0.5089638190073295,0.5071484492256924,0.5107791887889666,0.0009262090722638,2210921,2208868,Common-reference standardization; fixed reference distribution; stratified match-score delta-method 95% CI,restricted_cubic_spline,0.1409626844401823
KR,KR,0.75,0.7923910534060775,0.5087574941083242,0.5073561146978395,0.5101588735188088,0.0007149894951452,2210921,2208868,Common-reference standardization; fixed reference distribution; stratified match-score delta-method 95% CI,linear_logit,KR,0.7923910534060775,0.5101425141118224,0.5083315782170272,0.5119534500066176,0.0009239468850995,2210921,2208868,Common-reference standardization; fixed reference distribution; stratified match-score delta-method 95% CI,restricted_cubic_spline,0.1385020003498271
KR,KR,0.8000000000000003,0.8423910534060778,0.5099607005636623,0.5085211126268251,0.5114002885004995,0.0007344836412434,2210921,2208868,Common-reference standardization; fixed reference distribution; stratified match-score delta-method 95% CI,linear_logit,KR,0.8423910534060778,0.5113063867661938,0.5095010454051893,0.5131117281271983,0.0009210925311247,2210921,2208868,Common-reference standardization; fixed reference distribution; stratified match-score delta-method 95% CI,restricted_cubic_spline,0.1345686202531504
KR,KR,0.8500000000000001,0.8923910534060776,0.5111637988421049,0.5096847384014586,0.5126428592827513,0.0007546226737991,2210921,2208868,Common-reference standardization; fixed reference distribution; stratified match-score delta-method 95% CI,linear_logit,KR,0.8923910534060776,0.5124562859966216,0.5106556291685937,0.5142569428246495,0.0009187024632795,2210921,2208868,Common-reference standardization; fixed reference distribution; stratified match-score delta-method 95% CI,restricted_cubic_spline,0.1292487154516686
KR,KR,0.9000000000000004,0.942391053406078,0.5123667762610083,0.510847081489373,0.5138864710326437,0.0007753544753241,2210921,2208868,Common-reference standardization; fixed reference distribution; stratified match-score delta-method 95% CI,linear_logit,KR,0.942391053406078,0.5135930612608824,0.5117939679678211,0.5153921545539438,0.0009179047413578,2210921,2208868,Common-reference standardization; fixed reference distribution; stratified match-score delta-method 95% CI,restricted_cubic_spline,0.1226284999874094
KR,KR,0.9500000000000002,0.9923910534060776,0.5135696201424017,0.5120082237511404,0.515131016533663,0.000796630811868,2210921,2208868,Common-reference standardization; fixed reference distribution; stratified match-score delta-method 95% CI,linear_logit,KR,0.9923910534060776,0.5147175623532172,0.5129146366446591,0.5165204880617753,0.0009198600553867,2210921,2208868,Common-reference standardization; fixed reference distribution; stratified match-score delta-method 95% CI,restricted_cubic_spline,0.1147942210815489
KR,KR,1.0,1.0423910534060774,0.5147723178134573,0.5131682397452024,0.5163763958817122,0.000818407177681,2210921,2208868,Common-reference standardization; fixed reference distribution; stratified match-score delta-method 95% CI,linear_logit,KR,1.0423910534060774,0.5158306393143526,0.5140162487863478,0.5176450298423574,0.0009257094530636,2210921,2208868,Common-reference standardization; fixed reference distribution; stratified match-score delta-method 95% CI,restricted_cubic_spline,0.1058321500895242
KR,KR,1.0500000000000005,1.0923910534060777,0.5159748566069617,0.514327197108512,0.5176225161054114,0.0008406426012498,2210921,2208868,Common-reference standardization; fixed reference distribution; stratified match-score delta-method 95% CI,linear_logit,KR,1.0923910534060777,0.5169331423461355,0.5150975804008384,0.5187687042914326,0.0009365111965801,2210921,2208868,Common-reference standardization; fixed reference distribution; stratified match-score delta-method 95% CI,restricted_cubic_spline,0.095828573917378
KR,KR,1.1,1.1423910534060775,0.5171772238617982,0.5154851569823494,0.518869290741247,0.0008632994282902,2210921,2208868,Common-reference standardization; fixed reference distribution; stratified match-score delta-method 95% CI,linear_logit,KR,1.1423910534060775,0.5180259217303144,0.5161577011631509,0.5198941422974779,0.0009531737587569,2210921,2208868,Common-reference standardization; fixed reference distribution; stratified match-score delta-method 95% CI,restricted_cubic_spline,0.0848697868516157
KR,KR,1.1500000000000004,1.1923910534060778,0.5183794069234036,0.5166421744596675,0.5201166393871396,0.0008863430937428,2210921,2208868,Common-reference standardization; fixed reference distribution; stratified match-score delta-method 95% CI,linear_logit,KR,1.1923910534060778,0.5191098277509288,0.5171960920987015,0.5210235634031561,0.0009763957409322,2210921,2208868,Common-reference standardization; fixed reference distribution; stratified match-score delta-method 95% CI,restricted_cubic_spline,0.0730420827525279
KR,KR,1.2000000000000002,1.2423910534060776,0.5195813931442504,0.5177982990368275,0.5213644872516734,0.0009097418915422,2210921,2208868,Common-reference standardization; fixed reference distribution; stratified match-score delta-method 95% CI,linear_logit,KR,1.2423910534060776,0.52018571061988,0.5182127270603359,0.522158694179424,0.0010066242650734,2210921,2208868,Common-reference standardization; fixed reference distribution; stratified match-score delta-method 95% CI,restricted_cubic_spline,0.0604317475629501
KR,KR,1.25,1.2923910534060774,0.5207831698843153,0.5189535750570248,0.5226127647116058,0.0009334667486175,2210921,2208868,Common-reference standardization; fixed reference distribution; stratified match-score delta-method 95% CI,linear_logit,KR,1.2923910534060774,0.5212544204051734,0.519208102102064,0.5233007387082829,0.001044039950566,2210921,2208868,Common-reference standardization; fixed reference distribution; stratified match-score delta-method 95% CI,restricted_cubic_spline,0.0471250520858168
KR,KR,1.3000000000000005,1.3423910534060777,0.5219847245115422,0.5201080421371537,0.5238614068859307,0.000957491007341,2210921,2208868,Common-reference standardization; fixed reference distribution; stratified match-score delta-method 95% CI,linear_logit,KR,1.3423910534060777,0.5223168069614393,0.5201832098714587,0.52445040405142,0.0010885699438676,2210921,2208868,Common-reference standardization; fixed reference distribution; stratified match-score delta-method 95% CI,restricted_cubic_spline,0.033208244989713
KR,KR,1.35,1.3923910534060775,0.5231860444023275,0.5212617355724475,0.5251103532322076,0.0009817902193265,2210921,2208868,Common-reference standardization; fixed reference distribution; stratified match-score delta-method 95% CI,linear_logit,KR,1.3923910534060775,0.5233737198622547,0.521139469704541,0.5256079700199684,0.0011399235498539,2210921,2208868,Common-reference standardization; fixed reference distribution; stratified match-score delta-method 95% CI,restricted_cubic_spline,0.018767545992715
KR,KR,1.4000000000000004,1.4423910534060778,0.5243871169419707,0.5224146867157821,0.5263595471681594,0.001006341952137,2210921,2208868,Common-reference standardization; fixed reference distribution; stratified match-score delta-method 95% CI,linear_logit,KR,1.4423910534060778,0.5244260083338811,0.5220786324393215,0.5267733842284407,0.0011976407625304,2210921,2208868,Common-reference standardization; fixed reference distribution; stratified match-score delta-method 95% CI,restricted_cubic_spline,0.0038891391910378
KR,KR,1.4500000000000002,1.4923910534060776,0.5255879295251615,0.5235669233300754,0.5276089357202477,0.0010311256097378,2210921,2208868,Common-reference standardization; fixed reference distribution; stratified match-score delta-method 95% CI,linear_logit,KR,1.4923910534060776,0.5254745211899223,0.523002679814514,0.5279463625653307,0.0012611435588818,2210921,2208868,Common-reference standardization; fixed reference distribution; stratified match-score delta-method 95% CI,restricted_cubic_spline,-0.0113408335239206
KR,KR,1.5,1.5423910534060774,0.5267884695564291,0.5247184699133192,0.528858469199539,0.0010561222668928,2210921,2208868,Common-reference standardization; fixed reference distribution; stratified match-score delta-method 95% CI,linear_logit,KR,1.5423910534060774,0.5265201067666597,0.5239137334685475,0.5291264800647719,0.0013297822949552,2210921,2208868,Common-reference standardization; fixed reference distribution; stratified match-score delta-method 95% CI,restricted_cubic_spline,-0.0268362789769383
KR,KR,1.5500000000000005,1.5923910534060777,0.5279887244506248,0.5258693479969921,0.5301081009042575,0.0010813145171595,2210921,2208868,Common-reference standardization; fixed reference distribution; stratified match-score delta-method 95% CI,linear_logit,KR,1.5923910534060777,0.5275636128584265,0.5248139816065377,0.5303132441103152,0.0014028730876983,2210921,2208868,Common-reference standardization; fixed reference distribution; stratified match-score delta-method 95% CI,restricted_cubic_spline,-0.0425111592198379
KR,KR,1.6,1.6423910534060775,0.5291886816333743,0.5270195764186225,0.5313577868481261,0.001106686334057,2210921,2208868,Common-reference standardization; fixed reference distribution; stratified match-score delta-method 95% CI,linear_logit,KR,1.6423910534060775,0.528605886652886,0.5257056253347151,0.5315061479710569,0.001479725162332,2210921,2208868,Common-reference standardization; fixed reference distribution; stratified match-score delta-method 95% CI,restricted_cubic_spline,-0.0582794980488299
KR,KR,1.6500000000000004,1.6923910534060778,0.5303883285415549,0.5281691715701148,0.5326074855129951,0.0011322229446123,2210921,2208868,Common-reference standardization; fixed reference distribution; stratified match-score delta-method 95% CI,linear_logit,KR,1.6923910534060778,0.529647697052609,0.5265907305329393,0.5327046635722786,0.0015596767957498,2210921,2208868,Common-reference standardization; fixed reference distribution; stratified match-score delta-method 95% CI,restricted_cubic_spline,-0.0740631488945986
KR,KR,1.7000000000000002,1.7423910534060776,0.5315876526237596,0.5293181476233377,0.5338571576241815,0.0011579107145009,2210921,2208868,Common-reference standardization; fixed reference distribution; stratified match-score delta-method 95% CI,linear_logit,KR,1.7423910534060776,0.530689269024417,0.5274705082588375,0.5339080297899966,0.0016422248803977,2210921,2208868,Common-reference standardization; fixed reference distribution; stratified match-score delta-method 95% CI,restricted_cubic_spline,-0.0898383599342578
KR,KR,1.75,1.7923910534060774,0.5327866413407556,0.530466516734615,0.5351067659468962,0.0011837370439493,2210921,2208868,Common-reference standardization; fixed reference distribution; stratified match-score delta-method 95% CI,linear_logit,KR,1.7923910534060774,0.5317305952271892,0.52834570523646,0.5351154852179185,0.0017269846891475,2210921,2208868,Common-reference standardization; fixed reference distribution; stratified match-score delta-method 95% CI,restricted_cubic_spline,-0.1056046113566355
KR,KR,1.8000000000000005,1.8423910534060777,0.5339852821659491,0.5316142892299914,0.5363562751019068,0.0012096902734477,2210921,2208868,Common-reference standardization; fixed reference distribution; stratified match-score delta-method 95% CI,linear_logit,KR,1.8423910534060777,0.5327716674534416,0.5292169449999232,0.53632638990696,0.0018136339048563,2210921,2208868,Common-reference standardization; fixed reference distribution; stratified match-score delta-method 95% CI,restricted_cubic_spline,-0.1213614712507471
KR,KR,1.85,1.8923910534060773,0.5351835625858389,0.5327614737726807,0.5376056513989971,0.0012357595985501,2210921,2208868,Common-reference standardization; fixed reference distribution; stratified match-score delta-method 95% CI,linear_logit,KR,1.8923910534060773,0.5338124775029183,0.5300847493869221,0.5375402056189145,0.001901902099998,2210921,2208868,Common-reference standardization; fixed reference distribution; stratified match-score delta-method 95% CI,restricted_cubic_spline,-0.1371085082920609
KR,KR,1.9000000000000004,1.942391053406077,0.5363814701005016,0.5339080775146212,0.538854862686382,0.0012619349927961,2210921,2208868,Common-reference standardization; fixed reference distribution; stratified match-score delta-method 95% CI,linear_logit,KR,1.942391053406077,0.534853017182793,0.5309495559226023,0.5387564784429837,0.0019915618674442,2210921,2208868,Common-reference standardization; fixed reference distribution; stratified match-score delta-method 95% CI,restricted_cubic_spline,-0.1528452917708644
KR,KR,1.95,1.9923910534060776,0.5375789922240204,0.5350541062332252,0.5401038782148155,0.0012882071381607,2210921,2208868,Common-reference standardization; fixed reference distribution; stratified match-score delta-method 95% CI,linear_logit,KR,1.9923910534060776,0.5358932783079251,0.5318117324190065,0.5399748241968437,0.0020824213718972,2210921,2208868,Common-reference standardization; fixed reference distribution; stratified match-score delta-method 95% CI,restricted_cubic_spline,-0.1685713916095288
KR,KR,2.0,2.0423910534060776,0.5387761164849668,0.5361995644550976,0.541352668514836,0.0013145673621781,2210921,2208868,Common-reference standardization; fixed reference distribution; stratified match-score delta-method 95% CI,linear_logit,KR,2.0423910534060776,0.5369332527010604,0.5326715890756747,0.5411949163264461,0.0021743181762172,2210921,2208868,Common-reference standardization; fixed reference distribution; stratified match-score delta-method 95% CI,restricted_cubic_spline,-0.1842863783906412
