file,column,definition,units,data_type,missing_values
main/figures/Figure1a.csv,metric,"Behavioural indicator key; see variables.csv. In validation gains this instead identifies AUC, log loss or Brier score.",Category,Text,Empty cell means unavailable or not applicable; NA is a region label.
main/figures/Figure1a.csv,wards_placed_pm,"Correlation with Ward placement, using the row indicator and the stated matrix specification.",Correlation,Number,Empty cell means unavailable or not applicable; NA is a region label.
main/figures/Figure1a.csv,wards_killed_pm,"Correlation with Ward clearing, using the row indicator and the stated matrix specification.",Correlation,Number,Empty cell means unavailable or not applicable; NA is a region label.
main/figures/Figure1a.csv,control_wards_bought_pm,"Correlation with Control ward purchases, using the row indicator and the stated matrix specification.",Correlation,Number,Empty cell means unavailable or not applicable; NA is a region label.
main/figures/Figure1a.csv,enemy_missing_pings_pm,"Correlation with Enemy missing, using the row indicator and the stated matrix specification.",Correlation,Number,Empty cell means unavailable or not applicable; NA is a region label.
main/figures/Figure1a.csv,enemy_vision_pings_pm,"Correlation with Enemy vision, using the row indicator and the stated matrix specification.",Correlation,Number,Empty cell means unavailable or not applicable; NA is a region label.
main/figures/Figure1a.csv,command_pings_pm,"Correlation with Command/attention, using the row indicator and the stated matrix specification.",Correlation,Number,Empty cell means unavailable or not applicable; NA is a region label.
main/figures/Figure1a.csv,need_vision_pings_pm,"Correlation with Need vision, using the row indicator and the stated matrix specification.",Correlation,Number,Empty cell means unavailable or not applicable; NA is a region label.
main/figures/Figure1a.csv,assist_me_pings_pm,"Correlation with Assist me, using the row indicator and the stated matrix specification.",Correlation,Number,Empty cell means unavailable or not applicable; NA is a region label.
main/figures/Figure1a.csv,on_my_way_pings_pm,"Correlation with On my way, using the row indicator and the stated matrix specification.",Correlation,Number,Empty cell means unavailable or not applicable; NA is a region label.
main/figures/Figure1a.csv,push_pings_pm,"Correlation with Push, using the row indicator and the stated matrix specification.",Correlation,Number,Empty cell means unavailable or not applicable; NA is a region label.
main/figures/Figure1a.csv,all_in_pings_pm,"Correlation with All in, using the row indicator and the stated matrix specification.",Correlation,Number,Empty cell means unavailable or not applicable; NA is a region label.
main/figures/Figure1a.csv,get_back_pings_pm,"Correlation with Get back, using the row indicator and the stated matrix specification.",Correlation,Number,Empty cell means unavailable or not applicable; NA is a region label.
main/figures/Figure1a.csv,assists_pm,"Correlation with Assists, using the row indicator and the stated matrix specification.",Correlation,Number,Empty cell means unavailable or not applicable; NA is a region label.
main/figures/Figure1a.csv,kills_pm,"Correlation with Kills, using the row indicator and the stated matrix specification.",Correlation,Number,Empty cell means unavailable or not applicable; NA is a region label.
main/figures/Figure1a.csv,deaths_pm,"Correlation with Fewer deaths, using the row indicator and the stated matrix specification.",Correlation,Number,Empty cell means unavailable or not applicable; NA is a region label.
main/figures/Figure1a.csv,gold_earned_pm,"Correlation with Gold, using the row indicator and the stated matrix specification.",Correlation,Number,Empty cell means unavailable or not applicable; NA is a region label.
main/figures/Figure1a.csv,total_damage_dealt_pm,"Correlation with Damage, using the row indicator and the stated matrix specification.",Correlation,Number,Empty cell means unavailable or not applicable; NA is a region label.
main/figures/Figure1a.csv,vision_score_pm,"Correlation with Vision score, using the row indicator and the stated matrix specification.",Correlation,Number,Empty cell means unavailable or not applicable; NA is a region label.
main/figures/Figure1b.csv,matrix,"Correlation specification identifying pooled, region-centered or regional data and Pearson or rank correlations.",Category,Text,Empty cell means unavailable or not applicable; NA is a region label.
main/figures/Figure1b.csv,relationship,Within- or between-indicator-group comparison.,Category,Text,Empty cell means unavailable or not applicable; NA is a region label.
main/figures/Figure1b.csv,n_pairs,Number of distinct indicator pairs summarized.,Indicator pairs,Number,Empty cell means unavailable or not applicable; NA is a region label.
main/figures/Figure1b.csv,mean_r,Mean signed correlation across the stated indicator pairs.,Correlation,Number,Empty cell means unavailable or not applicable; NA is a region label.
main/figures/Figure1b.csv,mean_abs_r,Mean absolute correlation across the stated indicator pairs.,Correlation,Number,Empty cell means unavailable or not applicable; NA is a region label.
main/figures/Figure1b.csv,median_r,Median signed correlation across the stated indicator pairs.,Correlation,Number,Empty cell means unavailable or not applicable; NA is a region label.
main/figures/Figure1b.csv,min_r,Minimum signed correlation across the stated indicator pairs.,Correlation,Number,Empty cell means unavailable or not applicable; NA is a region label.
main/figures/Figure1b.csv,max_r,Maximum signed correlation across the stated indicator pairs.,Correlation,Number,Empty cell means unavailable or not applicable; NA is a region label.
main/figures/Figure1b.csv,n_negative,Indicator pairs with negative signed correlations.,Indicator pairs,Number,Empty cell means unavailable or not applicable; NA is a region label.
main/figures/Figure1c.csv,test,Indicator-grouping comparison.,Category,Text,Empty cell means unavailable or not applicable; NA is a region label.
main/figures/Figure1c.csv,allocation,Assignment of behavioural indicator labels to groups; not a participant identifier.,Category,Number,Empty cell means unavailable or not applicable; NA is a region label.
main/figures/Figure1c.csv,statistic,Mean absolute within-group correlation minus mean absolute between-group correlation.,Correlation difference,Number,Empty cell means unavailable or not applicable; NA is a region label.
main/figures/Figure1c.csv,is_observed,Whether the label assignment is the grouping evaluated in the manuscript.,Boolean,Text,Empty cell means unavailable or not applicable; NA is a region label.
main/figures/Figure1c_observed.csv,matrix,"Correlation specification identifying pooled, region-centered or regional data and Pearson or rank correlations.",Category,Text,Empty cell means unavailable or not applicable; NA is a region label.
main/figures/Figure1c_observed.csv,test,Indicator-grouping comparison.,Category,Text,Empty cell means unavailable or not applicable; NA is a region label.
main/figures/Figure1c_observed.csv,statistic,Mean absolute within-group correlation minus mean absolute between-group correlation.,Correlation difference,Number,Empty cell means unavailable or not applicable; NA is a region label.
main/figures/Figure1c_observed.csv,n_allocations,Number of exact indicator-label assignments preserving group sizes.,Assignments,Number,Empty cell means unavailable or not applicable; NA is a region label.
main/figures/Figure1c_observed.csv,n_at_least_observed,Assignments whose statistic equals or exceeds the observed statistic.,Assignments,Number,Empty cell means unavailable or not applicable; NA is a region label.
main/figures/Figure1c_observed.csv,p_exact,"One-sided exact indicator-label-enumeration P value, including ties.",P value,Scientific-notation decimal text,Empty cell means unavailable or not applicable; NA is a region label.
main/figures/Figure1c_observed.csv,null_q025,2.5th percentile of the exact label-assignment distribution.,Correlation difference,Number,Empty cell means unavailable or not applicable; NA is a region label.
main/figures/Figure1c_observed.csv,null_q975,97.5th percentile of the exact label-assignment distribution.,Correlation difference,Number,Empty cell means unavailable or not applicable; NA is a region label.
main/figures/Figure1c_observed.csv,tail,Tail and treatment of ties in the exact enumeration.,Text,Text,Empty cell means unavailable or not applicable; NA is a region label.
main/figures/Figure1c_observed.csv,interpretation,Interpretation of the reported grouping diagnostic.,Text,Text,Empty cell means unavailable or not applicable; NA is a region label.
main/figures/Figure1c_observed.csv,p_holm_primary_two_tests,Holm-adjusted P value across the two primary grouping tests.,P value,Scientific-notation decimal text,Empty cell means unavailable or not applicable; NA is a region label.
main/figures/Figure2a_density.csv,region,"Region or original server code. NA/NA1 = North America, EUW/EUW1 = Western Europe, KR = Korea; All denotes pooled data.",Category,Text,Empty cell means unavailable or not applicable; NA is a region label.
main/figures/Figure2a_density.csv,measure,"Process, overall score or individual indicator being summarized.",Category,Text,Empty cell means unavailable or not applicable; NA is a region label.
main/figures/Figure2a_density.csv,score,"Score coordinate, or named scoring rule in the alternative-weighting analysis.",Score units or category,Number,Empty cell means unavailable or not applicable; NA is a region label.
main/figures/Figure2a_density.csv,count,Number of observations in the displayed bin; player counts for densities and match counts for timeline support.,Count,Number,Empty cell means unavailable or not applicable; NA is a region label.
main/figures/Figure2a_density.csv,density,Kernel-density estimate of the score distribution.,Inverse score units,Number,Empty cell means unavailable or not applicable; NA is a region label.
main/figures/Figure2a_density.csv,bandwidth,Common kernel-density bandwidth.,Score units,Number,Empty cell means unavailable or not applicable; NA is a region label.
main/figures/Figure2a_density.csv,bin_width,Width of the score histogram bin.,Score units,Number,Empty cell means unavailable or not applicable; NA is a region label.
main/figures/Figure2a_means.csv,region,"Region or original server code. NA/NA1 = North America, EUW/EUW1 = Western Europe, KR = Korea; All denotes pooled data.",Category,Text,Empty cell means unavailable or not applicable; NA is a region label.
main/figures/Figure2a_means.csv,measure,"Process, overall score or individual indicator being summarized.",Category,Text,Empty cell means unavailable or not applicable; NA is a region label.
main/figures/Figure2a_means.csv,estimate,"Estimated mean, mean difference or coefficient described by the file and row labels.",File-specific,Number,Empty cell means unavailable or not applicable; NA is a region label.
main/figures/Figure2a_means.csv,ci_low,"Lower bound of the pointwise 95% confidence interval for the estimate. In logistic result files this bounds beta, not the odds ratio.",Estimate units,Number,Empty cell means unavailable or not applicable; NA is a region label.
main/figures/Figure2a_means.csv,ci_high,"Upper bound of the pointwise 95% confidence interval for the estimate. In logistic result files this bounds beta, not the odds ratio.",Estimate units,Number,Empty cell means unavailable or not applicable; NA is a region label.
main/figures/Figure2a_means.csv,n_players,Number of focal players contributing to the stated group or model.,Players,Number,Empty cell means unavailable or not applicable; NA is a region label.
main/figures/Figure2a_means.csv,n_records,Number of focal player–match records.,Player–match records,Number,Empty cell means unavailable or not applicable; NA is a region label.
main/figures/Figure2a_means.csv,distribution_mean,Mean of the plotted player distribution.,Score units,Number,Empty cell means unavailable or not applicable; NA is a region label.
main/figures/Figure2a_quantiles.csv,region,"Region or original server code. NA/NA1 = North America, EUW/EUW1 = Western Europe, KR = Korea; All denotes pooled data.",Category,Text,Empty cell means unavailable or not applicable; NA is a region label.
main/figures/Figure2a_quantiles.csv,measure,"Process, overall score or individual indicator being summarized.",Category,Text,Empty cell means unavailable or not applicable; NA is a region label.
main/figures/Figure2a_quantiles.csv,n_players,Number of focal players contributing to the stated group or model.,Players,Number,Empty cell means unavailable or not applicable; NA is a region label.
main/figures/Figure2a_quantiles.csv,mean,Mean.,Score units,Number,Empty cell means unavailable or not applicable; NA is a region label.
main/figures/Figure2a_quantiles.csv,sd,Standard deviation.,Score units,Number,Empty cell means unavailable or not applicable; NA is a region label.
main/figures/Figure2a_quantiles.csv,min,Minimum.,Score units,Number,Empty cell means unavailable or not applicable; NA is a region label.
main/figures/Figure2a_quantiles.csv,q001,0.1th percentile of the regional score distribution.,Score units,Number,Empty cell means unavailable or not applicable; NA is a region label.
main/figures/Figure2a_quantiles.csv,q005,0.5th percentile of the regional score distribution.,Score units,Number,Empty cell means unavailable or not applicable; NA is a region label.
main/figures/Figure2a_quantiles.csv,q01,1th percentile of the regional score distribution.,Score units,Number,Empty cell means unavailable or not applicable; NA is a region label.
main/figures/Figure2a_quantiles.csv,q025,2.5th percentile of the regional score distribution.,Score units,Number,Empty cell means unavailable or not applicable; NA is a region label.
main/figures/Figure2a_quantiles.csv,q05,5th percentile of the regional score distribution.,Score units,Number,Empty cell means unavailable or not applicable; NA is a region label.
main/figures/Figure2a_quantiles.csv,q10,10th percentile of the regional score distribution.,Score units,Number,Empty cell means unavailable or not applicable; NA is a region label.
main/figures/Figure2a_quantiles.csv,q25,25th percentile of the regional score distribution.,Score units,Number,Empty cell means unavailable or not applicable; NA is a region label.
main/figures/Figure2a_quantiles.csv,median,Median.,Score units,Number,Empty cell means unavailable or not applicable; NA is a region label.
main/figures/Figure2a_quantiles.csv,q75,75th percentile of the regional score distribution.,Score units,Number,Empty cell means unavailable or not applicable; NA is a region label.
main/figures/Figure2a_quantiles.csv,q90,90th percentile of the regional score distribution.,Score units,Number,Empty cell means unavailable or not applicable; NA is a region label.
main/figures/Figure2a_quantiles.csv,q95,95th percentile of the regional score distribution.,Score units,Number,Empty cell means unavailable or not applicable; NA is a region label.
main/figures/Figure2a_quantiles.csv,q975,97.5th percentile of the regional score distribution.,Score units,Number,Empty cell means unavailable or not applicable; NA is a region label.
main/figures/Figure2a_quantiles.csv,q99,99th percentile of the regional score distribution.,Score units,Number,Empty cell means unavailable or not applicable; NA is a region label.
main/figures/Figure2a_quantiles.csv,q995,99.5th percentile of the regional score distribution.,Score units,Number,Empty cell means unavailable or not applicable; NA is a region label.
main/figures/Figure2a_quantiles.csv,q999,99.9th percentile of the regional score distribution.,Score units,Number,Empty cell means unavailable or not applicable; NA is a region label.
main/figures/Figure2a_quantiles.csv,max,Maximum.,Score units,Number,Empty cell means unavailable or not applicable; NA is a region label.
main/figures/Figure2b.csv,region,"Region or original server code. NA/NA1 = North America, EUW/EUW1 = Western Europe, KR = Korea; All denotes pooled data.",Category,Text,Empty cell means unavailable or not applicable; NA is a region label.
main/figures/Figure2b.csv,measure,"Process, overall score or individual indicator being summarized.",Category,Text,Empty cell means unavailable or not applicable; NA is a region label.
main/figures/Figure2b.csv,estimate,"Estimated mean, mean difference or coefficient described by the file and row labels.",File-specific,Number,Empty cell means unavailable or not applicable; NA is a region label.
main/figures/Figure2b.csv,ci_low,"Lower bound of the pointwise 95% confidence interval for the estimate. In logistic result files this bounds beta, not the odds ratio.",Estimate units,Number,Empty cell means unavailable or not applicable; NA is a region label.
main/figures/Figure2b.csv,ci_high,"Upper bound of the pointwise 95% confidence interval for the estimate. In logistic result files this bounds beta, not the odds ratio.",Estimate units,Number,Empty cell means unavailable or not applicable; NA is a region label.
main/figures/Figure2b.csv,n_players,Number of focal players contributing to the stated group or model.,Players,Number,Empty cell means unavailable or not applicable; NA is a region label.
main/figures/Figure2b.csv,n_records,Number of focal player–match records.,Player–match records,Number,Empty cell means unavailable or not applicable; NA is a region label.
main/figures/Figure2b.csv,distribution_mean,Mean of the plotted player distribution.,Score units,Number,Empty cell means unavailable or not applicable; NA is a region label.
main/figures/Figure2c.csv,region,"Region or original server code. NA/NA1 = North America, EUW/EUW1 = Western Europe, KR = Korea; All denotes pooled data.",Category,Text,Empty cell means unavailable or not applicable; NA is a region label.
main/figures/Figure2c.csv,metric,"Behavioural indicator key; see variables.csv. In validation gains this instead identifies AUC, log loss or Brier score.",Category,Text,Empty cell means unavailable or not applicable; NA is a region label.
main/figures/Figure2c.csv,estimate,"Estimated mean, mean difference or coefficient described by the file and row labels.",File-specific,Number,Empty cell means unavailable or not applicable; NA is a region label.
main/figures/Figure2c.csv,ci_low,"Lower bound of the pointwise 95% confidence interval for the estimate. In logistic result files this bounds beta, not the odds ratio.",Estimate units,Number,Empty cell means unavailable or not applicable; NA is a region label.
main/figures/Figure2c.csv,ci_high,"Upper bound of the pointwise 95% confidence interval for the estimate. In logistic result files this bounds beta, not the odds ratio.",Estimate units,Number,Empty cell means unavailable or not applicable; NA is a region label.
main/figures/Figure2c.csv,n_players,Number of focal players contributing to the stated group or model.,Players,Number,Empty cell means unavailable or not applicable; NA is a region label.
main/figures/Figure2c.csv,n_records,Number of focal player–match records.,Player–match records,Number,Empty cell means unavailable or not applicable; NA is a region label.
main/figures/Figure2c.csv,player_mean,Mean across player averages.,Score units,Number,Empty cell means unavailable or not applicable; NA is a region label.
main/figures/Figure2c.csv,player_sd,Standard deviation across player averages.,Score units,Number,Empty cell means unavailable or not applicable; NA is a region label.
main/figures/Figure2de.csv,region,"Region or original server code. NA/NA1 = North America, EUW/EUW1 = Western Europe, KR = Korea; All denotes pooled data.",Category,Text,Empty cell means unavailable or not applicable; NA is a region label.
main/figures/Figure2de.csv,metric,"Behavioural indicator key; see variables.csv. In validation gains this instead identifies AUC, log loss or Brier score.",Category,Text,Empty cell means unavailable or not applicable; NA is a region label.
main/figures/Figure2de.csv,prevalence,Fraction of valid player–match records containing at least one occurrence of the ping.,Fraction from 0 to 1,Number,Empty cell means unavailable or not applicable; NA is a region label.
main/figures/Figure2de.csv,prevalence_ci_low,Lower player-cluster delta-method 95% bound for ping occurrence.,Fraction from 0 to 1,Number,Empty cell means unavailable or not applicable; NA is a region label.
main/figures/Figure2de.csv,prevalence_ci_high,Upper player-cluster delta-method 95% bound for ping occurrence.,Fraction from 0 to 1,Number,Empty cell means unavailable or not applicable; NA is a region label.
main/figures/Figure2de.csv,conditional_mean_per_10_min,Mean raw ping count per 10 min among records containing that ping.,Pings per player per 10 min,Number,Empty cell means unavailable or not applicable; NA is a region label.
main/figures/Figure2de.csv,conditional_ci_low,Lower player-cluster delta-method 95% bound for the positive-record mean.,Pings per player per 10 min,Number,Empty cell means unavailable or not applicable; NA is a region label.
main/figures/Figure2de.csv,conditional_ci_high,Upper player-cluster delta-method 95% bound for the positive-record mean.,Pings per player per 10 min,Number,Empty cell means unavailable or not applicable; NA is a region label.
main/figures/Figure2de.csv,marginal_mean_per_10_min,"Mean raw ping frequency over all valid player–match records, including zeros.",Pings per player per 10 min,Number,Empty cell means unavailable or not applicable; NA is a region label.
main/figures/Figure2de.csv,marginal_ci_low,Lower player-cluster delta-method 95% bound for the all-record mean.,Pings per player per 10 min,Number,Empty cell means unavailable or not applicable; NA is a region label.
main/figures/Figure2de.csv,marginal_ci_high,Upper player-cluster delta-method 95% bound for the all-record mean.,Pings per player per 10 min,Number,Empty cell means unavailable or not applicable; NA is a region label.
main/figures/Figure2de.csv,n_players,Number of focal players contributing to the stated group or model.,Players,Number,Empty cell means unavailable or not applicable; NA is a region label.
main/figures/Figure2de.csv,n_records,Number of focal player–match records.,Player–match records,Number,Empty cell means unavailable or not applicable; NA is a region label.
main/figures/Figure2de.csv,n_active_records,Player–match records with at least one occurrence of the specified ping.,Player–match records,Number,Empty cell means unavailable or not applicable; NA is a region label.
main/figures/Figure2de.csv,interval_method,Method used to calculate the uncertainty interval.,Text,Text,Empty cell means unavailable or not applicable; NA is a region label.
main/figures/Figure3a.csv,context,Context defining rows: sampling tier or team position.,Category,Text,Empty cell means unavailable or not applicable; NA is a region label.
main/figures/Figure3a.csv,region,"Region or original server code. NA/NA1 = North America, EUW/EUW1 = Western Europe, KR = Korea; All denotes pooled data.",Category,Text,Empty cell means unavailable or not applicable; NA is a region label.
main/figures/Figure3a.csv,level,Sampling-tier or team-position category; depends on context.,Category,Text,Empty cell means unavailable or not applicable; NA is a region label.
main/figures/Figure3a.csv,measure,"Process, overall score or individual indicator being summarized.",Category,Text,Empty cell means unavailable or not applicable; NA is a region label.
main/figures/Figure3a.csv,estimate,"Estimated mean, mean difference or coefficient described by the file and row labels.",File-specific,Number,Empty cell means unavailable or not applicable; NA is a region label.
main/figures/Figure3a.csv,ci_low,"Lower bound of the pointwise 95% confidence interval for the estimate. In logistic result files this bounds beta, not the odds ratio.",Estimate units,Number,Empty cell means unavailable or not applicable; NA is a region label.
main/figures/Figure3a.csv,ci_high,"Upper bound of the pointwise 95% confidence interval for the estimate. In logistic result files this bounds beta, not the odds ratio.",Estimate units,Number,Empty cell means unavailable or not applicable; NA is a region label.
main/figures/Figure3a.csv,se,Standard error of the estimate; for logistic result tables this refers to the log-odds coefficient.,Estimate units,Number,Empty cell means unavailable or not applicable; NA is a region label.
main/figures/Figure3a.csv,n_records,Number of focal player–match records.,Player–match records,Number,Empty cell means unavailable or not applicable; NA is a region label.
main/figures/Figure3a.csv,n_players,Number of focal players contributing to the stated group or model.,Players,Number,Empty cell means unavailable or not applicable; NA is a region label.
main/figures/Figure3a.csv,unit,Measurement unit of the estimate.,Text,Text,Empty cell means unavailable or not applicable; NA is a region label.
main/figures/Figure3b.csv,context,Context defining rows: sampling tier or team position.,Category,Text,Empty cell means unavailable or not applicable; NA is a region label.
main/figures/Figure3b.csv,region,"Region or original server code. NA/NA1 = North America, EUW/EUW1 = Western Europe, KR = Korea; All denotes pooled data.",Category,Text,Empty cell means unavailable or not applicable; NA is a region label.
main/figures/Figure3b.csv,level,Sampling-tier or team-position category; depends on context.,Category,Text,Empty cell means unavailable or not applicable; NA is a region label.
main/figures/Figure3b.csv,measure,"Process, overall score or individual indicator being summarized.",Category,Text,Empty cell means unavailable or not applicable; NA is a region label.
main/figures/Figure3b.csv,estimate,"Estimated mean, mean difference or coefficient described by the file and row labels.",File-specific,Number,Empty cell means unavailable or not applicable; NA is a region label.
main/figures/Figure3b.csv,ci_low,"Lower bound of the pointwise 95% confidence interval for the estimate. In logistic result files this bounds beta, not the odds ratio.",Estimate units,Number,Empty cell means unavailable or not applicable; NA is a region label.
main/figures/Figure3b.csv,ci_high,"Upper bound of the pointwise 95% confidence interval for the estimate. In logistic result files this bounds beta, not the odds ratio.",Estimate units,Number,Empty cell means unavailable or not applicable; NA is a region label.
main/figures/Figure3b.csv,se,Standard error of the estimate; for logistic result tables this refers to the log-odds coefficient.,Estimate units,Number,Empty cell means unavailable or not applicable; NA is a region label.
main/figures/Figure3b.csv,n_records,Number of focal player–match records.,Player–match records,Number,Empty cell means unavailable or not applicable; NA is a region label.
main/figures/Figure3b.csv,n_players,Number of focal players contributing to the stated group or model.,Players,Number,Empty cell means unavailable or not applicable; NA is a region label.
main/figures/Figure3b.csv,unit,Measurement unit of the estimate.,Text,Text,Empty cell means unavailable or not applicable; NA is a region label.
main/figures/Figure3c.csv,context,Context defining rows: sampling tier or team position.,Category,Text,Empty cell means unavailable or not applicable; NA is a region label.
main/figures/Figure3c.csv,region,"Region or original server code. NA/NA1 = North America, EUW/EUW1 = Western Europe, KR = Korea; All denotes pooled data.",Category,Text,Empty cell means unavailable or not applicable; NA is a region label.
main/figures/Figure3c.csv,level,Sampling-tier or team-position category; depends on context.,Category,Text,Empty cell means unavailable or not applicable; NA is a region label.
main/figures/Figure3c.csv,measure,"Process, overall score or individual indicator being summarized.",Category,Text,Empty cell means unavailable or not applicable; NA is a region label.
main/figures/Figure3c.csv,estimate,"Estimated mean, mean difference or coefficient described by the file and row labels.",File-specific,Number,Empty cell means unavailable or not applicable; NA is a region label.
main/figures/Figure3c.csv,ci_low,"Lower bound of the pointwise 95% confidence interval for the estimate. In logistic result files this bounds beta, not the odds ratio.",Estimate units,Number,Empty cell means unavailable or not applicable; NA is a region label.
main/figures/Figure3c.csv,ci_high,"Upper bound of the pointwise 95% confidence interval for the estimate. In logistic result files this bounds beta, not the odds ratio.",Estimate units,Number,Empty cell means unavailable or not applicable; NA is a region label.
main/figures/Figure3c.csv,se,Standard error of the estimate; for logistic result tables this refers to the log-odds coefficient.,Estimate units,Number,Empty cell means unavailable or not applicable; NA is a region label.
main/figures/Figure3c.csv,n_records,Number of focal player–match records.,Player–match records,Number,Empty cell means unavailable or not applicable; NA is a region label.
main/figures/Figure3c.csv,n_players,Number of focal players contributing to the stated group or model.,Players,Number,Empty cell means unavailable or not applicable; NA is a region label.
main/figures/Figure3c.csv,unit,Measurement unit of the estimate.,Text,Text,Empty cell means unavailable or not applicable; NA is a region label.
main/figures/Figure3d.csv,context,Context defining rows: sampling tier or team position.,Category,Text,Empty cell means unavailable or not applicable; NA is a region label.
main/figures/Figure3d.csv,region,"Region or original server code. NA/NA1 = North America, EUW/EUW1 = Western Europe, KR = Korea; All denotes pooled data.",Category,Text,Empty cell means unavailable or not applicable; NA is a region label.
main/figures/Figure3d.csv,level,Sampling-tier or team-position category; depends on context.,Category,Text,Empty cell means unavailable or not applicable; NA is a region label.
main/figures/Figure3d.csv,measure,"Process, overall score or individual indicator being summarized.",Category,Text,Empty cell means unavailable or not applicable; NA is a region label.
main/figures/Figure3d.csv,estimate,"Estimated mean, mean difference or coefficient described by the file and row labels.",File-specific,Number,Empty cell means unavailable or not applicable; NA is a region label.
main/figures/Figure3d.csv,ci_low,"Lower bound of the pointwise 95% confidence interval for the estimate. In logistic result files this bounds beta, not the odds ratio.",Estimate units,Number,Empty cell means unavailable or not applicable; NA is a region label.
main/figures/Figure3d.csv,ci_high,"Upper bound of the pointwise 95% confidence interval for the estimate. In logistic result files this bounds beta, not the odds ratio.",Estimate units,Number,Empty cell means unavailable or not applicable; NA is a region label.
main/figures/Figure3d.csv,se,Standard error of the estimate; for logistic result tables this refers to the log-odds coefficient.,Estimate units,Number,Empty cell means unavailable or not applicable; NA is a region label.
main/figures/Figure3d.csv,n_records,Number of focal player–match records.,Player–match records,Number,Empty cell means unavailable or not applicable; NA is a region label.
main/figures/Figure3d.csv,n_players,Number of focal players contributing to the stated group or model.,Players,Number,Empty cell means unavailable or not applicable; NA is a region label.
main/figures/Figure3d.csv,unit,Measurement unit of the estimate.,Text,Text,Empty cell means unavailable or not applicable; NA is a region label.
main/figures/Figure3e.csv,context,Context defining rows: sampling tier or team position.,Category,Text,Empty cell means unavailable or not applicable; NA is a region label.
main/figures/Figure3e.csv,region,"Region or original server code. NA/NA1 = North America, EUW/EUW1 = Western Europe, KR = Korea; All denotes pooled data.",Category,Text,Empty cell means unavailable or not applicable; NA is a region label.
main/figures/Figure3e.csv,level,Sampling-tier or team-position category; depends on context.,Category,Text,Empty cell means unavailable or not applicable; NA is a region label.
main/figures/Figure3e.csv,measure,"Process, overall score or individual indicator being summarized.",Category,Text,Empty cell means unavailable or not applicable; NA is a region label.
main/figures/Figure3e.csv,estimate,"Estimated mean, mean difference or coefficient described by the file and row labels.",File-specific,Number,Empty cell means unavailable or not applicable; NA is a region label.
main/figures/Figure3e.csv,ci_low,"Lower bound of the pointwise 95% confidence interval for the estimate. In logistic result files this bounds beta, not the odds ratio.",Estimate units,Number,Empty cell means unavailable or not applicable; NA is a region label.
main/figures/Figure3e.csv,ci_high,"Upper bound of the pointwise 95% confidence interval for the estimate. In logistic result files this bounds beta, not the odds ratio.",Estimate units,Number,Empty cell means unavailable or not applicable; NA is a region label.
main/figures/Figure3e.csv,se,Standard error of the estimate; for logistic result tables this refers to the log-odds coefficient.,Estimate units,Number,Empty cell means unavailable or not applicable; NA is a region label.
main/figures/Figure3e.csv,n_records,Number of focal player–match records.,Player–match records,Number,Empty cell means unavailable or not applicable; NA is a region label.
main/figures/Figure3e.csv,n_players,Number of focal players contributing to the stated group or model.,Players,Number,Empty cell means unavailable or not applicable; NA is a region label.
main/figures/Figure3e.csv,unit,Measurement unit of the estimate.,Text,Text,Empty cell means unavailable or not applicable; NA is a region label.
main/figures/Figure3f.csv,context,Context defining rows: sampling tier or team position.,Category,Text,Empty cell means unavailable or not applicable; NA is a region label.
main/figures/Figure3f.csv,region,"Region or original server code. NA/NA1 = North America, EUW/EUW1 = Western Europe, KR = Korea; All denotes pooled data.",Category,Text,Empty cell means unavailable or not applicable; NA is a region label.
main/figures/Figure3f.csv,level,Sampling-tier or team-position category; depends on context.,Category,Text,Empty cell means unavailable or not applicable; NA is a region label.
main/figures/Figure3f.csv,measure,"Process, overall score or individual indicator being summarized.",Category,Text,Empty cell means unavailable or not applicable; NA is a region label.
main/figures/Figure3f.csv,estimate,"Estimated mean, mean difference or coefficient described by the file and row labels.",File-specific,Number,Empty cell means unavailable or not applicable; NA is a region label.
main/figures/Figure3f.csv,ci_low,"Lower bound of the pointwise 95% confidence interval for the estimate. In logistic result files this bounds beta, not the odds ratio.",Estimate units,Number,Empty cell means unavailable or not applicable; NA is a region label.
main/figures/Figure3f.csv,ci_high,"Upper bound of the pointwise 95% confidence interval for the estimate. In logistic result files this bounds beta, not the odds ratio.",Estimate units,Number,Empty cell means unavailable or not applicable; NA is a region label.
main/figures/Figure3f.csv,se,Standard error of the estimate; for logistic result tables this refers to the log-odds coefficient.,Estimate units,Number,Empty cell means unavailable or not applicable; NA is a region label.
main/figures/Figure3f.csv,n_records,Number of focal player–match records.,Player–match records,Number,Empty cell means unavailable or not applicable; NA is a region label.
main/figures/Figure3f.csv,n_players,Number of focal players contributing to the stated group or model.,Players,Number,Empty cell means unavailable or not applicable; NA is a region label.
main/figures/Figure3f.csv,unit,Measurement unit of the estimate.,Text,Text,Empty cell means unavailable or not applicable; NA is a region label.
main/figures/Figure3g.csv,context,Context defining rows: sampling tier or team position.,Category,Text,Empty cell means unavailable or not applicable; NA is a region label.
main/figures/Figure3g.csv,region,"Region or original server code. NA/NA1 = North America, EUW/EUW1 = Western Europe, KR = Korea; All denotes pooled data.",Category,Text,Empty cell means unavailable or not applicable; NA is a region label.
main/figures/Figure3g.csv,level,Sampling-tier or team-position category; depends on context.,Category,Text,Empty cell means unavailable or not applicable; NA is a region label.
main/figures/Figure3g.csv,measure,"Process, overall score or individual indicator being summarized.",Category,Text,Empty cell means unavailable or not applicable; NA is a region label.
main/figures/Figure3g.csv,estimate,"Estimated mean, mean difference or coefficient described by the file and row labels.",File-specific,Number,Empty cell means unavailable or not applicable; NA is a region label.
main/figures/Figure3g.csv,ci_low,"Lower bound of the pointwise 95% confidence interval for the estimate. In logistic result files this bounds beta, not the odds ratio.",Estimate units,Number,Empty cell means unavailable or not applicable; NA is a region label.
main/figures/Figure3g.csv,ci_high,"Upper bound of the pointwise 95% confidence interval for the estimate. In logistic result files this bounds beta, not the odds ratio.",Estimate units,Number,Empty cell means unavailable or not applicable; NA is a region label.
main/figures/Figure3g.csv,se,Standard error of the estimate; for logistic result tables this refers to the log-odds coefficient.,Estimate units,Number,Empty cell means unavailable or not applicable; NA is a region label.
main/figures/Figure3g.csv,n_records,Number of focal player–match records.,Player–match records,Number,Empty cell means unavailable or not applicable; NA is a region label.
main/figures/Figure3g.csv,n_players,Number of focal players contributing to the stated group or model.,Players,Number,Empty cell means unavailable or not applicable; NA is a region label.
main/figures/Figure3g.csv,unit,Measurement unit of the estimate.,Text,Text,Empty cell means unavailable or not applicable; NA is a region label.
main/figures/Figure4a.csv,region,"Region or original server code. NA/NA1 = North America, EUW/EUW1 = Western Europe, KR = Korea; All denotes pooled data.",Category,Text,Empty cell means unavailable or not applicable; NA is a region label.
main/figures/Figure4a.csv,display_region,"Region label used in figures: NA, EUW or KR.",Category,Text,Empty cell means unavailable or not applicable; NA is a region label.
main/figures/Figure4a.csv,component,"Timeline maintenance component: valid_wards_placed, valid_ward_kills or control_ward_purchases.",Category,Text,Empty cell means unavailable or not applicable; NA is a region label.
main/figures/Figure4a.csv,minute,Interval index: 1 denotes 0–1 min. Boundary events belong to the ending interval; the final interval uses actual cut-off duration.,Minute interval index,Number,Empty cell means unavailable or not applicable; NA is a region label.
main/figures/Figure4a.csv,time_midpoint,Nominal midpoint of the one-minute interval.,Minutes,Number,Empty cell means unavailable or not applicable; NA is a region label.
main/figures/Figure4a.csv,mean_rate,Regional mean event frequency under the common tier and patch distribution.,Events per team per minute,Number,Empty cell means unavailable or not applicable; NA is a region label.
main/figures/Figure4a.csv,se,Standard error of the estimate; for logistic result tables this refers to the log-odds coefficient.,Estimate units,Number,Empty cell means unavailable or not applicable; NA is a region label.
main/figures/Figure4a.csv,ci_low,"Lower bound of the pointwise 95% confidence interval for the estimate. In logistic result files this bounds beta, not the odds ratio.",Estimate units,Number,Empty cell means unavailable or not applicable; NA is a region label.
main/figures/Figure4a.csv,ci_high,"Upper bound of the pointwise 95% confidence interval for the estimate. In logistic result files this bounds beta, not the odds ratio.",Estimate units,Number,Empty cell means unavailable or not applicable; NA is a region label.
main/figures/Figure4a.csv,n_matches,Number of unique matches for the stated sample or group.,Unique matches,Number,Empty cell means unavailable or not applicable; NA is a region label.
main/figures/Figure4a.csv,n_teams,Number of team records; ordinarily two per eligible match.,Team records,Number,Empty cell means unavailable or not applicable; NA is a region label.
main/figures/Figure4a.csv,unit,Measurement unit of the estimate.,Text,Text,Empty cell means unavailable or not applicable; NA is a region label.
main/figures/Figure4a.csv,specification,"Model, scoring or sample specification; see categories.csv.",Category,Text,Empty cell means unavailable or not applicable; NA is a region label.
main/figures/Figure4a.csv,interval_method,Method used to calculate the uncertainty interval.,Text,Text,Empty cell means unavailable or not applicable; NA is a region label.
main/figures/Figure4b.csv,region,"Region or original server code. NA/NA1 = North America, EUW/EUW1 = Western Europe, KR = Korea; All denotes pooled data.",Category,Text,Empty cell means unavailable or not applicable; NA is a region label.
main/figures/Figure4b.csv,display_region,"Region label used in figures: NA, EUW or KR.",Category,Text,Empty cell means unavailable or not applicable; NA is a region label.
main/figures/Figure4b.csv,component,"Timeline maintenance component: valid_wards_placed, valid_ward_kills or control_ward_purchases.",Category,Text,Empty cell means unavailable or not applicable; NA is a region label.
main/figures/Figure4b.csv,minute,Interval index: 1 denotes 0–1 min. Boundary events belong to the ending interval; the final interval uses actual cut-off duration.,Minute interval index,Number,Empty cell means unavailable or not applicable; NA is a region label.
main/figures/Figure4b.csv,time_midpoint,Nominal midpoint of the one-minute interval.,Minutes,Number,Empty cell means unavailable or not applicable; NA is a region label.
main/figures/Figure4b.csv,mean_rate,Regional mean event frequency under the common tier and patch distribution.,Events per team per minute,Number,Empty cell means unavailable or not applicable; NA is a region label.
main/figures/Figure4b.csv,se,Standard error of the estimate; for logistic result tables this refers to the log-odds coefficient.,Estimate units,Number,Empty cell means unavailable or not applicable; NA is a region label.
main/figures/Figure4b.csv,ci_low,"Lower bound of the pointwise 95% confidence interval for the estimate. In logistic result files this bounds beta, not the odds ratio.",Estimate units,Number,Empty cell means unavailable or not applicable; NA is a region label.
main/figures/Figure4b.csv,ci_high,"Upper bound of the pointwise 95% confidence interval for the estimate. In logistic result files this bounds beta, not the odds ratio.",Estimate units,Number,Empty cell means unavailable or not applicable; NA is a region label.
main/figures/Figure4b.csv,n_matches,Number of unique matches for the stated sample or group.,Unique matches,Number,Empty cell means unavailable or not applicable; NA is a region label.
main/figures/Figure4b.csv,n_teams,Number of team records; ordinarily two per eligible match.,Team records,Number,Empty cell means unavailable or not applicable; NA is a region label.
main/figures/Figure4b.csv,unit,Measurement unit of the estimate.,Text,Text,Empty cell means unavailable or not applicable; NA is a region label.
main/figures/Figure4b.csv,specification,"Model, scoring or sample specification; see categories.csv.",Category,Text,Empty cell means unavailable or not applicable; NA is a region label.
main/figures/Figure4b.csv,interval_method,Method used to calculate the uncertainty interval.,Text,Text,Empty cell means unavailable or not applicable; NA is a region label.
main/figures/Figure4c.csv,region,"Region or original server code. NA/NA1 = North America, EUW/EUW1 = Western Europe, KR = Korea; All denotes pooled data.",Category,Text,Empty cell means unavailable or not applicable; NA is a region label.
main/figures/Figure4c.csv,display_region,"Region label used in figures: NA, EUW or KR.",Category,Text,Empty cell means unavailable or not applicable; NA is a region label.
main/figures/Figure4c.csv,component,"Timeline maintenance component: valid_wards_placed, valid_ward_kills or control_ward_purchases.",Category,Text,Empty cell means unavailable or not applicable; NA is a region label.
main/figures/Figure4c.csv,minute,Interval index: 1 denotes 0–1 min. Boundary events belong to the ending interval; the final interval uses actual cut-off duration.,Minute interval index,Number,Empty cell means unavailable or not applicable; NA is a region label.
main/figures/Figure4c.csv,time_midpoint,Nominal midpoint of the one-minute interval.,Minutes,Number,Empty cell means unavailable or not applicable; NA is a region label.
main/figures/Figure4c.csv,mean_rate,Regional mean event frequency under the common tier and patch distribution.,Events per team per minute,Number,Empty cell means unavailable or not applicable; NA is a region label.
main/figures/Figure4c.csv,se,Standard error of the estimate; for logistic result tables this refers to the log-odds coefficient.,Estimate units,Number,Empty cell means unavailable or not applicable; NA is a region label.
main/figures/Figure4c.csv,ci_low,"Lower bound of the pointwise 95% confidence interval for the estimate. In logistic result files this bounds beta, not the odds ratio.",Estimate units,Number,Empty cell means unavailable or not applicable; NA is a region label.
main/figures/Figure4c.csv,ci_high,"Upper bound of the pointwise 95% confidence interval for the estimate. In logistic result files this bounds beta, not the odds ratio.",Estimate units,Number,Empty cell means unavailable or not applicable; NA is a region label.
main/figures/Figure4c.csv,n_matches,Number of unique matches for the stated sample or group.,Unique matches,Number,Empty cell means unavailable or not applicable; NA is a region label.
main/figures/Figure4c.csv,n_teams,Number of team records; ordinarily two per eligible match.,Team records,Number,Empty cell means unavailable or not applicable; NA is a region label.
main/figures/Figure4c.csv,unit,Measurement unit of the estimate.,Text,Text,Empty cell means unavailable or not applicable; NA is a region label.
main/figures/Figure4c.csv,specification,"Model, scoring or sample specification; see categories.csv.",Category,Text,Empty cell means unavailable or not applicable; NA is a region label.
main/figures/Figure4c.csv,interval_method,Method used to calculate the uncertainty interval.,Text,Text,Empty cell means unavailable or not applicable; NA is a region label.
main/figures/Figure4d.csv,region,"Region or original server code. NA/NA1 = North America, EUW/EUW1 = Western Europe, KR = Korea; All denotes pooled data.",Category,Text,Empty cell means unavailable or not applicable; NA is a region label.
main/figures/Figure4d.csv,display_region,"Region label used in figures: NA, EUW or KR.",Category,Text,Empty cell means unavailable or not applicable; NA is a region label.
main/figures/Figure4d.csv,maintenance_difference_sd,Uncentred blue-minus-red maintenance difference divided by its common SD; zero means equal team scores.,Common SD,Number,Empty cell means unavailable or not applicable; NA is a region label.
main/figures/Figure4d.csv,model_predictor_z,Centered blue-minus-red maintenance predictor on the fitted model scale.,Common SD,Number,Empty cell means unavailable or not applicable; NA is a region label.
main/figures/Figure4d.csv,probability,Adjusted probability that blue secures the first subsequent neutral objective.,Probability from 0 to 1,Number,Empty cell means unavailable or not applicable; NA is a region label.
main/figures/Figure4d.csv,ci_low,"Lower bound of the pointwise 95% confidence interval for the estimate. In logistic result files this bounds beta, not the odds ratio.",Estimate units,Number,Empty cell means unavailable or not applicable; NA is a region label.
main/figures/Figure4d.csv,ci_high,"Upper bound of the pointwise 95% confidence interval for the estimate. In logistic result files this bounds beta, not the odds ratio.",Estimate units,Number,Empty cell means unavailable or not applicable; NA is a region label.
main/figures/Figure4d.csv,se,Standard error of the estimate; for logistic result tables this refers to the log-odds coefficient.,Estimate units,Number,Empty cell means unavailable or not applicable; NA is a region label.
main/figures/Figure4d.csv,n_model_matches,Unique matches in the fitted probability model.,Unique matches,Number,Empty cell means unavailable or not applicable; NA is a region label.
main/figures/Figure4d.csv,n_reference_matches,Unique matches in the shared probability-standardization reference.,Unique matches,Number,Empty cell means unavailable or not applicable; NA is a region label.
main/figures/Figure4d.csv,method,Estimation or standardization method.,Text,Text,Empty cell means unavailable or not applicable; NA is a region label.
main/figures/Figure4d.csv,specification,"Model, scoring or sample specification; see categories.csv.",Category,Text,Empty cell means unavailable or not applicable; NA is a region label.
main/figures/Figure4d_support.csv,region,"Region or original server code. NA/NA1 = North America, EUW/EUW1 = Western Europe, KR = Korea; All denotes pooled data.",Category,Text,Empty cell means unavailable or not applicable; NA is a region label.
main/figures/Figure4d_support.csv,left,Lower maintenance-difference bin edge.,Common SD,Number,Empty cell means unavailable or not applicable; NA is a region label.
main/figures/Figure4d_support.csv,right,Upper maintenance-difference bin edge.,Common SD,Number,Empty cell means unavailable or not applicable; NA is a region label.
main/figures/Figure4d_support.csv,mid,Maintenance-difference bin midpoint.,Common SD,Number,Empty cell means unavailable or not applicable; NA is a region label.
main/figures/Figure4d_support.csv,count,Number of observations in the displayed bin; player counts for densities and match counts for timeline support.,Count,Number,Empty cell means unavailable or not applicable; NA is a region label.
main/figures/Figure4d_support.csv,fraction_of_region,Bin match count divided by the regional match count.,Fraction,Number,Empty cell means unavailable or not applicable; NA is a region label.
main/figures/Figure4d_support.csv,n_matches,Number of unique matches for the stated sample or group.,Unique matches,Number,Empty cell means unavailable or not applicable; NA is a region label.
main/figures/Figure4d_probability_changes.csv,region,"Region or original server code. NA/NA1 = North America, EUW/EUW1 = Western Europe, KR = Korea; All denotes pooled data.",Category,Text,Empty cell means unavailable or not applicable; NA is a region label.
main/figures/Figure4d_probability_changes.csv,display_region,"Region label used in figures: NA, EUW or KR.",Category,Text,Empty cell means unavailable or not applicable; NA is a region label.
main/figures/Figure4d_probability_changes.csv,p_at_minus1,Adjusted probability at an uncentred maintenance difference of −1 common SD.,Probability from 0 to 1,Number,Empty cell means unavailable or not applicable; NA is a region label.
main/figures/Figure4d_probability_changes.csv,p_at_plus1,Adjusted probability at an uncentred maintenance difference of +1 common SD.,Probability from 0 to 1,Number,Empty cell means unavailable or not applicable; NA is a region label.
main/figures/Figure4d_probability_changes.csv,probability_difference,Probability at +1 common SD minus probability at −1 common SD. Multiply by 100 for percentage points.,Probability difference,Number,Empty cell means unavailable or not applicable; NA is a region label.
main/figures/Figure4d_probability_changes.csv,ci_low,"Lower bound of the pointwise 95% confidence interval for the estimate. In logistic result files this bounds beta, not the odds ratio.",Estimate units,Number,Empty cell means unavailable or not applicable; NA is a region label.
main/figures/Figure4d_probability_changes.csv,ci_high,"Upper bound of the pointwise 95% confidence interval for the estimate. In logistic result files this bounds beta, not the odds ratio.",Estimate units,Number,Empty cell means unavailable or not applicable; NA is a region label.
main/figures/Figure4d_probability_changes.csv,se,Standard error of the estimate; for logistic result tables this refers to the log-odds coefficient.,Estimate units,Number,Empty cell means unavailable or not applicable; NA is a region label.
main/figures/Figure4d_probability_changes.csv,p_value,Unadjusted P value. Scientific-notation strings are preserved; numeric zero can reflect floating-point underflow.,P value,Scientific-notation decimal text,Empty cell means unavailable or not applicable; NA is a region label.
main/figures/Figure4d_probability_changes.csv,contrast,Directed comparison; A−B means the first group minus the second. Endpoint contrasts use Diamond−Iron.,Category,Text,Empty cell means unavailable or not applicable; NA is a region label.
main/figures/Figure4d_probability_changes.csv,n_matches,Number of unique matches for the stated sample or group.,Unique matches,Number,Empty cell means unavailable or not applicable; NA is a region label.
main/figures/Figure4d_probability_changes.csv,specification,"Model, scoring or sample specification; see categories.csv.",Category,Text,Empty cell means unavailable or not applicable; NA is a region label.
supplementary/figures/FigureS1a.csv,metric,"Behavioural indicator key; see variables.csv. In validation gains this instead identifies AUC, log loss or Brier score.",Category,Text,Empty cell means unavailable or not applicable; NA is a region label.
supplementary/figures/FigureS1a.csv,wards_placed_pm,"Correlation with Ward placement, using the row indicator and the stated matrix specification.",Correlation,Number,Empty cell means unavailable or not applicable; NA is a region label.
supplementary/figures/FigureS1a.csv,wards_killed_pm,"Correlation with Ward clearing, using the row indicator and the stated matrix specification.",Correlation,Number,Empty cell means unavailable or not applicable; NA is a region label.
supplementary/figures/FigureS1a.csv,control_wards_bought_pm,"Correlation with Control ward purchases, using the row indicator and the stated matrix specification.",Correlation,Number,Empty cell means unavailable or not applicable; NA is a region label.
supplementary/figures/FigureS1a.csv,enemy_missing_pings_pm,"Correlation with Enemy missing, using the row indicator and the stated matrix specification.",Correlation,Number,Empty cell means unavailable or not applicable; NA is a region label.
supplementary/figures/FigureS1a.csv,enemy_vision_pings_pm,"Correlation with Enemy vision, using the row indicator and the stated matrix specification.",Correlation,Number,Empty cell means unavailable or not applicable; NA is a region label.
supplementary/figures/FigureS1a.csv,command_pings_pm,"Correlation with Command/attention, using the row indicator and the stated matrix specification.",Correlation,Number,Empty cell means unavailable or not applicable; NA is a region label.
supplementary/figures/FigureS1a.csv,need_vision_pings_pm,"Correlation with Need vision, using the row indicator and the stated matrix specification.",Correlation,Number,Empty cell means unavailable or not applicable; NA is a region label.
supplementary/figures/FigureS1a.csv,assist_me_pings_pm,"Correlation with Assist me, using the row indicator and the stated matrix specification.",Correlation,Number,Empty cell means unavailable or not applicable; NA is a region label.
supplementary/figures/FigureS1a.csv,on_my_way_pings_pm,"Correlation with On my way, using the row indicator and the stated matrix specification.",Correlation,Number,Empty cell means unavailable or not applicable; NA is a region label.
supplementary/figures/FigureS1a.csv,push_pings_pm,"Correlation with Push, using the row indicator and the stated matrix specification.",Correlation,Number,Empty cell means unavailable or not applicable; NA is a region label.
supplementary/figures/FigureS1a.csv,all_in_pings_pm,"Correlation with All in, using the row indicator and the stated matrix specification.",Correlation,Number,Empty cell means unavailable or not applicable; NA is a region label.
supplementary/figures/FigureS1a.csv,get_back_pings_pm,"Correlation with Get back, using the row indicator and the stated matrix specification.",Correlation,Number,Empty cell means unavailable or not applicable; NA is a region label.
supplementary/figures/FigureS1a.csv,assists_pm,"Correlation with Assists, using the row indicator and the stated matrix specification.",Correlation,Number,Empty cell means unavailable or not applicable; NA is a region label.
supplementary/figures/FigureS1a.csv,kills_pm,"Correlation with Kills, using the row indicator and the stated matrix specification.",Correlation,Number,Empty cell means unavailable or not applicable; NA is a region label.
supplementary/figures/FigureS1a.csv,deaths_pm,"Correlation with Fewer deaths, using the row indicator and the stated matrix specification.",Correlation,Number,Empty cell means unavailable or not applicable; NA is a region label.
supplementary/figures/FigureS1a.csv,gold_earned_pm,"Correlation with Gold, using the row indicator and the stated matrix specification.",Correlation,Number,Empty cell means unavailable or not applicable; NA is a region label.
supplementary/figures/FigureS1a.csv,total_damage_dealt_pm,"Correlation with Damage, using the row indicator and the stated matrix specification.",Correlation,Number,Empty cell means unavailable or not applicable; NA is a region label.
supplementary/figures/FigureS1a.csv,vision_score_pm,"Correlation with Vision score, using the row indicator and the stated matrix specification.",Correlation,Number,Empty cell means unavailable or not applicable; NA is a region label.
supplementary/figures/FigureS1b.csv,metric,"Behavioural indicator key; see variables.csv. In validation gains this instead identifies AUC, log loss or Brier score.",Category,Text,Empty cell means unavailable or not applicable; NA is a region label.
supplementary/figures/FigureS1b.csv,wards_placed_pm,"Correlation with Ward placement, using the row indicator and the stated matrix specification.",Correlation,Number,Empty cell means unavailable or not applicable; NA is a region label.
supplementary/figures/FigureS1b.csv,wards_killed_pm,"Correlation with Ward clearing, using the row indicator and the stated matrix specification.",Correlation,Number,Empty cell means unavailable or not applicable; NA is a region label.
supplementary/figures/FigureS1b.csv,control_wards_bought_pm,"Correlation with Control ward purchases, using the row indicator and the stated matrix specification.",Correlation,Number,Empty cell means unavailable or not applicable; NA is a region label.
supplementary/figures/FigureS1b.csv,enemy_missing_pings_pm,"Correlation with Enemy missing, using the row indicator and the stated matrix specification.",Correlation,Number,Empty cell means unavailable or not applicable; NA is a region label.
supplementary/figures/FigureS1b.csv,enemy_vision_pings_pm,"Correlation with Enemy vision, using the row indicator and the stated matrix specification.",Correlation,Number,Empty cell means unavailable or not applicable; NA is a region label.
supplementary/figures/FigureS1b.csv,command_pings_pm,"Correlation with Command/attention, using the row indicator and the stated matrix specification.",Correlation,Number,Empty cell means unavailable or not applicable; NA is a region label.
supplementary/figures/FigureS1b.csv,need_vision_pings_pm,"Correlation with Need vision, using the row indicator and the stated matrix specification.",Correlation,Number,Empty cell means unavailable or not applicable; NA is a region label.
supplementary/figures/FigureS1b.csv,assist_me_pings_pm,"Correlation with Assist me, using the row indicator and the stated matrix specification.",Correlation,Number,Empty cell means unavailable or not applicable; NA is a region label.
supplementary/figures/FigureS1b.csv,on_my_way_pings_pm,"Correlation with On my way, using the row indicator and the stated matrix specification.",Correlation,Number,Empty cell means unavailable or not applicable; NA is a region label.
supplementary/figures/FigureS1b.csv,push_pings_pm,"Correlation with Push, using the row indicator and the stated matrix specification.",Correlation,Number,Empty cell means unavailable or not applicable; NA is a region label.
supplementary/figures/FigureS1b.csv,all_in_pings_pm,"Correlation with All in, using the row indicator and the stated matrix specification.",Correlation,Number,Empty cell means unavailable or not applicable; NA is a region label.
supplementary/figures/FigureS1b.csv,get_back_pings_pm,"Correlation with Get back, using the row indicator and the stated matrix specification.",Correlation,Number,Empty cell means unavailable or not applicable; NA is a region label.
supplementary/figures/FigureS1b.csv,assists_pm,"Correlation with Assists, using the row indicator and the stated matrix specification.",Correlation,Number,Empty cell means unavailable or not applicable; NA is a region label.
supplementary/figures/FigureS1b.csv,kills_pm,"Correlation with Kills, using the row indicator and the stated matrix specification.",Correlation,Number,Empty cell means unavailable or not applicable; NA is a region label.
supplementary/figures/FigureS1b.csv,deaths_pm,"Correlation with Fewer deaths, using the row indicator and the stated matrix specification.",Correlation,Number,Empty cell means unavailable or not applicable; NA is a region label.
supplementary/figures/FigureS1b.csv,gold_earned_pm,"Correlation with Gold, using the row indicator and the stated matrix specification.",Correlation,Number,Empty cell means unavailable or not applicable; NA is a region label.
supplementary/figures/FigureS1b.csv,total_damage_dealt_pm,"Correlation with Damage, using the row indicator and the stated matrix specification.",Correlation,Number,Empty cell means unavailable or not applicable; NA is a region label.
supplementary/figures/FigureS1b.csv,vision_score_pm,"Correlation with Vision score, using the row indicator and the stated matrix specification.",Correlation,Number,Empty cell means unavailable or not applicable; NA is a region label.
supplementary/figures/FigureS1c.csv,metric,"Behavioural indicator key; see variables.csv. In validation gains this instead identifies AUC, log loss or Brier score.",Category,Text,Empty cell means unavailable or not applicable; NA is a region label.
supplementary/figures/FigureS1c.csv,wards_placed_pm,"Correlation with Ward placement, using the row indicator and the stated matrix specification.",Correlation,Number,Empty cell means unavailable or not applicable; NA is a region label.
supplementary/figures/FigureS1c.csv,wards_killed_pm,"Correlation with Ward clearing, using the row indicator and the stated matrix specification.",Correlation,Number,Empty cell means unavailable or not applicable; NA is a region label.
supplementary/figures/FigureS1c.csv,control_wards_bought_pm,"Correlation with Control ward purchases, using the row indicator and the stated matrix specification.",Correlation,Number,Empty cell means unavailable or not applicable; NA is a region label.
supplementary/figures/FigureS1c.csv,enemy_missing_pings_pm,"Correlation with Enemy missing, using the row indicator and the stated matrix specification.",Correlation,Number,Empty cell means unavailable or not applicable; NA is a region label.
supplementary/figures/FigureS1c.csv,enemy_vision_pings_pm,"Correlation with Enemy vision, using the row indicator and the stated matrix specification.",Correlation,Number,Empty cell means unavailable or not applicable; NA is a region label.
supplementary/figures/FigureS1c.csv,command_pings_pm,"Correlation with Command/attention, using the row indicator and the stated matrix specification.",Correlation,Number,Empty cell means unavailable or not applicable; NA is a region label.
supplementary/figures/FigureS1c.csv,need_vision_pings_pm,"Correlation with Need vision, using the row indicator and the stated matrix specification.",Correlation,Number,Empty cell means unavailable or not applicable; NA is a region label.
supplementary/figures/FigureS1c.csv,assist_me_pings_pm,"Correlation with Assist me, using the row indicator and the stated matrix specification.",Correlation,Number,Empty cell means unavailable or not applicable; NA is a region label.
supplementary/figures/FigureS1c.csv,on_my_way_pings_pm,"Correlation with On my way, using the row indicator and the stated matrix specification.",Correlation,Number,Empty cell means unavailable or not applicable; NA is a region label.
supplementary/figures/FigureS1c.csv,push_pings_pm,"Correlation with Push, using the row indicator and the stated matrix specification.",Correlation,Number,Empty cell means unavailable or not applicable; NA is a region label.
supplementary/figures/FigureS1c.csv,all_in_pings_pm,"Correlation with All in, using the row indicator and the stated matrix specification.",Correlation,Number,Empty cell means unavailable or not applicable; NA is a region label.
supplementary/figures/FigureS1c.csv,get_back_pings_pm,"Correlation with Get back, using the row indicator and the stated matrix specification.",Correlation,Number,Empty cell means unavailable or not applicable; NA is a region label.
supplementary/figures/FigureS1c.csv,assists_pm,"Correlation with Assists, using the row indicator and the stated matrix specification.",Correlation,Number,Empty cell means unavailable or not applicable; NA is a region label.
supplementary/figures/FigureS1c.csv,kills_pm,"Correlation with Kills, using the row indicator and the stated matrix specification.",Correlation,Number,Empty cell means unavailable or not applicable; NA is a region label.
supplementary/figures/FigureS1c.csv,deaths_pm,"Correlation with Fewer deaths, using the row indicator and the stated matrix specification.",Correlation,Number,Empty cell means unavailable or not applicable; NA is a region label.
supplementary/figures/FigureS1c.csv,gold_earned_pm,"Correlation with Gold, using the row indicator and the stated matrix specification.",Correlation,Number,Empty cell means unavailable or not applicable; NA is a region label.
supplementary/figures/FigureS1c.csv,total_damage_dealt_pm,"Correlation with Damage, using the row indicator and the stated matrix specification.",Correlation,Number,Empty cell means unavailable or not applicable; NA is a region label.
supplementary/figures/FigureS1c.csv,vision_score_pm,"Correlation with Vision score, using the row indicator and the stated matrix specification.",Correlation,Number,Empty cell means unavailable or not applicable; NA is a region label.
supplementary/figures/FigureS2a.csv,measure,"Process, overall score or individual indicator being summarized.",Category,Text,Empty cell means unavailable or not applicable; NA is a region label.
supplementary/figures/FigureS2a.csv,region,"Region or original server code. NA/NA1 = North America, EUW/EUW1 = Western Europe, KR = Korea; All denotes pooled data.",Category,Text,Empty cell means unavailable or not applicable; NA is a region label.
supplementary/figures/FigureS2a.csv,score,"Score coordinate, or named scoring rule in the alternative-weighting analysis.",Score units or category,Number,Empty cell means unavailable or not applicable; NA is a region label.
supplementary/figures/FigureS2a.csv,frequency,Number of players with this score in this single regional distribution.,Players,Number,Empty cell means unavailable or not applicable; NA is a region label.
supplementary/figures/FigureS2a.csv,cumulative_count,Number of players with a score less than or equal to this coordinate.,Players,Number,Empty cell means unavailable or not applicable; NA is a region label.
supplementary/figures/FigureS2a.csv,n_players,Number of focal players contributing to the stated group or model.,Players,Number,Empty cell means unavailable or not applicable; NA is a region label.
supplementary/figures/FigureS2a.csv,cumulative_fraction,Cumulative count divided by the regional player count.,Fraction from 0 to 1,Number,Empty cell means unavailable or not applicable; NA is a region label.
supplementary/figures/FigureS2b.csv,measure,"Process, overall score or individual indicator being summarized.",Category,Text,Empty cell means unavailable or not applicable; NA is a region label.
supplementary/figures/FigureS2b.csv,region,"Region or original server code. NA/NA1 = North America, EUW/EUW1 = Western Europe, KR = Korea; All denotes pooled data.",Category,Text,Empty cell means unavailable or not applicable; NA is a region label.
supplementary/figures/FigureS2b.csv,score,"Score coordinate, or named scoring rule in the alternative-weighting analysis.",Score units or category,Number,Empty cell means unavailable or not applicable; NA is a region label.
supplementary/figures/FigureS2b.csv,frequency,Number of players with this score in this single regional distribution.,Players,Number,Empty cell means unavailable or not applicable; NA is a region label.
supplementary/figures/FigureS2b.csv,cumulative_count,Number of players with a score less than or equal to this coordinate.,Players,Number,Empty cell means unavailable or not applicable; NA is a region label.
supplementary/figures/FigureS2b.csv,n_players,Number of focal players contributing to the stated group or model.,Players,Number,Empty cell means unavailable or not applicable; NA is a region label.
supplementary/figures/FigureS2b.csv,cumulative_fraction,Cumulative count divided by the regional player count.,Fraction from 0 to 1,Number,Empty cell means unavailable or not applicable; NA is a region label.
supplementary/figures/FigureS2c.csv,measure,"Process, overall score or individual indicator being summarized.",Category,Text,Empty cell means unavailable or not applicable; NA is a region label.
supplementary/figures/FigureS2c.csv,region,"Region or original server code. NA/NA1 = North America, EUW/EUW1 = Western Europe, KR = Korea; All denotes pooled data.",Category,Text,Empty cell means unavailable or not applicable; NA is a region label.
supplementary/figures/FigureS2c.csv,score,"Score coordinate, or named scoring rule in the alternative-weighting analysis.",Score units or category,Number,Empty cell means unavailable or not applicable; NA is a region label.
supplementary/figures/FigureS2c.csv,frequency,Number of players with this score in this single regional distribution.,Players,Number,Empty cell means unavailable or not applicable; NA is a region label.
supplementary/figures/FigureS2c.csv,cumulative_count,Number of players with a score less than or equal to this coordinate.,Players,Number,Empty cell means unavailable or not applicable; NA is a region label.
supplementary/figures/FigureS2c.csv,n_players,Number of focal players contributing to the stated group or model.,Players,Number,Empty cell means unavailable or not applicable; NA is a region label.
supplementary/figures/FigureS2c.csv,cumulative_fraction,Cumulative count divided by the regional player count.,Fraction from 0 to 1,Number,Empty cell means unavailable or not applicable; NA is a region label.
supplementary/figures/FigureS2d.csv,measure,"Process, overall score or individual indicator being summarized.",Category,Text,Empty cell means unavailable or not applicable; NA is a region label.
supplementary/figures/FigureS2d.csv,contrast,Directed comparison; A−B means the first group minus the second. Endpoint contrasts use Diamond−Iron.,Category,Text,Empty cell means unavailable or not applicable; NA is a region label.
supplementary/figures/FigureS2d.csv,percentile,Within-region percentile used for the quantile comparison.,Percentile from 1 to 99,Number,Empty cell means unavailable or not applicable; NA is a region label.
supplementary/figures/FigureS2d.csv,quantile_region_A,Score quantile in the first region of the contrast.,Score units,Number,Empty cell means unavailable or not applicable; NA is a region label.
supplementary/figures/FigureS2d.csv,quantile_region_B,Score quantile in the second region of the contrast.,Score units,Number,Empty cell means unavailable or not applicable; NA is a region label.
supplementary/figures/FigureS2d.csv,quantile_difference,Score quantile in region A minus that in region B.,Score units,Number,Empty cell means unavailable or not applicable; NA is a region label.
supplementary/figures/FigureS2d.csv,uncertainty,Whether uncertainty intervals are supplied for this descriptive quantity.,Text,Text,Empty cell means unavailable or not applicable; NA is a region label.
supplementary/figures/FigureS2e.csv,measure,"Process, overall score or individual indicator being summarized.",Category,Text,Empty cell means unavailable or not applicable; NA is a region label.
supplementary/figures/FigureS2e.csv,contrast,Directed comparison; A−B means the first group minus the second. Endpoint contrasts use Diamond−Iron.,Category,Text,Empty cell means unavailable or not applicable; NA is a region label.
supplementary/figures/FigureS2e.csv,percentile,Within-region percentile used for the quantile comparison.,Percentile from 1 to 99,Number,Empty cell means unavailable or not applicable; NA is a region label.
supplementary/figures/FigureS2e.csv,quantile_region_A,Score quantile in the first region of the contrast.,Score units,Number,Empty cell means unavailable or not applicable; NA is a region label.
supplementary/figures/FigureS2e.csv,quantile_region_B,Score quantile in the second region of the contrast.,Score units,Number,Empty cell means unavailable or not applicable; NA is a region label.
supplementary/figures/FigureS2e.csv,quantile_difference,Score quantile in region A minus that in region B.,Score units,Number,Empty cell means unavailable or not applicable; NA is a region label.
supplementary/figures/FigureS2e.csv,uncertainty,Whether uncertainty intervals are supplied for this descriptive quantity.,Text,Text,Empty cell means unavailable or not applicable; NA is a region label.
supplementary/figures/FigureS2f.csv,measure,"Process, overall score or individual indicator being summarized.",Category,Text,Empty cell means unavailable or not applicable; NA is a region label.
supplementary/figures/FigureS2f.csv,contrast,Directed comparison; A−B means the first group minus the second. Endpoint contrasts use Diamond−Iron.,Category,Text,Empty cell means unavailable or not applicable; NA is a region label.
supplementary/figures/FigureS2f.csv,percentile,Within-region percentile used for the quantile comparison.,Percentile from 1 to 99,Number,Empty cell means unavailable or not applicable; NA is a region label.
supplementary/figures/FigureS2f.csv,quantile_region_A,Score quantile in the first region of the contrast.,Score units,Number,Empty cell means unavailable or not applicable; NA is a region label.
supplementary/figures/FigureS2f.csv,quantile_region_B,Score quantile in the second region of the contrast.,Score units,Number,Empty cell means unavailable or not applicable; NA is a region label.
supplementary/figures/FigureS2f.csv,quantile_difference,Score quantile in region A minus that in region B.,Score units,Number,Empty cell means unavailable or not applicable; NA is a region label.
supplementary/figures/FigureS2f.csv,uncertainty,Whether uncertainty intervals are supplied for this descriptive quantity.,Text,Text,Empty cell means unavailable or not applicable; NA is a region label.
supplementary/figures/FigureS3a.csv,context,Context defining rows: sampling tier or team position.,Category,Text,Empty cell means unavailable or not applicable; NA is a region label.
supplementary/figures/FigureS3a.csv,region,"Region or original server code. NA/NA1 = North America, EUW/EUW1 = Western Europe, KR = Korea; All denotes pooled data.",Category,Text,Empty cell means unavailable or not applicable; NA is a region label.
supplementary/figures/FigureS3a.csv,level,Sampling-tier or team-position category; depends on context.,Category,Text,Empty cell means unavailable or not applicable; NA is a region label.
supplementary/figures/FigureS3a.csv,measure,"Process, overall score or individual indicator being summarized.",Category,Text,Empty cell means unavailable or not applicable; NA is a region label.
supplementary/figures/FigureS3a.csv,estimate,"Estimated mean, mean difference or coefficient described by the file and row labels.",File-specific,Number,Empty cell means unavailable or not applicable; NA is a region label.
supplementary/figures/FigureS3a.csv,ci_low,"Lower bound of the pointwise 95% confidence interval for the estimate. In logistic result files this bounds beta, not the odds ratio.",Estimate units,Number,Empty cell means unavailable or not applicable; NA is a region label.
supplementary/figures/FigureS3a.csv,ci_high,"Upper bound of the pointwise 95% confidence interval for the estimate. In logistic result files this bounds beta, not the odds ratio.",Estimate units,Number,Empty cell means unavailable or not applicable; NA is a region label.
supplementary/figures/FigureS3a.csv,se,Standard error of the estimate; for logistic result tables this refers to the log-odds coefficient.,Estimate units,Number,Empty cell means unavailable or not applicable; NA is a region label.
supplementary/figures/FigureS3a.csv,n_records,Number of focal player–match records.,Player–match records,Number,Empty cell means unavailable or not applicable; NA is a region label.
supplementary/figures/FigureS3a.csv,n_players,Number of focal players contributing to the stated group or model.,Players,Number,Empty cell means unavailable or not applicable; NA is a region label.
supplementary/figures/FigureS3a.csv,unit,Measurement unit of the estimate.,Text,Text,Empty cell means unavailable or not applicable; NA is a region label.
supplementary/figures/FigureS3b.csv,context,Context defining rows: sampling tier or team position.,Category,Text,Empty cell means unavailable or not applicable; NA is a region label.
supplementary/figures/FigureS3b.csv,region,"Region or original server code. NA/NA1 = North America, EUW/EUW1 = Western Europe, KR = Korea; All denotes pooled data.",Category,Text,Empty cell means unavailable or not applicable; NA is a region label.
supplementary/figures/FigureS3b.csv,level,Sampling-tier or team-position category; depends on context.,Category,Text,Empty cell means unavailable or not applicable; NA is a region label.
supplementary/figures/FigureS3b.csv,measure,"Process, overall score or individual indicator being summarized.",Category,Text,Empty cell means unavailable or not applicable; NA is a region label.
supplementary/figures/FigureS3b.csv,estimate,"Estimated mean, mean difference or coefficient described by the file and row labels.",File-specific,Number,Empty cell means unavailable or not applicable; NA is a region label.
supplementary/figures/FigureS3b.csv,ci_low,"Lower bound of the pointwise 95% confidence interval for the estimate. In logistic result files this bounds beta, not the odds ratio.",Estimate units,Number,Empty cell means unavailable or not applicable; NA is a region label.
supplementary/figures/FigureS3b.csv,ci_high,"Upper bound of the pointwise 95% confidence interval for the estimate. In logistic result files this bounds beta, not the odds ratio.",Estimate units,Number,Empty cell means unavailable or not applicable; NA is a region label.
supplementary/figures/FigureS3b.csv,se,Standard error of the estimate; for logistic result tables this refers to the log-odds coefficient.,Estimate units,Number,Empty cell means unavailable or not applicable; NA is a region label.
supplementary/figures/FigureS3b.csv,n_records,Number of focal player–match records.,Player–match records,Number,Empty cell means unavailable or not applicable; NA is a region label.
supplementary/figures/FigureS3b.csv,n_players,Number of focal players contributing to the stated group or model.,Players,Number,Empty cell means unavailable or not applicable; NA is a region label.
supplementary/figures/FigureS3b.csv,unit,Measurement unit of the estimate.,Text,Text,Empty cell means unavailable or not applicable; NA is a region label.
supplementary/figures/FigureS3c.csv,context,Context defining rows: sampling tier or team position.,Category,Text,Empty cell means unavailable or not applicable; NA is a region label.
supplementary/figures/FigureS3c.csv,region,"Region or original server code. NA/NA1 = North America, EUW/EUW1 = Western Europe, KR = Korea; All denotes pooled data.",Category,Text,Empty cell means unavailable or not applicable; NA is a region label.
supplementary/figures/FigureS3c.csv,level,Sampling-tier or team-position category; depends on context.,Category,Text,Empty cell means unavailable or not applicable; NA is a region label.
supplementary/figures/FigureS3c.csv,measure,"Process, overall score or individual indicator being summarized.",Category,Text,Empty cell means unavailable or not applicable; NA is a region label.
supplementary/figures/FigureS3c.csv,estimate,"Estimated mean, mean difference or coefficient described by the file and row labels.",File-specific,Number,Empty cell means unavailable or not applicable; NA is a region label.
supplementary/figures/FigureS3c.csv,ci_low,"Lower bound of the pointwise 95% confidence interval for the estimate. In logistic result files this bounds beta, not the odds ratio.",Estimate units,Number,Empty cell means unavailable or not applicable; NA is a region label.
supplementary/figures/FigureS3c.csv,ci_high,"Upper bound of the pointwise 95% confidence interval for the estimate. In logistic result files this bounds beta, not the odds ratio.",Estimate units,Number,Empty cell means unavailable or not applicable; NA is a region label.
supplementary/figures/FigureS3c.csv,se,Standard error of the estimate; for logistic result tables this refers to the log-odds coefficient.,Estimate units,Number,Empty cell means unavailable or not applicable; NA is a region label.
supplementary/figures/FigureS3c.csv,n_records,Number of focal player–match records.,Player–match records,Number,Empty cell means unavailable or not applicable; NA is a region label.
supplementary/figures/FigureS3c.csv,n_players,Number of focal players contributing to the stated group or model.,Players,Number,Empty cell means unavailable or not applicable; NA is a region label.
supplementary/figures/FigureS3c.csv,unit,Measurement unit of the estimate.,Text,Text,Empty cell means unavailable or not applicable; NA is a region label.
supplementary/figures/FigureS3d.csv,context,Context defining rows: sampling tier or team position.,Category,Text,Empty cell means unavailable or not applicable; NA is a region label.
supplementary/figures/FigureS3d.csv,region,"Region or original server code. NA/NA1 = North America, EUW/EUW1 = Western Europe, KR = Korea; All denotes pooled data.",Category,Text,Empty cell means unavailable or not applicable; NA is a region label.
supplementary/figures/FigureS3d.csv,level,Sampling-tier or team-position category; depends on context.,Category,Text,Empty cell means unavailable or not applicable; NA is a region label.
supplementary/figures/FigureS3d.csv,measure,"Process, overall score or individual indicator being summarized.",Category,Text,Empty cell means unavailable or not applicable; NA is a region label.
supplementary/figures/FigureS3d.csv,estimate,"Estimated mean, mean difference or coefficient described by the file and row labels.",File-specific,Number,Empty cell means unavailable or not applicable; NA is a region label.
supplementary/figures/FigureS3d.csv,ci_low,"Lower bound of the pointwise 95% confidence interval for the estimate. In logistic result files this bounds beta, not the odds ratio.",Estimate units,Number,Empty cell means unavailable or not applicable; NA is a region label.
supplementary/figures/FigureS3d.csv,ci_high,"Upper bound of the pointwise 95% confidence interval for the estimate. In logistic result files this bounds beta, not the odds ratio.",Estimate units,Number,Empty cell means unavailable or not applicable; NA is a region label.
supplementary/figures/FigureS3d.csv,se,Standard error of the estimate; for logistic result tables this refers to the log-odds coefficient.,Estimate units,Number,Empty cell means unavailable or not applicable; NA is a region label.
supplementary/figures/FigureS3d.csv,n_records,Number of focal player–match records.,Player–match records,Number,Empty cell means unavailable or not applicable; NA is a region label.
supplementary/figures/FigureS3d.csv,n_players,Number of focal players contributing to the stated group or model.,Players,Number,Empty cell means unavailable or not applicable; NA is a region label.
supplementary/figures/FigureS3d.csv,unit,Measurement unit of the estimate.,Text,Text,Empty cell means unavailable or not applicable; NA is a region label.
supplementary/figures/FigureS3e.csv,context,Context defining rows: sampling tier or team position.,Category,Text,Empty cell means unavailable or not applicable; NA is a region label.
supplementary/figures/FigureS3e.csv,region,"Region or original server code. NA/NA1 = North America, EUW/EUW1 = Western Europe, KR = Korea; All denotes pooled data.",Category,Text,Empty cell means unavailable or not applicable; NA is a region label.
supplementary/figures/FigureS3e.csv,level,Sampling-tier or team-position category; depends on context.,Category,Text,Empty cell means unavailable or not applicable; NA is a region label.
supplementary/figures/FigureS3e.csv,measure,"Process, overall score or individual indicator being summarized.",Category,Text,Empty cell means unavailable or not applicable; NA is a region label.
supplementary/figures/FigureS3e.csv,estimate,"Estimated mean, mean difference or coefficient described by the file and row labels.",File-specific,Number,Empty cell means unavailable or not applicable; NA is a region label.
supplementary/figures/FigureS3e.csv,ci_low,"Lower bound of the pointwise 95% confidence interval for the estimate. In logistic result files this bounds beta, not the odds ratio.",Estimate units,Number,Empty cell means unavailable or not applicable; NA is a region label.
supplementary/figures/FigureS3e.csv,ci_high,"Upper bound of the pointwise 95% confidence interval for the estimate. In logistic result files this bounds beta, not the odds ratio.",Estimate units,Number,Empty cell means unavailable or not applicable; NA is a region label.
supplementary/figures/FigureS3e.csv,se,Standard error of the estimate; for logistic result tables this refers to the log-odds coefficient.,Estimate units,Number,Empty cell means unavailable or not applicable; NA is a region label.
supplementary/figures/FigureS3e.csv,n_records,Number of focal player–match records.,Player–match records,Number,Empty cell means unavailable or not applicable; NA is a region label.
supplementary/figures/FigureS3e.csv,n_players,Number of focal players contributing to the stated group or model.,Players,Number,Empty cell means unavailable or not applicable; NA is a region label.
supplementary/figures/FigureS3e.csv,unit,Measurement unit of the estimate.,Text,Text,Empty cell means unavailable or not applicable; NA is a region label.
supplementary/figures/FigureS3f.csv,context,Context defining rows: sampling tier or team position.,Category,Text,Empty cell means unavailable or not applicable; NA is a region label.
supplementary/figures/FigureS3f.csv,region,"Region or original server code. NA/NA1 = North America, EUW/EUW1 = Western Europe, KR = Korea; All denotes pooled data.",Category,Text,Empty cell means unavailable or not applicable; NA is a region label.
supplementary/figures/FigureS3f.csv,level,Sampling-tier or team-position category; depends on context.,Category,Text,Empty cell means unavailable or not applicable; NA is a region label.
supplementary/figures/FigureS3f.csv,measure,"Process, overall score or individual indicator being summarized.",Category,Text,Empty cell means unavailable or not applicable; NA is a region label.
supplementary/figures/FigureS3f.csv,estimate,"Estimated mean, mean difference or coefficient described by the file and row labels.",File-specific,Number,Empty cell means unavailable or not applicable; NA is a region label.
supplementary/figures/FigureS3f.csv,ci_low,"Lower bound of the pointwise 95% confidence interval for the estimate. In logistic result files this bounds beta, not the odds ratio.",Estimate units,Number,Empty cell means unavailable or not applicable; NA is a region label.
supplementary/figures/FigureS3f.csv,ci_high,"Upper bound of the pointwise 95% confidence interval for the estimate. In logistic result files this bounds beta, not the odds ratio.",Estimate units,Number,Empty cell means unavailable or not applicable; NA is a region label.
supplementary/figures/FigureS3f.csv,se,Standard error of the estimate; for logistic result tables this refers to the log-odds coefficient.,Estimate units,Number,Empty cell means unavailable or not applicable; NA is a region label.
supplementary/figures/FigureS3f.csv,n_records,Number of focal player–match records.,Player–match records,Number,Empty cell means unavailable or not applicable; NA is a region label.
supplementary/figures/FigureS3f.csv,n_players,Number of focal players contributing to the stated group or model.,Players,Number,Empty cell means unavailable or not applicable; NA is a region label.
supplementary/figures/FigureS3f.csv,unit,Measurement unit of the estimate.,Text,Text,Empty cell means unavailable or not applicable; NA is a region label.
supplementary/figures/FigureS3g.csv,context,Context defining rows: sampling tier or team position.,Category,Text,Empty cell means unavailable or not applicable; NA is a region label.
supplementary/figures/FigureS3g.csv,region,"Region or original server code. NA/NA1 = North America, EUW/EUW1 = Western Europe, KR = Korea; All denotes pooled data.",Category,Text,Empty cell means unavailable or not applicable; NA is a region label.
supplementary/figures/FigureS3g.csv,level,Sampling-tier or team-position category; depends on context.,Category,Text,Empty cell means unavailable or not applicable; NA is a region label.
supplementary/figures/FigureS3g.csv,measure,"Process, overall score or individual indicator being summarized.",Category,Text,Empty cell means unavailable or not applicable; NA is a region label.
supplementary/figures/FigureS3g.csv,estimate,"Estimated mean, mean difference or coefficient described by the file and row labels.",File-specific,Number,Empty cell means unavailable or not applicable; NA is a region label.
supplementary/figures/FigureS3g.csv,ci_low,"Lower bound of the pointwise 95% confidence interval for the estimate. In logistic result files this bounds beta, not the odds ratio.",Estimate units,Number,Empty cell means unavailable or not applicable; NA is a region label.
supplementary/figures/FigureS3g.csv,ci_high,"Upper bound of the pointwise 95% confidence interval for the estimate. In logistic result files this bounds beta, not the odds ratio.",Estimate units,Number,Empty cell means unavailable or not applicable; NA is a region label.
supplementary/figures/FigureS3g.csv,se,Standard error of the estimate; for logistic result tables this refers to the log-odds coefficient.,Estimate units,Number,Empty cell means unavailable or not applicable; NA is a region label.
supplementary/figures/FigureS3g.csv,n_records,Number of focal player–match records.,Player–match records,Number,Empty cell means unavailable or not applicable; NA is a region label.
supplementary/figures/FigureS3g.csv,n_players,Number of focal players contributing to the stated group or model.,Players,Number,Empty cell means unavailable or not applicable; NA is a region label.
supplementary/figures/FigureS3g.csv,unit,Measurement unit of the estimate.,Text,Text,Empty cell means unavailable or not applicable; NA is a region label.
supplementary/figures/FigureS3h.csv,context,Context defining rows: sampling tier or team position.,Category,Text,Empty cell means unavailable or not applicable; NA is a region label.
supplementary/figures/FigureS3h.csv,region,"Region or original server code. NA/NA1 = North America, EUW/EUW1 = Western Europe, KR = Korea; All denotes pooled data.",Category,Text,Empty cell means unavailable or not applicable; NA is a region label.
supplementary/figures/FigureS3h.csv,level,Sampling-tier or team-position category; depends on context.,Category,Text,Empty cell means unavailable or not applicable; NA is a region label.
supplementary/figures/FigureS3h.csv,measure,"Process, overall score or individual indicator being summarized.",Category,Text,Empty cell means unavailable or not applicable; NA is a region label.
supplementary/figures/FigureS3h.csv,estimate,"Estimated mean, mean difference or coefficient described by the file and row labels.",File-specific,Number,Empty cell means unavailable or not applicable; NA is a region label.
supplementary/figures/FigureS3h.csv,ci_low,"Lower bound of the pointwise 95% confidence interval for the estimate. In logistic result files this bounds beta, not the odds ratio.",Estimate units,Number,Empty cell means unavailable or not applicable; NA is a region label.
supplementary/figures/FigureS3h.csv,ci_high,"Upper bound of the pointwise 95% confidence interval for the estimate. In logistic result files this bounds beta, not the odds ratio.",Estimate units,Number,Empty cell means unavailable or not applicable; NA is a region label.
supplementary/figures/FigureS3h.csv,se,Standard error of the estimate; for logistic result tables this refers to the log-odds coefficient.,Estimate units,Number,Empty cell means unavailable or not applicable; NA is a region label.
supplementary/figures/FigureS3h.csv,n_records,Number of focal player–match records.,Player–match records,Number,Empty cell means unavailable or not applicable; NA is a region label.
supplementary/figures/FigureS3h.csv,n_players,Number of focal players contributing to the stated group or model.,Players,Number,Empty cell means unavailable or not applicable; NA is a region label.
supplementary/figures/FigureS3h.csv,unit,Measurement unit of the estimate.,Text,Text,Empty cell means unavailable or not applicable; NA is a region label.
supplementary/figures/FigureS3i.csv,context,Context defining rows: sampling tier or team position.,Category,Text,Empty cell means unavailable or not applicable; NA is a region label.
supplementary/figures/FigureS3i.csv,region,"Region or original server code. NA/NA1 = North America, EUW/EUW1 = Western Europe, KR = Korea; All denotes pooled data.",Category,Text,Empty cell means unavailable or not applicable; NA is a region label.
supplementary/figures/FigureS3i.csv,level,Sampling-tier or team-position category; depends on context.,Category,Text,Empty cell means unavailable or not applicable; NA is a region label.
supplementary/figures/FigureS3i.csv,measure,"Process, overall score or individual indicator being summarized.",Category,Text,Empty cell means unavailable or not applicable; NA is a region label.
supplementary/figures/FigureS3i.csv,estimate,"Estimated mean, mean difference or coefficient described by the file and row labels.",File-specific,Number,Empty cell means unavailable or not applicable; NA is a region label.
supplementary/figures/FigureS3i.csv,ci_low,"Lower bound of the pointwise 95% confidence interval for the estimate. In logistic result files this bounds beta, not the odds ratio.",Estimate units,Number,Empty cell means unavailable or not applicable; NA is a region label.
supplementary/figures/FigureS3i.csv,ci_high,"Upper bound of the pointwise 95% confidence interval for the estimate. In logistic result files this bounds beta, not the odds ratio.",Estimate units,Number,Empty cell means unavailable or not applicable; NA is a region label.
supplementary/figures/FigureS3i.csv,se,Standard error of the estimate; for logistic result tables this refers to the log-odds coefficient.,Estimate units,Number,Empty cell means unavailable or not applicable; NA is a region label.
supplementary/figures/FigureS3i.csv,n_records,Number of focal player–match records.,Player–match records,Number,Empty cell means unavailable or not applicable; NA is a region label.
supplementary/figures/FigureS3i.csv,n_players,Number of focal players contributing to the stated group or model.,Players,Number,Empty cell means unavailable or not applicable; NA is a region label.
supplementary/figures/FigureS3i.csv,unit,Measurement unit of the estimate.,Text,Text,Empty cell means unavailable or not applicable; NA is a region label.
supplementary/figures/FigureS4a.csv,contrast,Directed comparison; A−B means the first group minus the second. Endpoint contrasts use Diamond−Iron.,Category,Text,Empty cell means unavailable or not applicable; NA is a region label.
supplementary/figures/FigureS4a.csv,component,"Timeline maintenance component: valid_wards_placed, valid_ward_kills or control_ward_purchases.",Category,Text,Empty cell means unavailable or not applicable; NA is a region label.
supplementary/figures/FigureS4a.csv,minute,Interval index: 1 denotes 0–1 min. Boundary events belong to the ending interval; the final interval uses actual cut-off duration.,Minute interval index,Number,Empty cell means unavailable or not applicable; NA is a region label.
supplementary/figures/FigureS4a.csv,mean_difference,Region A minus region B in the minute-specific maintenance frequency.,Events per team per minute,Number,Empty cell means unavailable or not applicable; NA is a region label.
supplementary/figures/FigureS4a.csv,se,Standard error of the estimate; for logistic result tables this refers to the log-odds coefficient.,Estimate units,Number,Empty cell means unavailable or not applicable; NA is a region label.
supplementary/figures/FigureS4a.csv,ci_low,"Lower bound of the pointwise 95% confidence interval for the estimate. In logistic result files this bounds beta, not the odds ratio.",Estimate units,Number,Empty cell means unavailable or not applicable; NA is a region label.
supplementary/figures/FigureS4a.csv,ci_high,"Upper bound of the pointwise 95% confidence interval for the estimate. In logistic result files this bounds beta, not the odds ratio.",Estimate units,Number,Empty cell means unavailable or not applicable; NA is a region label.
supplementary/figures/FigureS4a.csv,simultaneous_low,Lower bound of the simultaneous 95% interval across the stated comparison family.,Estimate units,Number,Empty cell means unavailable or not applicable; NA is a region label.
supplementary/figures/FigureS4a.csv,simultaneous_high,Upper bound of the simultaneous 95% interval across the stated comparison family.,Estimate units,Number,Empty cell means unavailable or not applicable; NA is a region label.
supplementary/figures/FigureS4a.csv,z,"Two-sided Wald statistic, estimate divided by standard error.",Standard normal units,Number,Empty cell means unavailable or not applicable; NA is a region label.
supplementary/figures/FigureS4a.csv,log10_p,Base-10 logarithm of the unadjusted P value.,Log10 P,Number,Empty cell means unavailable or not applicable; NA is a region label.
supplementary/figures/FigureS4a.csv,p_value,Unadjusted P value. Scientific-notation strings are preserved; numeric zero can reflect floating-point underflow.,P value,Scientific-notation decimal text,Empty cell means unavailable or not applicable; NA is a region label.
supplementary/figures/FigureS4a.csv,family,Set of comparisons used for multiplicity adjustment or simultaneous intervals.,Text,Text,Empty cell means unavailable or not applicable; NA is a region label.
supplementary/figures/FigureS4a.csv,simultaneous_method,Method used to construct simultaneous intervals.,Text,Text,Empty cell means unavailable or not applicable; NA is a region label.
supplementary/figures/FigureS4a.csv,log10_p_holm,Base-10 logarithm of the Holm-adjusted P value.,Log10 P,Number,Empty cell means unavailable or not applicable; NA is a region label.
supplementary/figures/FigureS4a.csv,p_holm,Holm-adjusted P value within the stated family; retain small scientific-notation values as text if needed.,P value,Scientific-notation decimal text,Empty cell means unavailable or not applicable; NA is a region label.
supplementary/figures/FigureS4b.csv,contrast,Directed comparison; A−B means the first group minus the second. Endpoint contrasts use Diamond−Iron.,Category,Text,Empty cell means unavailable or not applicable; NA is a region label.
supplementary/figures/FigureS4b.csv,component,"Timeline maintenance component: valid_wards_placed, valid_ward_kills or control_ward_purchases.",Category,Text,Empty cell means unavailable or not applicable; NA is a region label.
supplementary/figures/FigureS4b.csv,minute,Interval index: 1 denotes 0–1 min. Boundary events belong to the ending interval; the final interval uses actual cut-off duration.,Minute interval index,Number,Empty cell means unavailable or not applicable; NA is a region label.
supplementary/figures/FigureS4b.csv,mean_difference,Region A minus region B in the minute-specific maintenance frequency.,Events per team per minute,Number,Empty cell means unavailable or not applicable; NA is a region label.
supplementary/figures/FigureS4b.csv,se,Standard error of the estimate; for logistic result tables this refers to the log-odds coefficient.,Estimate units,Number,Empty cell means unavailable or not applicable; NA is a region label.
supplementary/figures/FigureS4b.csv,ci_low,"Lower bound of the pointwise 95% confidence interval for the estimate. In logistic result files this bounds beta, not the odds ratio.",Estimate units,Number,Empty cell means unavailable or not applicable; NA is a region label.
supplementary/figures/FigureS4b.csv,ci_high,"Upper bound of the pointwise 95% confidence interval for the estimate. In logistic result files this bounds beta, not the odds ratio.",Estimate units,Number,Empty cell means unavailable or not applicable; NA is a region label.
supplementary/figures/FigureS4b.csv,simultaneous_low,Lower bound of the simultaneous 95% interval across the stated comparison family.,Estimate units,Number,Empty cell means unavailable or not applicable; NA is a region label.
supplementary/figures/FigureS4b.csv,simultaneous_high,Upper bound of the simultaneous 95% interval across the stated comparison family.,Estimate units,Number,Empty cell means unavailable or not applicable; NA is a region label.
supplementary/figures/FigureS4b.csv,z,"Two-sided Wald statistic, estimate divided by standard error.",Standard normal units,Number,Empty cell means unavailable or not applicable; NA is a region label.
supplementary/figures/FigureS4b.csv,log10_p,Base-10 logarithm of the unadjusted P value.,Log10 P,Number,Empty cell means unavailable or not applicable; NA is a region label.
supplementary/figures/FigureS4b.csv,p_value,Unadjusted P value. Scientific-notation strings are preserved; numeric zero can reflect floating-point underflow.,P value,Scientific-notation decimal text,Empty cell means unavailable or not applicable; NA is a region label.
supplementary/figures/FigureS4b.csv,family,Set of comparisons used for multiplicity adjustment or simultaneous intervals.,Text,Text,Empty cell means unavailable or not applicable; NA is a region label.
supplementary/figures/FigureS4b.csv,simultaneous_method,Method used to construct simultaneous intervals.,Text,Text,Empty cell means unavailable or not applicable; NA is a region label.
supplementary/figures/FigureS4b.csv,log10_p_holm,Base-10 logarithm of the Holm-adjusted P value.,Log10 P,Number,Empty cell means unavailable or not applicable; NA is a region label.
supplementary/figures/FigureS4b.csv,p_holm,Holm-adjusted P value within the stated family; retain small scientific-notation values as text if needed.,P value,Scientific-notation decimal text,Empty cell means unavailable or not applicable; NA is a region label.
supplementary/figures/FigureS4c.csv,contrast,Directed comparison; A−B means the first group minus the second. Endpoint contrasts use Diamond−Iron.,Category,Text,Empty cell means unavailable or not applicable; NA is a region label.
supplementary/figures/FigureS4c.csv,component,"Timeline maintenance component: valid_wards_placed, valid_ward_kills or control_ward_purchases.",Category,Text,Empty cell means unavailable or not applicable; NA is a region label.
supplementary/figures/FigureS4c.csv,minute,Interval index: 1 denotes 0–1 min. Boundary events belong to the ending interval; the final interval uses actual cut-off duration.,Minute interval index,Number,Empty cell means unavailable or not applicable; NA is a region label.
supplementary/figures/FigureS4c.csv,mean_difference,Region A minus region B in the minute-specific maintenance frequency.,Events per team per minute,Number,Empty cell means unavailable or not applicable; NA is a region label.
supplementary/figures/FigureS4c.csv,se,Standard error of the estimate; for logistic result tables this refers to the log-odds coefficient.,Estimate units,Number,Empty cell means unavailable or not applicable; NA is a region label.
supplementary/figures/FigureS4c.csv,ci_low,"Lower bound of the pointwise 95% confidence interval for the estimate. In logistic result files this bounds beta, not the odds ratio.",Estimate units,Number,Empty cell means unavailable or not applicable; NA is a region label.
supplementary/figures/FigureS4c.csv,ci_high,"Upper bound of the pointwise 95% confidence interval for the estimate. In logistic result files this bounds beta, not the odds ratio.",Estimate units,Number,Empty cell means unavailable or not applicable; NA is a region label.
supplementary/figures/FigureS4c.csv,simultaneous_low,Lower bound of the simultaneous 95% interval across the stated comparison family.,Estimate units,Number,Empty cell means unavailable or not applicable; NA is a region label.
supplementary/figures/FigureS4c.csv,simultaneous_high,Upper bound of the simultaneous 95% interval across the stated comparison family.,Estimate units,Number,Empty cell means unavailable or not applicable; NA is a region label.
supplementary/figures/FigureS4c.csv,z,"Two-sided Wald statistic, estimate divided by standard error.",Standard normal units,Number,Empty cell means unavailable or not applicable; NA is a region label.
supplementary/figures/FigureS4c.csv,log10_p,Base-10 logarithm of the unadjusted P value.,Log10 P,Number,Empty cell means unavailable or not applicable; NA is a region label.
supplementary/figures/FigureS4c.csv,p_value,Unadjusted P value. Scientific-notation strings are preserved; numeric zero can reflect floating-point underflow.,P value,Scientific-notation decimal text,Empty cell means unavailable or not applicable; NA is a region label.
supplementary/figures/FigureS4c.csv,family,Set of comparisons used for multiplicity adjustment or simultaneous intervals.,Text,Text,Empty cell means unavailable or not applicable; NA is a region label.
supplementary/figures/FigureS4c.csv,simultaneous_method,Method used to construct simultaneous intervals.,Text,Text,Empty cell means unavailable or not applicable; NA is a region label.
supplementary/figures/FigureS4c.csv,log10_p_holm,Base-10 logarithm of the Holm-adjusted P value.,Log10 P,Number,Empty cell means unavailable or not applicable; NA is a region label.
supplementary/figures/FigureS4c.csv,p_holm,Holm-adjusted P value within the stated family; retain small scientific-notation values as text if needed.,P value,Scientific-notation decimal text,Empty cell means unavailable or not applicable; NA is a region label.
supplementary/figures/FigureS4d.csv,contrast,Directed comparison; A−B means the first group minus the second. Endpoint contrasts use Diamond−Iron.,Category,Text,Empty cell means unavailable or not applicable; NA is a region label.
supplementary/figures/FigureS4d.csv,component,"Timeline maintenance component: valid_wards_placed, valid_ward_kills or control_ward_purchases.",Category,Text,Empty cell means unavailable or not applicable; NA is a region label.
supplementary/figures/FigureS4d.csv,minute,Interval index: 1 denotes 0–1 min. Boundary events belong to the ending interval; the final interval uses actual cut-off duration.,Minute interval index,Number,Empty cell means unavailable or not applicable; NA is a region label.
supplementary/figures/FigureS4d.csv,mean_difference,Region A minus region B in the minute-specific maintenance frequency.,Events per team per minute,Number,Empty cell means unavailable or not applicable; NA is a region label.
supplementary/figures/FigureS4d.csv,se,Standard error of the estimate; for logistic result tables this refers to the log-odds coefficient.,Estimate units,Number,Empty cell means unavailable or not applicable; NA is a region label.
supplementary/figures/FigureS4d.csv,ci_low,"Lower bound of the pointwise 95% confidence interval for the estimate. In logistic result files this bounds beta, not the odds ratio.",Estimate units,Number,Empty cell means unavailable or not applicable; NA is a region label.
supplementary/figures/FigureS4d.csv,ci_high,"Upper bound of the pointwise 95% confidence interval for the estimate. In logistic result files this bounds beta, not the odds ratio.",Estimate units,Number,Empty cell means unavailable or not applicable; NA is a region label.
supplementary/figures/FigureS4d.csv,simultaneous_low,Lower bound of the simultaneous 95% interval across the stated comparison family.,Estimate units,Number,Empty cell means unavailable or not applicable; NA is a region label.
supplementary/figures/FigureS4d.csv,simultaneous_high,Upper bound of the simultaneous 95% interval across the stated comparison family.,Estimate units,Number,Empty cell means unavailable or not applicable; NA is a region label.
supplementary/figures/FigureS4d.csv,z,"Two-sided Wald statistic, estimate divided by standard error.",Standard normal units,Number,Empty cell means unavailable or not applicable; NA is a region label.
supplementary/figures/FigureS4d.csv,log10_p,Base-10 logarithm of the unadjusted P value.,Log10 P,Number,Empty cell means unavailable or not applicable; NA is a region label.
supplementary/figures/FigureS4d.csv,p_value,Unadjusted P value. Scientific-notation strings are preserved; numeric zero can reflect floating-point underflow.,P value,Scientific-notation decimal text,Empty cell means unavailable or not applicable; NA is a region label.
supplementary/figures/FigureS4d.csv,family,Set of comparisons used for multiplicity adjustment or simultaneous intervals.,Text,Text,Empty cell means unavailable or not applicable; NA is a region label.
supplementary/figures/FigureS4d.csv,simultaneous_method,Method used to construct simultaneous intervals.,Text,Text,Empty cell means unavailable or not applicable; NA is a region label.
supplementary/figures/FigureS4d.csv,log10_p_holm,Base-10 logarithm of the Holm-adjusted P value.,Log10 P,Number,Empty cell means unavailable or not applicable; NA is a region label.
supplementary/figures/FigureS4d.csv,p_holm,Holm-adjusted P value within the stated family; retain small scientific-notation values as text if needed.,P value,Scientific-notation decimal text,Empty cell means unavailable or not applicable; NA is a region label.
supplementary/figures/FigureS4e.csv,contrast,Directed comparison; A−B means the first group minus the second. Endpoint contrasts use Diamond−Iron.,Category,Text,Empty cell means unavailable or not applicable; NA is a region label.
supplementary/figures/FigureS4e.csv,component,"Timeline maintenance component: valid_wards_placed, valid_ward_kills or control_ward_purchases.",Category,Text,Empty cell means unavailable or not applicable; NA is a region label.
supplementary/figures/FigureS4e.csv,minute,Interval index: 1 denotes 0–1 min. Boundary events belong to the ending interval; the final interval uses actual cut-off duration.,Minute interval index,Number,Empty cell means unavailable or not applicable; NA is a region label.
supplementary/figures/FigureS4e.csv,mean_difference,Region A minus region B in the minute-specific maintenance frequency.,Events per team per minute,Number,Empty cell means unavailable or not applicable; NA is a region label.
supplementary/figures/FigureS4e.csv,se,Standard error of the estimate; for logistic result tables this refers to the log-odds coefficient.,Estimate units,Number,Empty cell means unavailable or not applicable; NA is a region label.
supplementary/figures/FigureS4e.csv,ci_low,"Lower bound of the pointwise 95% confidence interval for the estimate. In logistic result files this bounds beta, not the odds ratio.",Estimate units,Number,Empty cell means unavailable or not applicable; NA is a region label.
supplementary/figures/FigureS4e.csv,ci_high,"Upper bound of the pointwise 95% confidence interval for the estimate. In logistic result files this bounds beta, not the odds ratio.",Estimate units,Number,Empty cell means unavailable or not applicable; NA is a region label.
supplementary/figures/FigureS4e.csv,simultaneous_low,Lower bound of the simultaneous 95% interval across the stated comparison family.,Estimate units,Number,Empty cell means unavailable or not applicable; NA is a region label.
supplementary/figures/FigureS4e.csv,simultaneous_high,Upper bound of the simultaneous 95% interval across the stated comparison family.,Estimate units,Number,Empty cell means unavailable or not applicable; NA is a region label.
supplementary/figures/FigureS4e.csv,z,"Two-sided Wald statistic, estimate divided by standard error.",Standard normal units,Number,Empty cell means unavailable or not applicable; NA is a region label.
supplementary/figures/FigureS4e.csv,log10_p,Base-10 logarithm of the unadjusted P value.,Log10 P,Number,Empty cell means unavailable or not applicable; NA is a region label.
supplementary/figures/FigureS4e.csv,p_value,Unadjusted P value. Scientific-notation strings are preserved; numeric zero can reflect floating-point underflow.,P value,Scientific-notation decimal text,Empty cell means unavailable or not applicable; NA is a region label.
supplementary/figures/FigureS4e.csv,family,Set of comparisons used for multiplicity adjustment or simultaneous intervals.,Text,Text,Empty cell means unavailable or not applicable; NA is a region label.
supplementary/figures/FigureS4e.csv,simultaneous_method,Method used to construct simultaneous intervals.,Text,Text,Empty cell means unavailable or not applicable; NA is a region label.
supplementary/figures/FigureS4e.csv,log10_p_holm,Base-10 logarithm of the Holm-adjusted P value.,Log10 P,Number,Empty cell means unavailable or not applicable; NA is a region label.
supplementary/figures/FigureS4e.csv,p_holm,Holm-adjusted P value within the stated family; retain small scientific-notation values as text if needed.,P value,Scientific-notation decimal text,Empty cell means unavailable or not applicable; NA is a region label.
supplementary/figures/FigureS4f.csv,contrast,Directed comparison; A−B means the first group minus the second. Endpoint contrasts use Diamond−Iron.,Category,Text,Empty cell means unavailable or not applicable; NA is a region label.
supplementary/figures/FigureS4f.csv,component,"Timeline maintenance component: valid_wards_placed, valid_ward_kills or control_ward_purchases.",Category,Text,Empty cell means unavailable or not applicable; NA is a region label.
supplementary/figures/FigureS4f.csv,minute,Interval index: 1 denotes 0–1 min. Boundary events belong to the ending interval; the final interval uses actual cut-off duration.,Minute interval index,Number,Empty cell means unavailable or not applicable; NA is a region label.
supplementary/figures/FigureS4f.csv,mean_difference,Region A minus region B in the minute-specific maintenance frequency.,Events per team per minute,Number,Empty cell means unavailable or not applicable; NA is a region label.
supplementary/figures/FigureS4f.csv,se,Standard error of the estimate; for logistic result tables this refers to the log-odds coefficient.,Estimate units,Number,Empty cell means unavailable or not applicable; NA is a region label.
supplementary/figures/FigureS4f.csv,ci_low,"Lower bound of the pointwise 95% confidence interval for the estimate. In logistic result files this bounds beta, not the odds ratio.",Estimate units,Number,Empty cell means unavailable or not applicable; NA is a region label.
supplementary/figures/FigureS4f.csv,ci_high,"Upper bound of the pointwise 95% confidence interval for the estimate. In logistic result files this bounds beta, not the odds ratio.",Estimate units,Number,Empty cell means unavailable or not applicable; NA is a region label.
supplementary/figures/FigureS4f.csv,simultaneous_low,Lower bound of the simultaneous 95% interval across the stated comparison family.,Estimate units,Number,Empty cell means unavailable or not applicable; NA is a region label.
supplementary/figures/FigureS4f.csv,simultaneous_high,Upper bound of the simultaneous 95% interval across the stated comparison family.,Estimate units,Number,Empty cell means unavailable or not applicable; NA is a region label.
supplementary/figures/FigureS4f.csv,z,"Two-sided Wald statistic, estimate divided by standard error.",Standard normal units,Number,Empty cell means unavailable or not applicable; NA is a region label.
supplementary/figures/FigureS4f.csv,log10_p,Base-10 logarithm of the unadjusted P value.,Log10 P,Number,Empty cell means unavailable or not applicable; NA is a region label.
supplementary/figures/FigureS4f.csv,p_value,Unadjusted P value. Scientific-notation strings are preserved; numeric zero can reflect floating-point underflow.,P value,Scientific-notation decimal text,Empty cell means unavailable or not applicable; NA is a region label.
supplementary/figures/FigureS4f.csv,family,Set of comparisons used for multiplicity adjustment or simultaneous intervals.,Text,Text,Empty cell means unavailable or not applicable; NA is a region label.
supplementary/figures/FigureS4f.csv,simultaneous_method,Method used to construct simultaneous intervals.,Text,Text,Empty cell means unavailable or not applicable; NA is a region label.
supplementary/figures/FigureS4f.csv,log10_p_holm,Base-10 logarithm of the Holm-adjusted P value.,Log10 P,Number,Empty cell means unavailable or not applicable; NA is a region label.
supplementary/figures/FigureS4f.csv,p_holm,Holm-adjusted P value within the stated family; retain small scientific-notation values as text if needed.,P value,Scientific-notation decimal text,Empty cell means unavailable or not applicable; NA is a region label.
supplementary/figures/FigureS4g.csv,contrast,Directed comparison; A−B means the first group minus the second. Endpoint contrasts use Diamond−Iron.,Category,Text,Empty cell means unavailable or not applicable; NA is a region label.
supplementary/figures/FigureS4g.csv,component,"Timeline maintenance component: valid_wards_placed, valid_ward_kills or control_ward_purchases.",Category,Text,Empty cell means unavailable or not applicable; NA is a region label.
supplementary/figures/FigureS4g.csv,minute,Interval index: 1 denotes 0–1 min. Boundary events belong to the ending interval; the final interval uses actual cut-off duration.,Minute interval index,Number,Empty cell means unavailable or not applicable; NA is a region label.
supplementary/figures/FigureS4g.csv,mean_difference,Region A minus region B in the minute-specific maintenance frequency.,Events per team per minute,Number,Empty cell means unavailable or not applicable; NA is a region label.
supplementary/figures/FigureS4g.csv,se,Standard error of the estimate; for logistic result tables this refers to the log-odds coefficient.,Estimate units,Number,Empty cell means unavailable or not applicable; NA is a region label.
supplementary/figures/FigureS4g.csv,ci_low,"Lower bound of the pointwise 95% confidence interval for the estimate. In logistic result files this bounds beta, not the odds ratio.",Estimate units,Number,Empty cell means unavailable or not applicable; NA is a region label.
supplementary/figures/FigureS4g.csv,ci_high,"Upper bound of the pointwise 95% confidence interval for the estimate. In logistic result files this bounds beta, not the odds ratio.",Estimate units,Number,Empty cell means unavailable or not applicable; NA is a region label.
supplementary/figures/FigureS4g.csv,simultaneous_low,Lower bound of the simultaneous 95% interval across the stated comparison family.,Estimate units,Number,Empty cell means unavailable or not applicable; NA is a region label.
supplementary/figures/FigureS4g.csv,simultaneous_high,Upper bound of the simultaneous 95% interval across the stated comparison family.,Estimate units,Number,Empty cell means unavailable or not applicable; NA is a region label.
supplementary/figures/FigureS4g.csv,z,"Two-sided Wald statistic, estimate divided by standard error.",Standard normal units,Number,Empty cell means unavailable or not applicable; NA is a region label.
supplementary/figures/FigureS4g.csv,log10_p,Base-10 logarithm of the unadjusted P value.,Log10 P,Number,Empty cell means unavailable or not applicable; NA is a region label.
supplementary/figures/FigureS4g.csv,p_value,Unadjusted P value. Scientific-notation strings are preserved; numeric zero can reflect floating-point underflow.,P value,Scientific-notation decimal text,Empty cell means unavailable or not applicable; NA is a region label.
supplementary/figures/FigureS4g.csv,family,Set of comparisons used for multiplicity adjustment or simultaneous intervals.,Text,Text,Empty cell means unavailable or not applicable; NA is a region label.
supplementary/figures/FigureS4g.csv,simultaneous_method,Method used to construct simultaneous intervals.,Text,Text,Empty cell means unavailable or not applicable; NA is a region label.
supplementary/figures/FigureS4g.csv,log10_p_holm,Base-10 logarithm of the Holm-adjusted P value.,Log10 P,Number,Empty cell means unavailable or not applicable; NA is a region label.
supplementary/figures/FigureS4g.csv,p_holm,Holm-adjusted P value within the stated family; retain small scientific-notation values as text if needed.,P value,Scientific-notation decimal text,Empty cell means unavailable or not applicable; NA is a region label.
supplementary/figures/FigureS4h.csv,contrast,Directed comparison; A−B means the first group minus the second. Endpoint contrasts use Diamond−Iron.,Category,Text,Empty cell means unavailable or not applicable; NA is a region label.
supplementary/figures/FigureS4h.csv,component,"Timeline maintenance component: valid_wards_placed, valid_ward_kills or control_ward_purchases.",Category,Text,Empty cell means unavailable or not applicable; NA is a region label.
supplementary/figures/FigureS4h.csv,minute,Interval index: 1 denotes 0–1 min. Boundary events belong to the ending interval; the final interval uses actual cut-off duration.,Minute interval index,Number,Empty cell means unavailable or not applicable; NA is a region label.
supplementary/figures/FigureS4h.csv,mean_difference,Region A minus region B in the minute-specific maintenance frequency.,Events per team per minute,Number,Empty cell means unavailable or not applicable; NA is a region label.
supplementary/figures/FigureS4h.csv,se,Standard error of the estimate; for logistic result tables this refers to the log-odds coefficient.,Estimate units,Number,Empty cell means unavailable or not applicable; NA is a region label.
supplementary/figures/FigureS4h.csv,ci_low,"Lower bound of the pointwise 95% confidence interval for the estimate. In logistic result files this bounds beta, not the odds ratio.",Estimate units,Number,Empty cell means unavailable or not applicable; NA is a region label.
supplementary/figures/FigureS4h.csv,ci_high,"Upper bound of the pointwise 95% confidence interval for the estimate. In logistic result files this bounds beta, not the odds ratio.",Estimate units,Number,Empty cell means unavailable or not applicable; NA is a region label.
supplementary/figures/FigureS4h.csv,simultaneous_low,Lower bound of the simultaneous 95% interval across the stated comparison family.,Estimate units,Number,Empty cell means unavailable or not applicable; NA is a region label.
supplementary/figures/FigureS4h.csv,simultaneous_high,Upper bound of the simultaneous 95% interval across the stated comparison family.,Estimate units,Number,Empty cell means unavailable or not applicable; NA is a region label.
supplementary/figures/FigureS4h.csv,z,"Two-sided Wald statistic, estimate divided by standard error.",Standard normal units,Number,Empty cell means unavailable or not applicable; NA is a region label.
supplementary/figures/FigureS4h.csv,log10_p,Base-10 logarithm of the unadjusted P value.,Log10 P,Number,Empty cell means unavailable or not applicable; NA is a region label.
supplementary/figures/FigureS4h.csv,p_value,Unadjusted P value. Scientific-notation strings are preserved; numeric zero can reflect floating-point underflow.,P value,Scientific-notation decimal text,Empty cell means unavailable or not applicable; NA is a region label.
supplementary/figures/FigureS4h.csv,family,Set of comparisons used for multiplicity adjustment or simultaneous intervals.,Text,Text,Empty cell means unavailable or not applicable; NA is a region label.
supplementary/figures/FigureS4h.csv,simultaneous_method,Method used to construct simultaneous intervals.,Text,Text,Empty cell means unavailable or not applicable; NA is a region label.
supplementary/figures/FigureS4h.csv,log10_p_holm,Base-10 logarithm of the Holm-adjusted P value.,Log10 P,Number,Empty cell means unavailable or not applicable; NA is a region label.
supplementary/figures/FigureS4h.csv,p_holm,Holm-adjusted P value within the stated family; retain small scientific-notation values as text if needed.,P value,Scientific-notation decimal text,Empty cell means unavailable or not applicable; NA is a region label.
supplementary/figures/FigureS4i.csv,contrast,Directed comparison; A−B means the first group minus the second. Endpoint contrasts use Diamond−Iron.,Category,Text,Empty cell means unavailable or not applicable; NA is a region label.
supplementary/figures/FigureS4i.csv,component,"Timeline maintenance component: valid_wards_placed, valid_ward_kills or control_ward_purchases.",Category,Text,Empty cell means unavailable or not applicable; NA is a region label.
supplementary/figures/FigureS4i.csv,minute,Interval index: 1 denotes 0–1 min. Boundary events belong to the ending interval; the final interval uses actual cut-off duration.,Minute interval index,Number,Empty cell means unavailable or not applicable; NA is a region label.
supplementary/figures/FigureS4i.csv,mean_difference,Region A minus region B in the minute-specific maintenance frequency.,Events per team per minute,Number,Empty cell means unavailable or not applicable; NA is a region label.
supplementary/figures/FigureS4i.csv,se,Standard error of the estimate; for logistic result tables this refers to the log-odds coefficient.,Estimate units,Number,Empty cell means unavailable or not applicable; NA is a region label.
supplementary/figures/FigureS4i.csv,ci_low,"Lower bound of the pointwise 95% confidence interval for the estimate. In logistic result files this bounds beta, not the odds ratio.",Estimate units,Number,Empty cell means unavailable or not applicable; NA is a region label.
supplementary/figures/FigureS4i.csv,ci_high,"Upper bound of the pointwise 95% confidence interval for the estimate. In logistic result files this bounds beta, not the odds ratio.",Estimate units,Number,Empty cell means unavailable or not applicable; NA is a region label.
supplementary/figures/FigureS4i.csv,simultaneous_low,Lower bound of the simultaneous 95% interval across the stated comparison family.,Estimate units,Number,Empty cell means unavailable or not applicable; NA is a region label.
supplementary/figures/FigureS4i.csv,simultaneous_high,Upper bound of the simultaneous 95% interval across the stated comparison family.,Estimate units,Number,Empty cell means unavailable or not applicable; NA is a region label.
supplementary/figures/FigureS4i.csv,z,"Two-sided Wald statistic, estimate divided by standard error.",Standard normal units,Number,Empty cell means unavailable or not applicable; NA is a region label.
supplementary/figures/FigureS4i.csv,log10_p,Base-10 logarithm of the unadjusted P value.,Log10 P,Number,Empty cell means unavailable or not applicable; NA is a region label.
supplementary/figures/FigureS4i.csv,p_value,Unadjusted P value. Scientific-notation strings are preserved; numeric zero can reflect floating-point underflow.,P value,Scientific-notation decimal text,Empty cell means unavailable or not applicable; NA is a region label.
supplementary/figures/FigureS4i.csv,family,Set of comparisons used for multiplicity adjustment or simultaneous intervals.,Text,Text,Empty cell means unavailable or not applicable; NA is a region label.
supplementary/figures/FigureS4i.csv,simultaneous_method,Method used to construct simultaneous intervals.,Text,Text,Empty cell means unavailable or not applicable; NA is a region label.
supplementary/figures/FigureS4i.csv,log10_p_holm,Base-10 logarithm of the Holm-adjusted P value.,Log10 P,Number,Empty cell means unavailable or not applicable; NA is a region label.
supplementary/figures/FigureS4i.csv,p_holm,Holm-adjusted P value within the stated family; retain small scientific-notation values as text if needed.,P value,Scientific-notation decimal text,Empty cell means unavailable or not applicable; NA is a region label.
supplementary/figures/FigureS5a.csv,region,"Region or original server code. NA/NA1 = North America, EUW/EUW1 = Western Europe, KR = Korea; All denotes pooled data.",Category,Text,Empty cell means unavailable or not applicable; NA is a region label.
supplementary/figures/FigureS5a.csv,tier,Competitive tier recorded for focal-player sampling; not necessarily historical match-time rank.,Ordered category,Text,Empty cell means unavailable or not applicable; NA is a region label.
supplementary/figures/FigureS5a.csv,estimate,"Estimated mean, mean difference or coefficient described by the file and row labels.",File-specific,Number,Empty cell means unavailable or not applicable; NA is a region label.
supplementary/figures/FigureS5a.csv,se,Standard error of the estimate; for logistic result tables this refers to the log-odds coefficient.,Estimate units,Number,Empty cell means unavailable or not applicable; NA is a region label.
supplementary/figures/FigureS5a.csv,ci_low,"Lower bound of the pointwise 95% confidence interval for the estimate. In logistic result files this bounds beta, not the odds ratio.",Estimate units,Number,Empty cell means unavailable or not applicable; NA is a region label.
supplementary/figures/FigureS5a.csv,ci_high,"Upper bound of the pointwise 95% confidence interval for the estimate. In logistic result files this bounds beta, not the odds ratio.",Estimate units,Number,Empty cell means unavailable or not applicable; NA is a region label.
supplementary/figures/FigureS5a.csv,n_matches,Number of unique matches for the stated sample or group.,Unique matches,Number,Empty cell means unavailable or not applicable; NA is a region label.
supplementary/figures/FigureS5a.csv,n_teams,Number of team records; ordinarily two per eligible match.,Team records,Number,Empty cell means unavailable or not applicable; NA is a region label.
supplementary/figures/FigureS5a.csv,reference,Common weighting or standardization reference.,Text,Text,Empty cell means unavailable or not applicable; NA is a region label.
supplementary/figures/FigureS5a.csv,method,Estimation or standardization method.,Text,Text,Empty cell means unavailable or not applicable; NA is a region label.
supplementary/figures/FigureS5b.csv,predictor,Predictor whose coefficient is reported; a suffix _z denotes standardization.,Category,Text,Empty cell means unavailable or not applicable; NA is a region label.
supplementary/figures/FigureS5b.csv,beta,"Regression coefficient on the log-odds scale for logistic models, or standardized outcome scale for linear models.",Model-dependent,Number,Empty cell means unavailable or not applicable; NA is a region label.
supplementary/figures/FigureS5b.csv,se,Standard error of the estimate; for logistic result tables this refers to the log-odds coefficient.,Estimate units,Number,Empty cell means unavailable or not applicable; NA is a region label.
supplementary/figures/FigureS5b.csv,ci_low,"Lower bound of the pointwise 95% confidence interval for the estimate. In logistic result files this bounds beta, not the odds ratio.",Estimate units,Number,Empty cell means unavailable or not applicable; NA is a region label.
supplementary/figures/FigureS5b.csv,ci_high,"Upper bound of the pointwise 95% confidence interval for the estimate. In logistic result files this bounds beta, not the odds ratio.",Estimate units,Number,Empty cell means unavailable or not applicable; NA is a region label.
supplementary/figures/FigureS5b.csv,odds_ratio,Exponential of the logistic coefficient for one SD of the stated predictor.,Odds ratio,Number,Empty cell means unavailable or not applicable; NA is a region label.
supplementary/figures/FigureS5b.csv,or_low,Lower 95% confidence bound for the odds ratio.,Odds ratio,Number,Empty cell means unavailable or not applicable; NA is a region label.
supplementary/figures/FigureS5b.csv,or_high,Upper 95% confidence bound for the odds ratio.,Odds ratio,Number,Empty cell means unavailable or not applicable; NA is a region label.
supplementary/figures/FigureS5b.csv,p_value,Unadjusted P value. Scientific-notation strings are preserved; numeric zero can reflect floating-point underflow.,P value,Scientific-notation decimal text,Empty cell means unavailable or not applicable; NA is a region label.
supplementary/figures/FigureS5b.csv,n_matches,Number of unique matches for the stated sample or group.,Unique matches,Number,Empty cell means unavailable or not applicable; NA is a region label.
supplementary/figures/FigureS5b.csv,outcome,Outcome whose association is estimated.,Category,Text,Empty cell means unavailable or not applicable; NA is a region label.
supplementary/figures/FigureS5b.csv,model,Regression family or holdout predictor set. M3 is the early-state baseline; M4 adds early maintenance.,Category,Text,Empty cell means unavailable or not applicable; NA is a region label.
supplementary/figures/FigureS5b.csv,interval_method,Method used to calculate the uncertainty interval.,Text,Text,Empty cell means unavailable or not applicable; NA is a region label.
supplementary/figures/FigureS5b.csv,specification,"Model, scoring or sample specification; see categories.csv.",Category,Text,Empty cell means unavailable or not applicable; NA is a region label.
supplementary/figures/FigureS5b.csv,status,Estimation status recorded by the analysis.,Category,Text,Empty cell means unavailable or not applicable; NA is a region label.
supplementary/figures/FigureS5b.csv,q_value_within_sensitivity_family,Benjamini–Hochberg adjusted P value within the stated sensitivity family.,Adjusted P value,Scientific-notation decimal text,Empty cell means unavailable or not applicable; NA is a region label.
supplementary/figures/FigureS6a.csv,region,"Region or original server code. NA/NA1 = North America, EUW/EUW1 = Western Europe, KR = Korea; All denotes pooled data.",Category,Text,Empty cell means unavailable or not applicable; NA is a region label.
supplementary/figures/FigureS6a.csv,display_region_linear,"Region label used in figures: NA, EUW or KR. Linear logit specification.",Category,Text,Empty cell means unavailable or not applicable; NA is a region label.
supplementary/figures/FigureS6a.csv,maintenance_difference_sd,Uncentred blue-minus-red maintenance difference divided by its common SD; zero means equal team scores.,Common SD,Number,Empty cell means unavailable or not applicable; NA is a region label.
supplementary/figures/FigureS6a.csv,model_predictor_z_linear,Centered blue-minus-red maintenance predictor on the fitted model scale. Linear logit specification.,Common SD,Number,Empty cell means unavailable or not applicable; NA is a region label.
supplementary/figures/FigureS6a.csv,probability_linear,Adjusted probability that blue secures the first subsequent neutral objective. Linear logit specification.,Probability from 0 to 1,Number,Empty cell means unavailable or not applicable; NA is a region label.
supplementary/figures/FigureS6a.csv,ci_low_linear,"Lower bound of the pointwise 95% confidence interval for the estimate. In logistic result files this bounds beta, not the odds ratio. Linear logit specification.",Estimate units,Number,Empty cell means unavailable or not applicable; NA is a region label.
supplementary/figures/FigureS6a.csv,ci_high_linear,"Upper bound of the pointwise 95% confidence interval for the estimate. In logistic result files this bounds beta, not the odds ratio. Linear logit specification.",Estimate units,Number,Empty cell means unavailable or not applicable; NA is a region label.
supplementary/figures/FigureS6a.csv,se_linear,Standard error of the estimate; for logistic result tables this refers to the log-odds coefficient. Linear logit specification.,Estimate units,Number,Empty cell means unavailable or not applicable; NA is a region label.
supplementary/figures/FigureS6a.csv,n_model_matches_linear,Unique matches in the fitted probability model. Linear logit specification.,Unique matches,Number,Empty cell means unavailable or not applicable; NA is a region label.
supplementary/figures/FigureS6a.csv,n_reference_matches_linear,Unique matches in the shared probability-standardization reference. Linear logit specification.,Unique matches,Number,Empty cell means unavailable or not applicable; NA is a region label.
supplementary/figures/FigureS6a.csv,method_linear,Estimation or standardization method. Linear logit specification.,Text,Text,Empty cell means unavailable or not applicable; NA is a region label.
supplementary/figures/FigureS6a.csv,specification_linear,"Model, scoring or sample specification; see categories.csv. Linear logit specification.",Category,Text,Empty cell means unavailable or not applicable; NA is a region label.
supplementary/figures/FigureS6a.csv,display_region_spline,"Region label used in figures: NA, EUW or KR. Spline specification.",Category,Text,Empty cell means unavailable or not applicable; NA is a region label.
supplementary/figures/FigureS6a.csv,model_predictor_z_spline,Centered blue-minus-red maintenance predictor on the fitted model scale. Spline specification.,Common SD,Number,Empty cell means unavailable or not applicable; NA is a region label.
supplementary/figures/FigureS6a.csv,probability_spline,Adjusted probability that blue secures the first subsequent neutral objective. Spline specification.,Probability from 0 to 1,Number,Empty cell means unavailable or not applicable; NA is a region label.
supplementary/figures/FigureS6a.csv,ci_low_spline,"Lower bound of the pointwise 95% confidence interval for the estimate. In logistic result files this bounds beta, not the odds ratio. Spline specification.",Estimate units,Number,Empty cell means unavailable or not applicable; NA is a region label.
supplementary/figures/FigureS6a.csv,ci_high_spline,"Upper bound of the pointwise 95% confidence interval for the estimate. In logistic result files this bounds beta, not the odds ratio. Spline specification.",Estimate units,Number,Empty cell means unavailable or not applicable; NA is a region label.
supplementary/figures/FigureS6a.csv,se_spline,Standard error of the estimate; for logistic result tables this refers to the log-odds coefficient. Spline specification.,Estimate units,Number,Empty cell means unavailable or not applicable; NA is a region label.
supplementary/figures/FigureS6a.csv,n_model_matches_spline,Unique matches in the fitted probability model. Spline specification.,Unique matches,Number,Empty cell means unavailable or not applicable; NA is a region label.
supplementary/figures/FigureS6a.csv,n_reference_matches_spline,Unique matches in the shared probability-standardization reference. Spline specification.,Unique matches,Number,Empty cell means unavailable or not applicable; NA is a region label.
supplementary/figures/FigureS6a.csv,method_spline,Estimation or standardization method. Spline specification.,Text,Text,Empty cell means unavailable or not applicable; NA is a region label.
supplementary/figures/FigureS6a.csv,specification_spline,"Model, scoring or sample specification; see categories.csv. Spline specification.",Category,Text,Empty cell means unavailable or not applicable; NA is a region label.
supplementary/figures/FigureS6a.csv,difference_percentage_points,"Spline-model probability minus linear-model probability at the same reference coordinate, multiplied by 100.",Percentage points,Number,Empty cell means unavailable or not applicable; NA is a region label.
supplementary/figures/FigureS6b.csv,predictor,Predictor whose coefficient is reported; a suffix _z denotes standardization.,Category,Text,Empty cell means unavailable or not applicable; NA is a region label.
supplementary/figures/FigureS6b.csv,beta,"Regression coefficient on the log-odds scale for logistic models, or standardized outcome scale for linear models.",Model-dependent,Number,Empty cell means unavailable or not applicable; NA is a region label.
supplementary/figures/FigureS6b.csv,se,Standard error of the estimate; for logistic result tables this refers to the log-odds coefficient.,Estimate units,Number,Empty cell means unavailable or not applicable; NA is a region label.
supplementary/figures/FigureS6b.csv,ci_low,"Lower bound of the pointwise 95% confidence interval for the estimate. In logistic result files this bounds beta, not the odds ratio.",Estimate units,Number,Empty cell means unavailable or not applicable; NA is a region label.
supplementary/figures/FigureS6b.csv,ci_high,"Upper bound of the pointwise 95% confidence interval for the estimate. In logistic result files this bounds beta, not the odds ratio.",Estimate units,Number,Empty cell means unavailable or not applicable; NA is a region label.
supplementary/figures/FigureS6b.csv,odds_ratio,Exponential of the logistic coefficient for one SD of the stated predictor.,Odds ratio,Number,Empty cell means unavailable or not applicable; NA is a region label.
supplementary/figures/FigureS6b.csv,or_low,Lower 95% confidence bound for the odds ratio.,Odds ratio,Number,Empty cell means unavailable or not applicable; NA is a region label.
supplementary/figures/FigureS6b.csv,or_high,Upper 95% confidence bound for the odds ratio.,Odds ratio,Number,Empty cell means unavailable or not applicable; NA is a region label.
supplementary/figures/FigureS6b.csv,p_value,Unadjusted P value. Scientific-notation strings are preserved; numeric zero can reflect floating-point underflow.,P value,Scientific-notation decimal text,Empty cell means unavailable or not applicable; NA is a region label.
supplementary/figures/FigureS6b.csv,n_matches,Number of unique matches for the stated sample or group.,Unique matches,Number,Empty cell means unavailable or not applicable; NA is a region label.
supplementary/figures/FigureS6b.csv,outcome,Outcome whose association is estimated.,Category,Text,Empty cell means unavailable or not applicable; NA is a region label.
supplementary/figures/FigureS6b.csv,model,Regression family or holdout predictor set. M3 is the early-state baseline; M4 adds early maintenance.,Category,Text,Empty cell means unavailable or not applicable; NA is a region label.
supplementary/figures/FigureS6b.csv,interval_method,Method used to calculate the uncertainty interval.,Text,Text,Empty cell means unavailable or not applicable; NA is a region label.
supplementary/figures/FigureS6b.csv,specification,"Model, scoring or sample specification; see categories.csv.",Category,Text,Empty cell means unavailable or not applicable; NA is a region label.
supplementary/figures/FigureS6b.csv,status,Estimation status recorded by the analysis.,Category,Text,Empty cell means unavailable or not applicable; NA is a region label.
supplementary/figures/FigureS6b.csv,q_value_within_sensitivity_family,Benjamini–Hochberg adjusted P value within the stated sensitivity family.,Adjusted P value,Scientific-notation decimal text,Empty cell means unavailable or not applicable; NA is a region label.
supplementary/figures/FigureS6c.csv,specification,"Model, scoring or sample specification; see categories.csv.",Category,Text,Empty cell means unavailable or not applicable; NA is a region label.
supplementary/figures/FigureS6c.csv,predictor,Predictor whose coefficient is reported; a suffix _z denotes standardization.,Category,Text,Empty cell means unavailable or not applicable; NA is a region label.
supplementary/figures/FigureS6c.csv,beta,"Regression coefficient on the log-odds scale for logistic models, or standardized outcome scale for linear models.",Model-dependent,Number,Empty cell means unavailable or not applicable; NA is a region label.
supplementary/figures/FigureS6c.csv,se,Standard error of the estimate; for logistic result tables this refers to the log-odds coefficient.,Estimate units,Number,Empty cell means unavailable or not applicable; NA is a region label.
supplementary/figures/FigureS6c.csv,ci_low,"Lower bound of the pointwise 95% confidence interval for the estimate. In logistic result files this bounds beta, not the odds ratio.",Estimate units,Number,Empty cell means unavailable or not applicable; NA is a region label.
supplementary/figures/FigureS6c.csv,ci_high,"Upper bound of the pointwise 95% confidence interval for the estimate. In logistic result files this bounds beta, not the odds ratio.",Estimate units,Number,Empty cell means unavailable or not applicable; NA is a region label.
supplementary/figures/FigureS6c.csv,odds_ratio,Exponential of the logistic coefficient for one SD of the stated predictor.,Odds ratio,Number,Empty cell means unavailable or not applicable; NA is a region label.
supplementary/figures/FigureS6c.csv,or_low,Lower 95% confidence bound for the odds ratio.,Odds ratio,Number,Empty cell means unavailable or not applicable; NA is a region label.
supplementary/figures/FigureS6c.csv,or_high,Upper 95% confidence bound for the odds ratio.,Odds ratio,Number,Empty cell means unavailable or not applicable; NA is a region label.
supplementary/figures/FigureS6c.csv,p_value,Unadjusted P value. Scientific-notation strings are preserved; numeric zero can reflect floating-point underflow.,P value,Scientific-notation decimal text,Empty cell means unavailable or not applicable; NA is a region label.
supplementary/figures/FigureS6c.csv,n_matches,Number of unique matches for the stated sample or group.,Unique matches,Number,Empty cell means unavailable or not applicable; NA is a region label.
supplementary/figures/FigureS6c.csv,outcome,Outcome whose association is estimated.,Category,Text,Empty cell means unavailable or not applicable; NA is a region label.
supplementary/figures/FigureS6c.csv,model,Regression family or holdout predictor set. M3 is the early-state baseline; M4 adds early maintenance.,Category,Text,Empty cell means unavailable or not applicable; NA is a region label.
supplementary/figures/FigureS6c.csv,interval_method,Method used to calculate the uncertainty interval.,Text,Text,Empty cell means unavailable or not applicable; NA is a region label.
supplementary/figures/FigureS6c.csv,status,Estimation status recorded by the analysis.,Category,Text,Empty cell means unavailable or not applicable; NA is a region label.
supplementary/figures/FigureS6c.csv,q_value_within_sensitivity_family,Benjamini–Hochberg adjusted P value within the stated sensitivity family.,Adjusted P value,Scientific-notation decimal text,Empty cell means unavailable or not applicable; NA is a region label.
supplementary/figures/FigureS7a.csv,region,"Region or original server code. NA/NA1 = North America, EUW/EUW1 = Western Europe, KR = Korea; All denotes pooled data.",Category,Text,Empty cell means unavailable or not applicable; NA is a region label.
supplementary/figures/FigureS7a.csv,tier,Competitive tier recorded for focal-player sampling; not necessarily historical match-time rank.,Ordered category,Text,Empty cell means unavailable or not applicable; NA is a region label.
supplementary/figures/FigureS7a.csv,canonical,Unique matches in the fixed canonical sample for the stratum.,Unique matches,Number,Empty cell means unavailable or not applicable; NA is a region label.
supplementary/figures/FigureS7a.csv,downloaded,Fixed-sample matches with downloaded timeline payloads.,Unique matches,Number,Empty cell means unavailable or not applicable; NA is a region label.
supplementary/figures/FigureS7a.csv,identity_verified,Matches whose payload identity matches the fixed-sample record.,Unique matches,Number,Empty cell means unavailable or not applicable; NA is a region label.
supplementary/figures/FigureS7a.csv,parsed,Matches whose timeline payload was parsed.,Unique matches,Number,Empty cell means unavailable or not applicable; NA is a region label.
supplementary/figures/FigureS7a.csv,valid_window,Matches passing the time-window validity checks.,Unique matches,Number,Empty cell means unavailable or not applicable; NA is a region label.
supplementary/figures/FigureS7a.csv,eligible,Matches eligible for the stated timeline analysis.,Unique matches,Number,Empty cell means unavailable or not applicable; NA is a region label.
supplementary/figures/FigureS7a.csv,usable_primary_outcome,Eligible matches with a determined primary objective outcome.,Unique matches,Number,Empty cell means unavailable or not applicable; NA is a region label.
supplementary/figures/FigureS7a.csv,coverage_percent,"Eligible timeline matches divided by canonical matches, multiplied by 100.",Percentage,Number,Empty cell means unavailable or not applicable; NA is a region label.
supplementary/figures/FigureS7b.csv,predictor,Predictor whose coefficient is reported; a suffix _z denotes standardization.,Category,Text,Empty cell means unavailable or not applicable; NA is a region label.
supplementary/figures/FigureS7b.csv,beta,"Regression coefficient on the log-odds scale for logistic models, or standardized outcome scale for linear models.",Model-dependent,Number,Empty cell means unavailable or not applicable; NA is a region label.
supplementary/figures/FigureS7b.csv,se,Standard error of the estimate; for logistic result tables this refers to the log-odds coefficient.,Estimate units,Number,Empty cell means unavailable or not applicable; NA is a region label.
supplementary/figures/FigureS7b.csv,ci_low,"Lower bound of the pointwise 95% confidence interval for the estimate. In logistic result files this bounds beta, not the odds ratio.",Estimate units,Number,Empty cell means unavailable or not applicable; NA is a region label.
supplementary/figures/FigureS7b.csv,ci_high,"Upper bound of the pointwise 95% confidence interval for the estimate. In logistic result files this bounds beta, not the odds ratio.",Estimate units,Number,Empty cell means unavailable or not applicable; NA is a region label.
supplementary/figures/FigureS7b.csv,odds_ratio,Exponential of the logistic coefficient for one SD of the stated predictor.,Odds ratio,Number,Empty cell means unavailable or not applicable; NA is a region label.
supplementary/figures/FigureS7b.csv,or_low,Lower 95% confidence bound for the odds ratio.,Odds ratio,Number,Empty cell means unavailable or not applicable; NA is a region label.
supplementary/figures/FigureS7b.csv,or_high,Upper 95% confidence bound for the odds ratio.,Odds ratio,Number,Empty cell means unavailable or not applicable; NA is a region label.
supplementary/figures/FigureS7b.csv,p_value,Unadjusted P value. Scientific-notation strings are preserved; numeric zero can reflect floating-point underflow.,P value,Scientific-notation decimal text,Empty cell means unavailable or not applicable; NA is a region label.
supplementary/figures/FigureS7b.csv,n_matches,Number of unique matches for the stated sample or group.,Unique matches,Number,Empty cell means unavailable or not applicable; NA is a region label.
supplementary/figures/FigureS7b.csv,outcome,Outcome whose association is estimated.,Category,Text,Empty cell means unavailable or not applicable; NA is a region label.
supplementary/figures/FigureS7b.csv,model,Regression family or holdout predictor set. M3 is the early-state baseline; M4 adds early maintenance.,Category,Text,Empty cell means unavailable or not applicable; NA is a region label.
supplementary/figures/FigureS7b.csv,interval_method,Method used to calculate the uncertainty interval.,Text,Text,Empty cell means unavailable or not applicable; NA is a region label.
supplementary/figures/FigureS7b.csv,specification,"Model, scoring or sample specification; see categories.csv.",Category,Text,Empty cell means unavailable or not applicable; NA is a region label.
supplementary/figures/FigureS7b.csv,status,Estimation status recorded by the analysis.,Category,Text,Empty cell means unavailable or not applicable; NA is a region label.
supplementary/figures/FigureS7b.csv,q_value_within_sensitivity_family,Benjamini–Hochberg adjusted P value within the stated sensitivity family.,Adjusted P value,Scientific-notation decimal text,Empty cell means unavailable or not applicable; NA is a region label.
supplementary/figures/FigureS7b.csv,patch,"Game version; preserve as text, including 15.1 versus 15.10.",Version string,Text,Empty cell means unavailable or not applicable; NA is a region label.
supplementary/figures/FigureS7c.csv,patch,"Game version; preserve as text, including 15.1 versus 15.10.",Version string,Text,Empty cell means unavailable or not applicable; NA is a region label.
supplementary/figures/FigureS7c.csv,n_matches,Number of unique matches for the stated sample or group.,Unique matches,Number,Empty cell means unavailable or not applicable; NA is a region label.
main/tables/Table1_unrounded.csv,measure,"Process, overall score or individual indicator being summarized.",Category,Text,Empty cell means unavailable or not applicable; NA is a region label.
main/tables/Table1_unrounded.csv,contrast,Directed comparison; A−B means the first group minus the second. Endpoint contrasts use Diamond−Iron.,Category,Text,Empty cell means unavailable or not applicable; NA is a region label.
main/tables/Table1_unrounded.csv,estimate,"Estimated mean, mean difference or coefficient described by the file and row labels.",File-specific,Number,Empty cell means unavailable or not applicable; NA is a region label.
main/tables/Table1_unrounded.csv,ci_low,"Lower bound of the pointwise 95% confidence interval for the estimate. In logistic result files this bounds beta, not the odds ratio.",Estimate units,Number,Empty cell means unavailable or not applicable; NA is a region label.
main/tables/Table1_unrounded.csv,ci_high,"Upper bound of the pointwise 95% confidence interval for the estimate. In logistic result files this bounds beta, not the odds ratio.",Estimate units,Number,Empty cell means unavailable or not applicable; NA is a region label.
main/tables/Table1_unrounded.csv,se,Standard error of the estimate; for logistic result tables this refers to the log-odds coefficient.,Estimate units,Number,Empty cell means unavailable or not applicable; NA is a region label.
main/tables/Table1_unrounded.csv,z,"Two-sided Wald statistic, estimate divided by standard error.",Standard normal units,Number,Empty cell means unavailable or not applicable; NA is a region label.
main/tables/Table1_unrounded.csv,p_value,Unadjusted P value. Scientific-notation strings are preserved; numeric zero can reflect floating-point underflow.,P value,Scientific-notation decimal text,Empty cell means unavailable or not applicable; NA is a region label.
main/tables/Table1_unrounded.csv,log10_p,Base-10 logarithm of the unadjusted P value.,Log10 P,Number,Empty cell means unavailable or not applicable; NA is a region label.
main/tables/Table1_unrounded.csv,standardized_difference,Cohen d: adjusted mean difference divided by the pooled player-score SD.,Standardized effect size,Number,Empty cell means unavailable or not applicable; NA is a region label.
main/tables/Table1_unrounded.csv,d_ci_low,Lower 95% bound for the standardized difference.,Standardized effect size,Number,Empty cell means unavailable or not applicable; NA is a region label.
main/tables/Table1_unrounded.csv,d_ci_high,Upper 95% bound for the standardized difference.,Standardized effect size,Number,Empty cell means unavailable or not applicable; NA is a region label.
main/tables/Table1_unrounded.csv,pooled_player_sd,Pooled player-score SD used to standardize a regional contrast.,Score units,Number,Empty cell means unavailable or not applicable; NA is a region label.
main/tables/Table1_unrounded.csv,p_holm,Holm-adjusted P value within the stated family; retain small scientific-notation values as text if needed.,P value,Scientific-notation decimal text,Empty cell means unavailable or not applicable; NA is a region label.
main/tables/Table1_unrounded.csv,correction_family,Set of tests used for P-value adjustment.,Text,Text,Empty cell means unavailable or not applicable; NA is a region label.
main/tables/Table1_unrounded.csv,log10_p_holm,Base-10 logarithm of the Holm-adjusted P value.,Log10 P,Number,Empty cell means unavailable or not applicable; NA is a region label.
supplementary/results/grouping_diagnostics.csv,matrix,"Correlation specification identifying pooled, region-centered or regional data and Pearson or rank correlations.",Category,Text,Empty cell means unavailable or not applicable; NA is a region label.
supplementary/results/grouping_diagnostics.csv,test,Indicator-grouping comparison.,Category,Text,Empty cell means unavailable or not applicable; NA is a region label.
supplementary/results/grouping_diagnostics.csv,statistic,Mean absolute within-group correlation minus mean absolute between-group correlation.,Correlation difference,Number,Empty cell means unavailable or not applicable; NA is a region label.
supplementary/results/grouping_diagnostics.csv,n_allocations,Number of exact indicator-label assignments preserving group sizes.,Assignments,Number,Empty cell means unavailable or not applicable; NA is a region label.
supplementary/results/grouping_diagnostics.csv,n_at_least_observed,Assignments whose statistic equals or exceeds the observed statistic.,Assignments,Number,Empty cell means unavailable or not applicable; NA is a region label.
supplementary/results/grouping_diagnostics.csv,p_exact,"One-sided exact indicator-label-enumeration P value, including ties.",P value,Scientific-notation decimal text,Empty cell means unavailable or not applicable; NA is a region label.
supplementary/results/grouping_diagnostics.csv,null_q025,2.5th percentile of the exact label-assignment distribution.,Correlation difference,Number,Empty cell means unavailable or not applicable; NA is a region label.
supplementary/results/grouping_diagnostics.csv,null_q975,97.5th percentile of the exact label-assignment distribution.,Correlation difference,Number,Empty cell means unavailable or not applicable; NA is a region label.
supplementary/results/grouping_diagnostics.csv,tail,Tail and treatment of ties in the exact enumeration.,Text,Text,Empty cell means unavailable or not applicable; NA is a region label.
supplementary/results/grouping_diagnostics.csv,interpretation,Interpretation of the reported grouping diagnostic.,Text,Text,Empty cell means unavailable or not applicable; NA is a region label.
supplementary/results/grouping_diagnostics.csv,p_holm_primary_two_tests,Holm-adjusted P value across the two primary grouping tests.,P value,Scientific-notation decimal text,Empty cell means unavailable or not applicable; NA is a region label.
supplementary/results/relationship_summaries.csv,matrix,"Correlation specification identifying pooled, region-centered or regional data and Pearson or rank correlations.",Category,Text,Empty cell means unavailable or not applicable; NA is a region label.
supplementary/results/relationship_summaries.csv,relationship,Within- or between-indicator-group comparison.,Category,Text,Empty cell means unavailable or not applicable; NA is a region label.
supplementary/results/relationship_summaries.csv,n_pairs,Number of distinct indicator pairs summarized.,Indicator pairs,Number,Empty cell means unavailable or not applicable; NA is a region label.
supplementary/results/relationship_summaries.csv,mean_r,Mean signed correlation across the stated indicator pairs.,Correlation,Number,Empty cell means unavailable or not applicable; NA is a region label.
supplementary/results/relationship_summaries.csv,mean_abs_r,Mean absolute correlation across the stated indicator pairs.,Correlation,Number,Empty cell means unavailable or not applicable; NA is a region label.
supplementary/results/relationship_summaries.csv,median_r,Median signed correlation across the stated indicator pairs.,Correlation,Number,Empty cell means unavailable or not applicable; NA is a region label.
supplementary/results/relationship_summaries.csv,min_r,Minimum signed correlation across the stated indicator pairs.,Correlation,Number,Empty cell means unavailable or not applicable; NA is a region label.
supplementary/results/relationship_summaries.csv,max_r,Maximum signed correlation across the stated indicator pairs.,Correlation,Number,Empty cell means unavailable or not applicable; NA is a region label.
supplementary/results/relationship_summaries.csv,n_negative,Indicator pairs with negative signed correlations.,Indicator pairs,Number,Empty cell means unavailable or not applicable; NA is a region label.
supplementary/results/regional_means.csv,region,"Region or original server code. NA/NA1 = North America, EUW/EUW1 = Western Europe, KR = Korea; All denotes pooled data.",Category,Text,Empty cell means unavailable or not applicable; NA is a region label.
supplementary/results/regional_means.csv,measure,"Process, overall score or individual indicator being summarized.",Category,Text,Empty cell means unavailable or not applicable; NA is a region label.
supplementary/results/regional_means.csv,estimate,"Estimated mean, mean difference or coefficient described by the file and row labels.",File-specific,Number,Empty cell means unavailable or not applicable; NA is a region label.
supplementary/results/regional_means.csv,ci_low,"Lower bound of the pointwise 95% confidence interval for the estimate. In logistic result files this bounds beta, not the odds ratio.",Estimate units,Number,Empty cell means unavailable or not applicable; NA is a region label.
supplementary/results/regional_means.csv,ci_high,"Upper bound of the pointwise 95% confidence interval for the estimate. In logistic result files this bounds beta, not the odds ratio.",Estimate units,Number,Empty cell means unavailable or not applicable; NA is a region label.
supplementary/results/regional_means.csv,n_players,Number of focal players contributing to the stated group or model.,Players,Number,Empty cell means unavailable or not applicable; NA is a region label.
supplementary/results/regional_means.csv,n_records,Number of focal player–match records.,Player–match records,Number,Empty cell means unavailable or not applicable; NA is a region label.
supplementary/results/regional_means.csv,distribution_mean,Mean of the plotted player distribution.,Score units,Number,Empty cell means unavailable or not applicable; NA is a region label.
supplementary/results/regional_contrasts.csv,measure,"Process, overall score or individual indicator being summarized.",Category,Text,Empty cell means unavailable or not applicable; NA is a region label.
supplementary/results/regional_contrasts.csv,contrast,Directed comparison; A−B means the first group minus the second. Endpoint contrasts use Diamond−Iron.,Category,Text,Empty cell means unavailable or not applicable; NA is a region label.
supplementary/results/regional_contrasts.csv,estimate,"Estimated mean, mean difference or coefficient described by the file and row labels.",File-specific,Number,Empty cell means unavailable or not applicable; NA is a region label.
supplementary/results/regional_contrasts.csv,ci_low,"Lower bound of the pointwise 95% confidence interval for the estimate. In logistic result files this bounds beta, not the odds ratio.",Estimate units,Number,Empty cell means unavailable or not applicable; NA is a region label.
supplementary/results/regional_contrasts.csv,ci_high,"Upper bound of the pointwise 95% confidence interval for the estimate. In logistic result files this bounds beta, not the odds ratio.",Estimate units,Number,Empty cell means unavailable or not applicable; NA is a region label.
supplementary/results/regional_contrasts.csv,se,Standard error of the estimate; for logistic result tables this refers to the log-odds coefficient.,Estimate units,Number,Empty cell means unavailable or not applicable; NA is a region label.
supplementary/results/regional_contrasts.csv,z,"Two-sided Wald statistic, estimate divided by standard error.",Standard normal units,Number,Empty cell means unavailable or not applicable; NA is a region label.
supplementary/results/regional_contrasts.csv,p_value,Unadjusted P value. Scientific-notation strings are preserved; numeric zero can reflect floating-point underflow.,P value,Scientific-notation decimal text,Empty cell means unavailable or not applicable; NA is a region label.
supplementary/results/regional_contrasts.csv,log10_p,Base-10 logarithm of the unadjusted P value.,Log10 P,Number,Empty cell means unavailable or not applicable; NA is a region label.
supplementary/results/regional_contrasts.csv,standardized_difference,Cohen d: adjusted mean difference divided by the pooled player-score SD.,Standardized effect size,Number,Empty cell means unavailable or not applicable; NA is a region label.
supplementary/results/regional_contrasts.csv,d_ci_low,Lower 95% bound for the standardized difference.,Standardized effect size,Number,Empty cell means unavailable or not applicable; NA is a region label.
supplementary/results/regional_contrasts.csv,d_ci_high,Upper 95% bound for the standardized difference.,Standardized effect size,Number,Empty cell means unavailable or not applicable; NA is a region label.
supplementary/results/regional_contrasts.csv,pooled_player_sd,Pooled player-score SD used to standardize a regional contrast.,Score units,Number,Empty cell means unavailable or not applicable; NA is a region label.
supplementary/results/regional_contrasts.csv,p_holm,Holm-adjusted P value within the stated family; retain small scientific-notation values as text if needed.,P value,Scientific-notation decimal text,Empty cell means unavailable or not applicable; NA is a region label.
supplementary/results/regional_contrasts.csv,correction_family,Set of tests used for P-value adjustment.,Text,Text,Empty cell means unavailable or not applicable; NA is a region label.
supplementary/results/regional_contrasts.csv,log10_p_holm,Base-10 logarithm of the Holm-adjusted P value.,Log10 P,Number,Empty cell means unavailable or not applicable; NA is a region label.
supplementary/results/overall_equal_weighting.csv,measure,"Process, overall score or individual indicator being summarized.",Category,Text,Empty cell means unavailable or not applicable; NA is a region label.
supplementary/results/overall_equal_weighting.csv,contrast,Directed comparison; A−B means the first group minus the second. Endpoint contrasts use Diamond−Iron.,Category,Text,Empty cell means unavailable or not applicable; NA is a region label.
supplementary/results/overall_equal_weighting.csv,estimate,"Estimated mean, mean difference or coefficient described by the file and row labels.",File-specific,Number,Empty cell means unavailable or not applicable; NA is a region label.
supplementary/results/overall_equal_weighting.csv,ci_low,"Lower bound of the pointwise 95% confidence interval for the estimate. In logistic result files this bounds beta, not the odds ratio.",Estimate units,Number,Empty cell means unavailable or not applicable; NA is a region label.
supplementary/results/overall_equal_weighting.csv,ci_high,"Upper bound of the pointwise 95% confidence interval for the estimate. In logistic result files this bounds beta, not the odds ratio.",Estimate units,Number,Empty cell means unavailable or not applicable; NA is a region label.
supplementary/results/overall_equal_weighting.csv,se,Standard error of the estimate; for logistic result tables this refers to the log-odds coefficient.,Estimate units,Number,Empty cell means unavailable or not applicable; NA is a region label.
supplementary/results/overall_equal_weighting.csv,z,"Two-sided Wald statistic, estimate divided by standard error.",Standard normal units,Number,Empty cell means unavailable or not applicable; NA is a region label.
supplementary/results/overall_equal_weighting.csv,p_value,Unadjusted P value. Scientific-notation strings are preserved; numeric zero can reflect floating-point underflow.,P value,Scientific-notation decimal text,Empty cell means unavailable or not applicable; NA is a region label.
supplementary/results/overall_equal_weighting.csv,log10_p,Base-10 logarithm of the unadjusted P value.,Log10 P,Number,Empty cell means unavailable or not applicable; NA is a region label.
supplementary/results/overall_equal_weighting.csv,standardized_difference,Cohen d: adjusted mean difference divided by the pooled player-score SD.,Standardized effect size,Number,Empty cell means unavailable or not applicable; NA is a region label.
supplementary/results/overall_equal_weighting.csv,d_ci_low,Lower 95% bound for the standardized difference.,Standardized effect size,Number,Empty cell means unavailable or not applicable; NA is a region label.
supplementary/results/overall_equal_weighting.csv,d_ci_high,Upper 95% bound for the standardized difference.,Standardized effect size,Number,Empty cell means unavailable or not applicable; NA is a region label.
supplementary/results/overall_equal_weighting.csv,pooled_player_sd,Pooled player-score SD used to standardize a regional contrast.,Score units,Number,Empty cell means unavailable or not applicable; NA is a region label.
supplementary/results/overall_equal_weighting.csv,p_holm,Holm-adjusted P value within the stated family; retain small scientific-notation values as text if needed.,P value,Scientific-notation decimal text,Empty cell means unavailable or not applicable; NA is a region label.
supplementary/results/overall_equal_weighting.csv,log10_p_holm,Base-10 logarithm of the Holm-adjusted P value.,Log10 P,Number,Empty cell means unavailable or not applicable; NA is a region label.
supplementary/results/two_way_clustering.csv,measure,"Process, overall score or individual indicator being summarized.",Category,Text,Empty cell means unavailable or not applicable; NA is a region label.
supplementary/results/two_way_clustering.csv,contrast,Directed comparison; A−B means the first group minus the second. Endpoint contrasts use Diamond−Iron.,Category,Text,Empty cell means unavailable or not applicable; NA is a region label.
supplementary/results/two_way_clustering.csv,estimate,"Estimated mean, mean difference or coefficient described by the file and row labels.",File-specific,Number,Empty cell means unavailable or not applicable; NA is a region label.
supplementary/results/two_way_clustering.csv,ci_low,"Lower bound of the pointwise 95% confidence interval for the estimate. In logistic result files this bounds beta, not the odds ratio.",Estimate units,Number,Empty cell means unavailable or not applicable; NA is a region label.
supplementary/results/two_way_clustering.csv,ci_high,"Upper bound of the pointwise 95% confidence interval for the estimate. In logistic result files this bounds beta, not the odds ratio.",Estimate units,Number,Empty cell means unavailable or not applicable; NA is a region label.
supplementary/results/two_way_clustering.csv,se,Standard error of the estimate; for logistic result tables this refers to the log-odds coefficient.,Estimate units,Number,Empty cell means unavailable or not applicable; NA is a region label.
supplementary/results/two_way_clustering.csv,z,"Two-sided Wald statistic, estimate divided by standard error.",Standard normal units,Number,Empty cell means unavailable or not applicable; NA is a region label.
supplementary/results/two_way_clustering.csv,p_value,Unadjusted P value. Scientific-notation strings are preserved; numeric zero can reflect floating-point underflow.,P value,Scientific-notation decimal text,Empty cell means unavailable or not applicable; NA is a region label.
supplementary/results/two_way_clustering.csv,log10_p,Base-10 logarithm of the unadjusted P value.,Log10 P,Number,Empty cell means unavailable or not applicable; NA is a region label.
supplementary/results/two_way_clustering.csv,primary_se,Standard error under the primary player-cluster specification.,Score units,Number,Empty cell means unavailable or not applicable; NA is a region label.
supplementary/results/two_way_clustering.csv,se_ratio,Two-way-cluster standard error divided by the primary player-cluster standard error.,Ratio,Number,Empty cell means unavailable or not applicable; NA is a region label.
supplementary/results/two_way_clustering.csv,p_holm,Holm-adjusted P value within the stated family; retain small scientific-notation values as text if needed.,P value,Scientific-notation decimal text,Empty cell means unavailable or not applicable; NA is a region label.
supplementary/results/two_way_clustering.csv,log10_p_holm,Base-10 logarithm of the Holm-adjusted P value.,Log10 P,Number,Empty cell means unavailable or not applicable; NA is a region label.
supplementary/results/equal_ping_process_contrasts.csv,contrast,Directed comparison; A−B means the first group minus the second. Endpoint contrasts use Diamond−Iron.,Category,Text,Empty cell means unavailable or not applicable; NA is a region label.
supplementary/results/equal_ping_process_contrasts.csv,maintenance_difference,Adjusted regional maintenance mean difference.,Maintenance score units,Number,Empty cell means unavailable or not applicable; NA is a region label.
supplementary/results/equal_ping_process_contrasts.csv,maintenance_low,Lower pointwise 95% bound for the maintenance difference.,Maintenance score units,Number,Empty cell means unavailable or not applicable; NA is a region label.
supplementary/results/equal_ping_process_contrasts.csv,maintenance_high,Upper pointwise 95% bound for the maintenance difference.,Maintenance score units,Number,Empty cell means unavailable or not applicable; NA is a region label.
supplementary/results/equal_ping_process_contrasts.csv,signal_difference,Adjusted regional signalling mean difference under equal individual-ping weighting.,Alternative signalling score units,Number,Empty cell means unavailable or not applicable; NA is a region label.
supplementary/results/equal_ping_process_contrasts.csv,signal_low,Lower pointwise 95% bound for the alternative signalling difference.,Alternative signalling score units,Number,Empty cell means unavailable or not applicable; NA is a region label.
supplementary/results/equal_ping_process_contrasts.csv,signal_high,Upper pointwise 95% bound for the alternative signalling difference.,Alternative signalling score units,Number,Empty cell means unavailable or not applicable; NA is a region label.
supplementary/results/equal_ping_process_contrasts.csv,estimate,"Estimated mean, mean difference or coefficient described by the file and row labels.",File-specific,Number,Empty cell means unavailable or not applicable; NA is a region label.
supplementary/results/equal_ping_process_contrasts.csv,ci_low,"Lower bound of the pointwise 95% confidence interval for the estimate. In logistic result files this bounds beta, not the odds ratio.",Estimate units,Number,Empty cell means unavailable or not applicable; NA is a region label.
supplementary/results/equal_ping_process_contrasts.csv,ci_high,"Upper bound of the pointwise 95% confidence interval for the estimate. In logistic result files this bounds beta, not the odds ratio.",Estimate units,Number,Empty cell means unavailable or not applicable; NA is a region label.
supplementary/results/equal_ping_process_contrasts.csv,se,Standard error of the estimate; for logistic result tables this refers to the log-odds coefficient.,Estimate units,Number,Empty cell means unavailable or not applicable; NA is a region label.
supplementary/results/equal_ping_process_contrasts.csv,z,"Two-sided Wald statistic, estimate divided by standard error.",Standard normal units,Number,Empty cell means unavailable or not applicable; NA is a region label.
supplementary/results/equal_ping_process_contrasts.csv,p_value,Unadjusted P value. Scientific-notation strings are preserved; numeric zero can reflect floating-point underflow.,P value,Scientific-notation decimal text,Empty cell means unavailable or not applicable; NA is a region label.
supplementary/results/equal_ping_process_contrasts.csv,log10_p,Base-10 logarithm of the unadjusted P value.,Log10 P,Number,Empty cell means unavailable or not applicable; NA is a region label.
supplementary/results/equal_ping_process_contrasts.csv,primary_process_difference,Primary maintenance-minus-signalling contrast for comparison with the alternative score.,Score units,Number,Empty cell means unavailable or not applicable; NA is a region label.
supplementary/results/equal_ping_process_contrasts.csv,n_players,Number of focal players contributing to the stated group or model.,Players,Number,Empty cell means unavailable or not applicable; NA is a region label.
supplementary/results/equal_ping_process_contrasts.csv,log10_p_holm,Base-10 logarithm of the Holm-adjusted P value.,Log10 P,Number,Empty cell means unavailable or not applicable; NA is a region label.
supplementary/results/equal_ping_process_contrasts.csv,p_holm,Holm-adjusted P value within the stated family; retain small scientific-notation values as text if needed.,P value,Scientific-notation decimal text,Empty cell means unavailable or not applicable; NA is a region label.
supplementary/results/equal_ping_process_contrasts.csv,family,Set of comparisons used for multiplicity adjustment or simultaneous intervals.,Text,Text,Empty cell means unavailable or not applicable; NA is a region label.
supplementary/results/ping_regional_contrasts.csv,metric,"Behavioural indicator key; see variables.csv. In validation gains this instead identifies AUC, log loss or Brier score.",Category,Text,Empty cell means unavailable or not applicable; NA is a region label.
supplementary/results/ping_regional_contrasts.csv,contrast,Directed comparison; A−B means the first group minus the second. Endpoint contrasts use Diamond−Iron.,Category,Text,Empty cell means unavailable or not applicable; NA is a region label.
supplementary/results/ping_regional_contrasts.csv,estimate,"Estimated mean, mean difference or coefficient described by the file and row labels.",File-specific,Number,Empty cell means unavailable or not applicable; NA is a region label.
supplementary/results/ping_regional_contrasts.csv,se,Standard error of the estimate; for logistic result tables this refers to the log-odds coefficient.,Estimate units,Number,Empty cell means unavailable or not applicable; NA is a region label.
supplementary/results/ping_regional_contrasts.csv,ci_low,"Lower bound of the pointwise 95% confidence interval for the estimate. In logistic result files this bounds beta, not the odds ratio.",Estimate units,Number,Empty cell means unavailable or not applicable; NA is a region label.
supplementary/results/ping_regional_contrasts.csv,ci_high,"Upper bound of the pointwise 95% confidence interval for the estimate. In logistic result files this bounds beta, not the odds ratio.",Estimate units,Number,Empty cell means unavailable or not applicable; NA is a region label.
supplementary/results/ping_regional_contrasts.csv,standardized_difference,Cohen d: adjusted mean difference divided by the pooled player-score SD.,Standardized effect size,Number,Empty cell means unavailable or not applicable; NA is a region label.
supplementary/results/ping_regional_contrasts.csv,d_ci_low,Lower 95% bound for the standardized difference.,Standardized effect size,Number,Empty cell means unavailable or not applicable; NA is a region label.
supplementary/results/ping_regional_contrasts.csv,d_ci_high,Upper 95% bound for the standardized difference.,Standardized effect size,Number,Empty cell means unavailable or not applicable; NA is a region label.
supplementary/results/ping_regional_contrasts.csv,pooled_player_sd,Pooled player-score SD used to standardize a regional contrast.,Score units,Number,Empty cell means unavailable or not applicable; NA is a region label.
supplementary/results/ping_regional_contrasts.csv,n_a,Players in the first region of a pairwise contrast.,Players,Number,Empty cell means unavailable or not applicable; NA is a region label.
supplementary/results/ping_regional_contrasts.csv,n_b,Players in the second region of a pairwise contrast.,Players,Number,Empty cell means unavailable or not applicable; NA is a region label.
supplementary/results/ping_regional_contrasts.csv,log10_p,Base-10 logarithm of the unadjusted P value.,Log10 P,Number,Empty cell means unavailable or not applicable; NA is a region label.
supplementary/results/ping_regional_contrasts.csv,log10_p_holm,Base-10 logarithm of the Holm-adjusted P value.,Log10 P,Number,Empty cell means unavailable or not applicable; NA is a region label.
supplementary/results/ping_regional_contrasts.csv,p_value,Unadjusted P value. Scientific-notation strings are preserved; numeric zero can reflect floating-point underflow.,P value,Scientific-notation decimal text,Empty cell means unavailable or not applicable; NA is a region label.
supplementary/results/ping_regional_contrasts.csv,p_holm,Holm-adjusted P value within the stated family; retain small scientific-notation values as text if needed.,P value,Scientific-notation decimal text,Empty cell means unavailable or not applicable; NA is a region label.
supplementary/results/ping_regional_contrasts.csv,correction_family,Set of tests used for P-value adjustment.,Text,Text,Empty cell means unavailable or not applicable; NA is a region label.
supplementary/results/tier_contrasts.csv,measure,"Process, overall score or individual indicator being summarized.",Category,Text,Empty cell means unavailable or not applicable; NA is a region label.
supplementary/results/tier_contrasts.csv,contrast,Directed comparison; A−B means the first group minus the second. Endpoint contrasts use Diamond−Iron.,Category,Text,Empty cell means unavailable or not applicable; NA is a region label.
supplementary/results/tier_contrasts.csv,type,"Contrast or analysis type, such as tier endpoint, adjacent-tier or local change.",Category,Text,Empty cell means unavailable or not applicable; NA is a region label.
supplementary/results/tier_contrasts.csv,estimate,"Estimated mean, mean difference or coefficient described by the file and row labels.",File-specific,Number,Empty cell means unavailable or not applicable; NA is a region label.
supplementary/results/tier_contrasts.csv,ci_low,"Lower bound of the pointwise 95% confidence interval for the estimate. In logistic result files this bounds beta, not the odds ratio.",Estimate units,Number,Empty cell means unavailable or not applicable; NA is a region label.
supplementary/results/tier_contrasts.csv,ci_high,"Upper bound of the pointwise 95% confidence interval for the estimate. In logistic result files this bounds beta, not the odds ratio.",Estimate units,Number,Empty cell means unavailable or not applicable; NA is a region label.
supplementary/results/tier_contrasts.csv,se,Standard error of the estimate; for logistic result tables this refers to the log-odds coefficient.,Estimate units,Number,Empty cell means unavailable or not applicable; NA is a region label.
supplementary/results/tier_contrasts.csv,family,Set of comparisons used for multiplicity adjustment or simultaneous intervals.,Text,Text,Empty cell means unavailable or not applicable; NA is a region label.
supplementary/results/tier_contrasts.csv,log10_p,Base-10 logarithm of the unadjusted P value.,Log10 P,Number,Empty cell means unavailable or not applicable; NA is a region label.
supplementary/results/tier_contrasts.csv,log10_p_holm,Base-10 logarithm of the Holm-adjusted P value.,Log10 P,Number,Empty cell means unavailable or not applicable; NA is a region label.
supplementary/results/tier_contrasts.csv,p_value,Unadjusted P value. Scientific-notation strings are preserved; numeric zero can reflect floating-point underflow.,P value,Scientific-notation decimal text,Empty cell means unavailable or not applicable; NA is a region label.
supplementary/results/tier_contrasts.csv,p_holm,Holm-adjusted P value within the stated family; retain small scientific-notation values as text if needed.,P value,Scientific-notation decimal text,Empty cell means unavailable or not applicable; NA is a region label.
supplementary/results/position_contrasts.csv,measure,"Process, overall score or individual indicator being summarized.",Category,Text,Empty cell means unavailable or not applicable; NA is a region label.
supplementary/results/position_contrasts.csv,contrast,Directed comparison; A−B means the first group minus the second. Endpoint contrasts use Diamond−Iron.,Category,Text,Empty cell means unavailable or not applicable; NA is a region label.
supplementary/results/position_contrasts.csv,type,"Contrast or analysis type, such as tier endpoint, adjacent-tier or local change.",Category,Text,Empty cell means unavailable or not applicable; NA is a region label.
supplementary/results/position_contrasts.csv,estimate,"Estimated mean, mean difference or coefficient described by the file and row labels.",File-specific,Number,Empty cell means unavailable or not applicable; NA is a region label.
supplementary/results/position_contrasts.csv,ci_low,"Lower bound of the pointwise 95% confidence interval for the estimate. In logistic result files this bounds beta, not the odds ratio.",Estimate units,Number,Empty cell means unavailable or not applicable; NA is a region label.
supplementary/results/position_contrasts.csv,ci_high,"Upper bound of the pointwise 95% confidence interval for the estimate. In logistic result files this bounds beta, not the odds ratio.",Estimate units,Number,Empty cell means unavailable or not applicable; NA is a region label.
supplementary/results/position_contrasts.csv,se,Standard error of the estimate; for logistic result tables this refers to the log-odds coefficient.,Estimate units,Number,Empty cell means unavailable or not applicable; NA is a region label.
supplementary/results/position_contrasts.csv,family,Set of comparisons used for multiplicity adjustment or simultaneous intervals.,Text,Text,Empty cell means unavailable or not applicable; NA is a region label.
supplementary/results/position_contrasts.csv,log10_p,Base-10 logarithm of the unadjusted P value.,Log10 P,Number,Empty cell means unavailable or not applicable; NA is a region label.
supplementary/results/position_contrasts.csv,log10_p_holm,Base-10 logarithm of the Holm-adjusted P value.,Log10 P,Number,Empty cell means unavailable or not applicable; NA is a region label.
supplementary/results/position_contrasts.csv,p_value,Unadjusted P value. Scientific-notation strings are preserved; numeric zero can reflect floating-point underflow.,P value,Scientific-notation decimal text,Empty cell means unavailable or not applicable; NA is a region label.
supplementary/results/position_contrasts.csv,p_holm,Holm-adjusted P value within the stated family; retain small scientific-notation values as text if needed.,P value,Scientific-notation decimal text,Empty cell means unavailable or not applicable; NA is a region label.
supplementary/results/early_regional_contrasts.csv,contrast,Directed comparison; A−B means the first group minus the second. Endpoint contrasts use Diamond−Iron.,Category,Text,Empty cell means unavailable or not applicable; NA is a region label.
supplementary/results/early_regional_contrasts.csv,adjusted_mean_difference,Context-adjusted mean in the first region minus that in the second.,Score units,Number,Empty cell means unavailable or not applicable; NA is a region label.
supplementary/results/early_regional_contrasts.csv,d,Standardized regional effect size using the stated team-level standardizer.,Standardized effect size,Number,Empty cell means unavailable or not applicable; NA is a region label.
supplementary/results/early_regional_contrasts.csv,ci_low,Lower 95% confidence bound for team-level standardized d.,Standardized effect size,Number,Empty cell means unavailable or not applicable; NA is a region label.
supplementary/results/early_regional_contrasts.csv,ci_high,Upper 95% confidence bound for team-level standardized d.,Standardized effect size,Number,Empty cell means unavailable or not applicable; NA is a region label.
supplementary/results/early_regional_contrasts.csv,standardizer,Name or definition of the effect-size standardizer.,Text,Text,Empty cell means unavailable or not applicable; NA is a region label.
supplementary/results/early_regional_contrasts.csv,pooled_residual_sd,Pooled residual team-score SD used to standardize an early regional contrast.,Score units,Number,Empty cell means unavailable or not applicable; NA is a region label.
supplementary/results/early_regional_contrasts.csv,interval_method,Method used to calculate the uncertainty interval.,Text,Text,Empty cell means unavailable or not applicable; NA is a region label.
supplementary/results/early_regional_contrasts.csv,p_value,Unadjusted P value. Scientific-notation strings are preserved; numeric zero can reflect floating-point underflow.,P value,Scientific-notation decimal text,Empty cell means unavailable or not applicable; NA is a region label.
supplementary/results/early_regional_contrasts.csv,p_holm_three_regional_contrasts,Holm-adjusted P value across three early regional contrasts.,P value,Scientific-notation decimal text,Empty cell means unavailable or not applicable; NA is a region label.
supplementary/results/early_regional_contrasts.csv,interval_coverage,Whether the reported confidence interval is pointwise or simultaneous.,Category,Text,Empty cell means unavailable or not applicable; NA is a region label.
supplementary/results/regional_objective_associations.csv,region,"Region or original server code. NA/NA1 = North America, EUW/EUW1 = Western Europe, KR = Korea; All denotes pooled data.",Category,Text,Empty cell means unavailable or not applicable; NA is a region label.
supplementary/results/regional_objective_associations.csv,display_region,"Region label used in figures: NA, EUW or KR.",Category,Text,Empty cell means unavailable or not applicable; NA is a region label.
supplementary/results/regional_objective_associations.csv,beta,"Regression coefficient on the log-odds scale for logistic models, or standardized outcome scale for linear models.",Model-dependent,Number,Empty cell means unavailable or not applicable; NA is a region label.
supplementary/results/regional_objective_associations.csv,se,Standard error of the estimate; for logistic result tables this refers to the log-odds coefficient.,Estimate units,Number,Empty cell means unavailable or not applicable; NA is a region label.
supplementary/results/regional_objective_associations.csv,odds_ratio,Exponential of the logistic coefficient for one SD of the stated predictor.,Odds ratio,Number,Empty cell means unavailable or not applicable; NA is a region label.
supplementary/results/regional_objective_associations.csv,or_low,Lower 95% confidence bound for the odds ratio.,Odds ratio,Number,Empty cell means unavailable or not applicable; NA is a region label.
supplementary/results/regional_objective_associations.csv,or_high,Upper 95% confidence bound for the odds ratio.,Odds ratio,Number,Empty cell means unavailable or not applicable; NA is a region label.
supplementary/results/regional_objective_associations.csv,p_value,Unadjusted P value. Scientific-notation strings are preserved; numeric zero can reflect floating-point underflow.,P value,Scientific-notation decimal text,Empty cell means unavailable or not applicable; NA is a region label.
supplementary/results/regional_objective_associations.csv,n_matches,Number of unique matches for the stated sample or group.,Unique matches,Number,Empty cell means unavailable or not applicable; NA is a region label.
supplementary/results/primary_objective_associations.csv,predictor,Predictor whose coefficient is reported; a suffix _z denotes standardization.,Category,Text,Empty cell means unavailable or not applicable; NA is a region label.
supplementary/results/primary_objective_associations.csv,beta,"Regression coefficient on the log-odds scale for logistic models, or standardized outcome scale for linear models.",Model-dependent,Number,Empty cell means unavailable or not applicable; NA is a region label.
supplementary/results/primary_objective_associations.csv,se,Standard error of the estimate; for logistic result tables this refers to the log-odds coefficient.,Estimate units,Number,Empty cell means unavailable or not applicable; NA is a region label.
supplementary/results/primary_objective_associations.csv,ci_low,"Lower bound of the pointwise 95% confidence interval for the estimate. In logistic result files this bounds beta, not the odds ratio.",Estimate units,Number,Empty cell means unavailable or not applicable; NA is a region label.
supplementary/results/primary_objective_associations.csv,ci_high,"Upper bound of the pointwise 95% confidence interval for the estimate. In logistic result files this bounds beta, not the odds ratio.",Estimate units,Number,Empty cell means unavailable or not applicable; NA is a region label.
supplementary/results/primary_objective_associations.csv,odds_ratio,Exponential of the logistic coefficient for one SD of the stated predictor.,Odds ratio,Number,Empty cell means unavailable or not applicable; NA is a region label.
supplementary/results/primary_objective_associations.csv,or_low,Lower 95% confidence bound for the odds ratio.,Odds ratio,Number,Empty cell means unavailable or not applicable; NA is a region label.
supplementary/results/primary_objective_associations.csv,or_high,Upper 95% confidence bound for the odds ratio.,Odds ratio,Number,Empty cell means unavailable or not applicable; NA is a region label.
supplementary/results/primary_objective_associations.csv,p_value,Unadjusted P value. Scientific-notation strings are preserved; numeric zero can reflect floating-point underflow.,P value,Scientific-notation decimal text,Empty cell means unavailable or not applicable; NA is a region label.
supplementary/results/primary_objective_associations.csv,n_matches,Number of unique matches for the stated sample or group.,Unique matches,Number,Empty cell means unavailable or not applicable; NA is a region label.
supplementary/results/primary_objective_associations.csv,outcome,Outcome whose association is estimated.,Category,Text,Empty cell means unavailable or not applicable; NA is a region label.
supplementary/results/primary_objective_associations.csv,model,Regression family or holdout predictor set. M3 is the early-state baseline; M4 adds early maintenance.,Category,Text,Empty cell means unavailable or not applicable; NA is a region label.
supplementary/results/primary_objective_associations.csv,interval_method,Method used to calculate the uncertainty interval.,Text,Text,Empty cell means unavailable or not applicable; NA is a region label.
supplementary/results/primary_objective_associations.csv,region,"Region or original server code. NA/NA1 = North America, EUW/EUW1 = Western Europe, KR = Korea; All denotes pooled data.",Category,Text,Empty cell means unavailable or not applicable; NA is a region label.
supplementary/results/primary_objective_associations.csv,display_region,"Region label used in figures: NA, EUW or KR.",Category,Text,Empty cell means unavailable or not applicable; NA is a region label.
supplementary/results/objective_sensitivity.csv,predictor,Predictor whose coefficient is reported; a suffix _z denotes standardization.,Category,Text,Empty cell means unavailable or not applicable; NA is a region label.
supplementary/results/objective_sensitivity.csv,beta,"Regression coefficient on the log-odds scale for logistic models, or standardized outcome scale for linear models.",Model-dependent,Number,Empty cell means unavailable or not applicable; NA is a region label.
supplementary/results/objective_sensitivity.csv,se,Standard error of the estimate; for logistic result tables this refers to the log-odds coefficient.,Estimate units,Number,Empty cell means unavailable or not applicable; NA is a region label.
supplementary/results/objective_sensitivity.csv,ci_low,"Lower bound of the pointwise 95% confidence interval for the estimate. In logistic result files this bounds beta, not the odds ratio.",Estimate units,Number,Empty cell means unavailable or not applicable; NA is a region label.
supplementary/results/objective_sensitivity.csv,ci_high,"Upper bound of the pointwise 95% confidence interval for the estimate. In logistic result files this bounds beta, not the odds ratio.",Estimate units,Number,Empty cell means unavailable or not applicable; NA is a region label.
supplementary/results/objective_sensitivity.csv,odds_ratio,Exponential of the logistic coefficient for one SD of the stated predictor.,Odds ratio,Number,Empty cell means unavailable or not applicable; NA is a region label.
supplementary/results/objective_sensitivity.csv,or_low,Lower 95% confidence bound for the odds ratio.,Odds ratio,Number,Empty cell means unavailable or not applicable; NA is a region label.
supplementary/results/objective_sensitivity.csv,or_high,Upper 95% confidence bound for the odds ratio.,Odds ratio,Number,Empty cell means unavailable or not applicable; NA is a region label.
supplementary/results/objective_sensitivity.csv,p_value,Unadjusted P value. Scientific-notation strings are preserved; numeric zero can reflect floating-point underflow.,P value,Scientific-notation decimal text,Empty cell means unavailable or not applicable; NA is a region label.
supplementary/results/objective_sensitivity.csv,n_matches,Number of unique matches for the stated sample or group.,Unique matches,Number,Empty cell means unavailable or not applicable; NA is a region label.
supplementary/results/objective_sensitivity.csv,outcome,Outcome whose association is estimated.,Category,Text,Empty cell means unavailable or not applicable; NA is a region label.
supplementary/results/objective_sensitivity.csv,model,Regression family or holdout predictor set. M3 is the early-state baseline; M4 adds early maintenance.,Category,Text,Empty cell means unavailable or not applicable; NA is a region label.
supplementary/results/objective_sensitivity.csv,interval_method,Method used to calculate the uncertainty interval.,Text,Text,Empty cell means unavailable or not applicable; NA is a region label.
supplementary/results/objective_sensitivity.csv,specification,"Model, scoring or sample specification; see categories.csv.",Category,Text,Empty cell means unavailable or not applicable; NA is a region label.
supplementary/results/objective_sensitivity.csv,status,Estimation status recorded by the analysis.,Category,Text,Empty cell means unavailable or not applicable; NA is a region label.
supplementary/results/objective_sensitivity.csv,q_value_within_sensitivity_family,Benjamini–Hochberg adjusted P value within the stated sensitivity family.,Adjusted P value,Scientific-notation decimal text,Empty cell means unavailable or not applicable; NA is a region label.
supplementary/results/minute_sample_flow.csv,region,"Region or original server code. NA/NA1 = North America, EUW/EUW1 = Western Europe, KR = Korea; All denotes pooled data.",Category,Text,Empty cell means unavailable or not applicable; NA is a region label.
supplementary/results/minute_sample_flow.csv,full_matches,Full minute-analysis matches before common support selection.,Unique matches,Number,Empty cell means unavailable or not applicable; NA is a region label.
supplementary/results/minute_sample_flow.csv,common_reference_matches,Matches in the common tier-by-patch support.,Unique matches,Number,Empty cell means unavailable or not applicable; NA is a region label.
supplementary/results/minute_sample_flow.csv,excluded_from_common,Matches excluded by common support requirements.,Unique matches,Number,Empty cell means unavailable or not applicable; NA is a region label.
supplementary/results/minute_sample_flow.csv,disjoint_matches_before_cell_support,Participant-disjoint matches before common-cell selection.,Unique matches,Number,Empty cell means unavailable or not applicable; NA is a region label.
supplementary/results/minute_sample_flow.csv,disjoint_common_matches,Participant-disjoint matches retaining common-cell support.,Unique matches,Number,Empty cell means unavailable or not applicable; NA is a region label.
supplementary/results/minute_purchase_reversals.csv,region,"Region or original server code. NA/NA1 = North America, EUW/EUW1 = Western Europe, KR = Korea; All denotes pooled data.",Category,Text,Empty cell means unavailable or not applicable; NA is a region label.
supplementary/results/minute_purchase_reversals.csv,minute,Interval index: 1 denotes 0–1 min. Boundary events belong to the ending interval; the final interval uses actual cut-off duration.,Minute interval index,Number,Empty cell means unavailable or not applicable; NA is a region label.
supplementary/results/minute_purchase_reversals.csv,net_minus_gross,Control-ward purchase frequency after reversals minus gross-purchase frequency.,Events per team per minute,Number,Empty cell means unavailable or not applicable; NA is a region label.
supplementary/results/minute_purchase_reversals.csv,ci_low,"Lower bound of the pointwise 95% confidence interval for the estimate. In logistic result files this bounds beta, not the odds ratio.",Estimate units,Number,Empty cell means unavailable or not applicable; NA is a region label.
supplementary/results/minute_purchase_reversals.csv,ci_high,"Upper bound of the pointwise 95% confidence interval for the estimate. In logistic result files this bounds beta, not the odds ratio.",Estimate units,Number,Empty cell means unavailable or not applicable; NA is a region label.
supplementary/results/minute_disjoint_contrasts.csv,contrast,Directed comparison; A−B means the first group minus the second. Endpoint contrasts use Diamond−Iron.,Category,Text,Empty cell means unavailable or not applicable; NA is a region label.
supplementary/results/minute_disjoint_contrasts.csv,component,"Timeline maintenance component: valid_wards_placed, valid_ward_kills or control_ward_purchases.",Category,Text,Empty cell means unavailable or not applicable; NA is a region label.
supplementary/results/minute_disjoint_contrasts.csv,minute,Interval index: 1 denotes 0–1 min. Boundary events belong to the ending interval; the final interval uses actual cut-off duration.,Minute interval index,Number,Empty cell means unavailable or not applicable; NA is a region label.
supplementary/results/minute_disjoint_contrasts.csv,main_difference,Regional frequency contrast in the main common-support sample.,Events per team per minute,Number,Empty cell means unavailable or not applicable; NA is a region label.
supplementary/results/minute_disjoint_contrasts.csv,disjoint_difference,Regional frequency contrast in the participant-disjoint common-support sample.,Events per team per minute,Number,Empty cell means unavailable or not applicable; NA is a region label.
supplementary/results/minute_disjoint_contrasts.csv,disjoint_ci_low,Lower pointwise 95% confidence bound for the participant-disjoint contrast.,Events per team per minute,Number,Empty cell means unavailable or not applicable; NA is a region label.
supplementary/results/minute_disjoint_contrasts.csv,disjoint_ci_high,Upper pointwise 95% confidence bound for the participant-disjoint contrast.,Events per team per minute,Number,Empty cell means unavailable or not applicable; NA is a region label.
supplementary/results/minute_disjoint_contrasts.csv,same_direction,Whether main and participant-disjoint regional contrasts have the same sign.,Boolean,Text,Empty cell means unavailable or not applicable; NA is a region label.
supplementary/results/early_tier_contrasts.csv,contrast,Directed comparison; A−B means the first group minus the second. Endpoint contrasts use Diamond−Iron.,Category,Text,Empty cell means unavailable or not applicable; NA is a region label.
supplementary/results/early_tier_contrasts.csv,tier,Competitive tier recorded for focal-player sampling; not necessarily historical match-time rank.,Ordered category,Text,Empty cell means unavailable or not applicable; NA is a region label.
supplementary/results/early_tier_contrasts.csv,estimate,"Estimated mean, mean difference or coefficient described by the file and row labels.",File-specific,Number,Empty cell means unavailable or not applicable; NA is a region label.
supplementary/results/early_tier_contrasts.csv,ci_low,"Lower bound of the pointwise 95% confidence interval for the estimate. In logistic result files this bounds beta, not the odds ratio.",Estimate units,Number,Empty cell means unavailable or not applicable; NA is a region label.
supplementary/results/early_tier_contrasts.csv,ci_high,"Upper bound of the pointwise 95% confidence interval for the estimate. In logistic result files this bounds beta, not the odds ratio.",Estimate units,Number,Empty cell means unavailable or not applicable; NA is a region label.
supplementary/results/early_tier_reference_counts.csv,region,"Region or original server code. NA/NA1 = North America, EUW/EUW1 = Western Europe, KR = Korea; All denotes pooled data.",Category,Text,Empty cell means unavailable or not applicable; NA is a region label.
supplementary/results/early_tier_reference_counts.csv,tier,Competitive tier recorded for focal-player sampling; not necessarily historical match-time rank.,Ordered category,Text,Empty cell means unavailable or not applicable; NA is a region label.
supplementary/results/early_tier_reference_counts.csv,patch,"Game version; preserve as text, including 15.1 versus 15.10.",Version string,Text,Empty cell means unavailable or not applicable; NA is a region label.
supplementary/results/early_tier_reference_counts.csv,n_matches,Number of unique matches for the stated sample or group.,Unique matches,Number,Empty cell means unavailable or not applicable; NA is a region label.
supplementary/results/early_tier_reference_counts.csv,reference_weight,Common patch weight within sampling tier.,Weight,Number,Empty cell means unavailable or not applicable; NA is a region label.
supplementary/results/secondary_outcomes.csv,predictor,Predictor whose coefficient is reported; a suffix _z denotes standardization.,Category,Text,Empty cell means unavailable or not applicable; NA is a region label.
supplementary/results/secondary_outcomes.csv,beta,"Regression coefficient on the log-odds scale for logistic models, or standardized outcome scale for linear models.",Model-dependent,Number,Empty cell means unavailable or not applicable; NA is a region label.
supplementary/results/secondary_outcomes.csv,se,Standard error of the estimate; for logistic result tables this refers to the log-odds coefficient.,Estimate units,Number,Empty cell means unavailable or not applicable; NA is a region label.
supplementary/results/secondary_outcomes.csv,ci_low,"Lower bound of the pointwise 95% confidence interval for the estimate. In logistic result files this bounds beta, not the odds ratio.",Estimate units,Number,Empty cell means unavailable or not applicable; NA is a region label.
supplementary/results/secondary_outcomes.csv,ci_high,"Upper bound of the pointwise 95% confidence interval for the estimate. In logistic result files this bounds beta, not the odds ratio.",Estimate units,Number,Empty cell means unavailable or not applicable; NA is a region label.
supplementary/results/secondary_outcomes.csv,odds_ratio,Exponential of the logistic coefficient for one SD of the stated predictor.,Odds ratio,Number,Empty cell means unavailable or not applicable; NA is a region label.
supplementary/results/secondary_outcomes.csv,or_low,Lower 95% confidence bound for the odds ratio.,Odds ratio,Number,Empty cell means unavailable or not applicable; NA is a region label.
supplementary/results/secondary_outcomes.csv,or_high,Upper 95% confidence bound for the odds ratio.,Odds ratio,Number,Empty cell means unavailable or not applicable; NA is a region label.
supplementary/results/secondary_outcomes.csv,p_value,Unadjusted P value. Scientific-notation strings are preserved; numeric zero can reflect floating-point underflow.,P value,Scientific-notation decimal text,Empty cell means unavailable or not applicable; NA is a region label.
supplementary/results/secondary_outcomes.csv,n_matches,Number of unique matches for the stated sample or group.,Unique matches,Number,Empty cell means unavailable or not applicable; NA is a region label.
supplementary/results/secondary_outcomes.csv,outcome,Outcome whose association is estimated.,Category,Text,Empty cell means unavailable or not applicable; NA is a region label.
supplementary/results/secondary_outcomes.csv,model,Regression family or holdout predictor set. M3 is the early-state baseline; M4 adds early maintenance.,Category,Text,Empty cell means unavailable or not applicable; NA is a region label.
supplementary/results/secondary_outcomes.csv,interval_method,Method used to calculate the uncertainty interval.,Text,Text,Empty cell means unavailable or not applicable; NA is a region label.
supplementary/results/secondary_outcomes.csv,q_value_secondary_family,Benjamini–Hochberg adjusted P value within the secondary-outcome family.,Adjusted P value,Scientific-notation decimal text,Empty cell means unavailable or not applicable; NA is a region label.
supplementary/results/holdout_performance.csv,validation,"Focal-player, temporal, region or no-sampling-tier holdout scenario.",Category,Text,Empty cell means unavailable or not applicable; NA is a region label.
supplementary/results/holdout_performance.csv,model,Regression family or holdout predictor set. M3 is the early-state baseline; M4 adds early maintenance.,Category,Text,Empty cell means unavailable or not applicable; NA is a region label.
supplementary/results/holdout_performance.csv,n_train,Unique matches in the training set.,Unique matches,Number,Empty cell means unavailable or not applicable; NA is a region label.
supplementary/results/holdout_performance.csv,n_test,Unique matches in the test set.,Unique matches,Number,Empty cell means unavailable or not applicable; NA is a region label.
supplementary/results/holdout_performance.csv,auc,Area under the receiver operating characteristic curve.,AUC,Number,Empty cell means unavailable or not applicable; NA is a region label.
supplementary/results/holdout_performance.csv,log_loss,Mean negative log likelihood for the binary held-out outcome.,Natural-log loss,Number,Empty cell means unavailable or not applicable; NA is a region label.
supplementary/results/holdout_performance.csv,brier,Mean squared error of predicted binary-outcome probabilities.,Brier score,Number,Empty cell means unavailable or not applicable; NA is a region label.
supplementary/results/holdout_increments.csv,validation,"Focal-player, temporal, region or no-sampling-tier holdout scenario.",Category,Text,Empty cell means unavailable or not applicable; NA is a region label.
supplementary/results/holdout_increments.csv,metric,"Behavioural indicator key; see variables.csv. In validation gains this instead identifies AUC, log loss or Brier score.",Category,Text,Empty cell means unavailable or not applicable; NA is a region label.
supplementary/results/holdout_increments.csv,improvement,"Maintenance-augmented minus baseline AUC, or baseline minus augmented loss; positive values indicate improvement.",Metric-specific,Number,Empty cell means unavailable or not applicable; NA is a region label.
supplementary/results/holdout_increments.csv,ci_low,"Lower bound of the pointwise 95% confidence interval for the estimate. In logistic result files this bounds beta, not the odds ratio.",Estimate units,Number,Empty cell means unavailable or not applicable; NA is a region label.
supplementary/results/holdout_increments.csv,ci_high,"Upper bound of the pointwise 95% confidence interval for the estimate. In logistic result files this bounds beta, not the odds ratio.",Estimate units,Number,Empty cell means unavailable or not applicable; NA is a region label.
supplementary/results/holdout_increments.csv,n_test,Unique matches in the test set.,Unique matches,Number,Empty cell means unavailable or not applicable; NA is a region label.
supplementary/results/holdout_increments.csv,interval_method,Method used to calculate the uncertainty interval.,Text,Text,Empty cell means unavailable or not applicable; NA is a region label.
supplementary/results/participant_disjoint_composition.csv,region,"Region or original server code. NA/NA1 = North America, EUW/EUW1 = Western Europe, KR = Korea; All denotes pooled data.",Category,Text,Empty cell means unavailable or not applicable; NA is a region label.
supplementary/results/participant_disjoint_composition.csv,tier,Competitive tier recorded for focal-player sampling; not necessarily historical match-time rank.,Ordered category,Text,Empty cell means unavailable or not applicable; NA is a region label.
supplementary/results/participant_disjoint_composition.csv,n_matches,Number of unique matches for the stated sample or group.,Unique matches,Number,Empty cell means unavailable or not applicable; NA is a region label.
supplementary/results/participant_disjoint_composition.csv,mean_duration,Mean full-match duration.,Seconds,Number,Empty cell means unavailable or not applicable; NA is a region label.
supplementary/results/participant_disjoint_composition.csv,mean_maintenance_difference,Mean centered and standardized blue-minus-red early-maintenance difference.,Common SD,Number,Empty cell means unavailable or not applicable; NA is a region label.
supplementary/results/participant_disjoint_composition.csv,mean_absolute_gold_difference,Mean absolute blue-minus-red early gold difference.,Gold units,Number,Empty cell means unavailable or not applicable; NA is a region label.
supplementary/results/participant_disjoint_composition.csv,first_game,Earliest match timestamp in the aggregate.,UTC timestamp,Text,Empty cell means unavailable or not applicable; NA is a region label.
supplementary/results/participant_disjoint_composition.csv,last_game,Latest match timestamp in the aggregate.,UTC timestamp,Text,Empty cell means unavailable or not applicable; NA is a region label.
supplementary/results/participant_disjoint_composition.csv,sample,Full sample or participant-disjoint sample.,Category,Text,Empty cell means unavailable or not applicable; NA is a region label.
supplementary/results/participant_disjoint_composition.csv,sample_fraction,Share of a sample in the given region-by-tier stratum.,Fraction,Number,Empty cell means unavailable or not applicable; NA is a region label.
supplementary/results/timeline_flow_by_tier.csv,region,"Region or original server code. NA/NA1 = North America, EUW/EUW1 = Western Europe, KR = Korea; All denotes pooled data.",Category,Text,Empty cell means unavailable or not applicable; NA is a region label.
supplementary/results/timeline_flow_by_tier.csv,tier,Competitive tier recorded for focal-player sampling; not necessarily historical match-time rank.,Ordered category,Text,Empty cell means unavailable or not applicable; NA is a region label.
supplementary/results/timeline_flow_by_tier.csv,canonical,Unique matches in the fixed canonical sample for the stratum.,Unique matches,Number,Empty cell means unavailable or not applicable; NA is a region label.
supplementary/results/timeline_flow_by_tier.csv,downloaded,Fixed-sample matches with downloaded timeline payloads.,Unique matches,Number,Empty cell means unavailable or not applicable; NA is a region label.
supplementary/results/timeline_flow_by_tier.csv,identity_verified,Matches whose payload identity matches the fixed-sample record.,Unique matches,Number,Empty cell means unavailable or not applicable; NA is a region label.
supplementary/results/timeline_flow_by_tier.csv,parsed,Matches whose timeline payload was parsed.,Unique matches,Number,Empty cell means unavailable or not applicable; NA is a region label.
supplementary/results/timeline_flow_by_tier.csv,valid_window,Matches passing the time-window validity checks.,Unique matches,Number,Empty cell means unavailable or not applicable; NA is a region label.
supplementary/results/timeline_flow_by_tier.csv,eligible,Matches eligible for the stated timeline analysis.,Unique matches,Number,Empty cell means unavailable or not applicable; NA is a region label.
supplementary/results/timeline_flow_by_tier.csv,usable_primary_outcome,Eligible matches with a determined primary objective outcome.,Unique matches,Number,Empty cell means unavailable or not applicable; NA is a region label.
supplementary/results/timeline_flow_by_patch.csv,region,"Region or original server code. NA/NA1 = North America, EUW/EUW1 = Western Europe, KR = Korea; All denotes pooled data.",Category,Text,Empty cell means unavailable or not applicable; NA is a region label.
supplementary/results/timeline_flow_by_patch.csv,patch,"Game version; preserve as text, including 15.1 versus 15.10.",Version string,Text,Empty cell means unavailable or not applicable; NA is a region label.
supplementary/results/timeline_flow_by_patch.csv,canonical,Unique matches in the fixed canonical sample for the stratum.,Unique matches,Number,Empty cell means unavailable or not applicable; NA is a region label.
supplementary/results/timeline_flow_by_patch.csv,downloaded,Fixed-sample matches with downloaded timeline payloads.,Unique matches,Number,Empty cell means unavailable or not applicable; NA is a region label.
supplementary/results/timeline_flow_by_patch.csv,identity_verified,Matches whose payload identity matches the fixed-sample record.,Unique matches,Number,Empty cell means unavailable or not applicable; NA is a region label.
supplementary/results/timeline_flow_by_patch.csv,parsed,Matches whose timeline payload was parsed.,Unique matches,Number,Empty cell means unavailable or not applicable; NA is a region label.
supplementary/results/timeline_flow_by_patch.csv,valid_window,Matches passing the time-window validity checks.,Unique matches,Number,Empty cell means unavailable or not applicable; NA is a region label.
supplementary/results/timeline_flow_by_patch.csv,eligible,Matches eligible for the stated timeline analysis.,Unique matches,Number,Empty cell means unavailable or not applicable; NA is a region label.
supplementary/results/timeline_flow_by_patch.csv,usable_primary_outcome,Eligible matches with a determined primary objective outcome.,Unique matches,Number,Empty cell means unavailable or not applicable; NA is a region label.
supplementary/results/match_chronology.csv,region,"Region or original server code. NA/NA1 = North America, EUW/EUW1 = Western Europe, KR = Korea; All denotes pooled data.",Category,Text,Empty cell means unavailable or not applicable; NA is a region label.
supplementary/results/match_chronology.csv,patch,"Game version; preserve as text, including 15.1 versus 15.10.",Version string,Text,Empty cell means unavailable or not applicable; NA is a region label.
supplementary/results/match_chronology.csv,n_unique_matches,Distinct matches in this aggregate.,Unique matches,Number,Empty cell means unavailable or not applicable; NA is a region label.
supplementary/results/match_chronology.csv,n_dates_available,Records with an available match date; the row unit is stated in the file manifest.,Records,Number,Empty cell means unavailable or not applicable; NA is a region label.
supplementary/results/match_chronology.csv,first_match_utc,Earliest available actual match timestamp.,UTC timestamp,Text,Empty cell means unavailable or not applicable; NA is a region label.
supplementary/results/match_chronology.csv,last_match_utc,Latest available actual match timestamp.,UTC timestamp,Text,Empty cell means unavailable or not applicable; NA is a region label.
supplementary/results/match_chronology.csv,queue_420,Matches with ranked solo/duo queue identifier 420.,Unique matches,Number,Empty cell means unavailable or not applicable; NA is a region label.
supplementary/results/match_chronology.csv,queue_other,Matches with another queue identifier.,Unique matches,Number,Empty cell means unavailable or not applicable; NA is a region label.
supplementary/results/match_date_offsets.csv,region,"Region or original server code. NA/NA1 = North America, EUW/EUW1 = Western Europe, KR = Korea; All denotes pooled data.",Category,Text,Empty cell means unavailable or not applicable; NA is a region label.
supplementary/results/match_date_offsets.csv,n_player_match_records,Focal player–match records in the date-offset analysis.,Player–match records,Number,Empty cell means unavailable or not applicable; NA is a region label.
supplementary/results/match_date_offsets.csv,n_dates_available,Records with an available match date; the row unit is stated in the file manifest.,Records,Number,Empty cell means unavailable or not applicable; NA is a region label.
supplementary/results/match_date_offsets.csv,min_days,min of signed match-date minus player-record-creation-date offsets.,Days,Number,Empty cell means unavailable or not applicable; NA is a region label.
supplementary/results/match_date_offsets.csv,p05_days,p05 of signed match-date minus player-record-creation-date offsets.,Days,Number,Empty cell means unavailable or not applicable; NA is a region label.
supplementary/results/match_date_offsets.csv,p25_days,p25 of signed match-date minus player-record-creation-date offsets.,Days,Number,Empty cell means unavailable or not applicable; NA is a region label.
supplementary/results/match_date_offsets.csv,median_days,median of signed match-date minus player-record-creation-date offsets.,Days,Number,Empty cell means unavailable or not applicable; NA is a region label.
supplementary/results/match_date_offsets.csv,p75_days,p75 of signed match-date minus player-record-creation-date offsets.,Days,Number,Empty cell means unavailable or not applicable; NA is a region label.
supplementary/results/match_date_offsets.csv,p95_days,p95 of signed match-date minus player-record-creation-date offsets.,Days,Number,Empty cell means unavailable or not applicable; NA is a region label.
supplementary/results/match_date_offsets.csv,max_days,max of signed match-date minus player-record-creation-date offsets.,Days,Number,Empty cell means unavailable or not applicable; NA is a region label.
supplementary/results/match_date_offsets.csv,matches_before_record_date,Records whose match precedes player-record creation.,Player–match records,Number,Empty cell means unavailable or not applicable; NA is a region label.
supplementary/results/match_date_offsets.csv,matches_same_record_date,Records on the player-record creation date.,Player–match records,Number,Empty cell means unavailable or not applicable; NA is a region label.
supplementary/results/match_date_offsets.csv,matches_after_record_date,Records whose match follows player-record creation.,Player–match records,Number,Empty cell means unavailable or not applicable; NA is a region label.
supplementary/results/signal_field_availability.csv,region,"Region or original server code. NA/NA1 = North America, EUW/EUW1 = Western Europe, KR = Korea; All denotes pooled data.",Category,Text,Empty cell means unavailable or not applicable; NA is a region label.
supplementary/results/signal_field_availability.csv,patch,"Game version; preserve as text, including 15.1 versus 15.10.",Version string,Text,Empty cell means unavailable or not applicable; NA is a region label.
supplementary/results/signal_field_availability.csv,field,API ping-count field name.,Category,Text,Empty cell means unavailable or not applicable; NA is a region label.
supplementary/results/signal_field_availability.csv,n_participants,"Audited participant records, not distinct people.",Participant records,Number,Empty cell means unavailable or not applicable; NA is a region label.
supplementary/results/signal_field_availability.csv,field_absent,Audited participant records where the field is absent.,Participant records,Number,Empty cell means unavailable or not applicable; NA is a region label.
supplementary/results/signal_field_availability.csv,null_value,Audited participant records with an explicit null field.,Participant records,Number,Empty cell means unavailable or not applicable; NA is a region label.
supplementary/results/signal_field_availability.csv,invalid_value,Audited participant records with invalid field values.,Participant records,Number,Empty cell means unavailable or not applicable; NA is a region label.
supplementary/results/signal_field_availability.csv,observed_zero,Audited participant records containing a recorded zero for the field.,Participant records,Number,Empty cell means unavailable or not applicable; NA is a region label.
supplementary/results/context_interaction_sensitivity.csv,specification,"Model, scoring or sample specification; see categories.csv.",Category,Text,Empty cell means unavailable or not applicable; NA is a region label.
supplementary/results/context_interaction_sensitivity.csv,signal_score,Signalling construction: functional_groups or equal_nine_pings.,Category,Text,Empty cell means unavailable or not applicable; NA is a region label.
supplementary/results/context_interaction_sensitivity.csv,contrast,Directed comparison; A−B means the first group minus the second. Endpoint contrasts use Diamond−Iron.,Category,Text,Empty cell means unavailable or not applicable; NA is a region label.
supplementary/results/context_interaction_sensitivity.csv,measure,"Process, overall score or individual indicator being summarized.",Category,Text,Empty cell means unavailable or not applicable; NA is a region label.
supplementary/results/context_interaction_sensitivity.csv,estimate,"Estimated mean, mean difference or coefficient described by the file and row labels.",File-specific,Number,Empty cell means unavailable or not applicable; NA is a region label.
supplementary/results/context_interaction_sensitivity.csv,ci_low,"Lower bound of the pointwise 95% confidence interval for the estimate. In logistic result files this bounds beta, not the odds ratio.",Estimate units,Number,Empty cell means unavailable or not applicable; NA is a region label.
supplementary/results/context_interaction_sensitivity.csv,ci_high,"Upper bound of the pointwise 95% confidence interval for the estimate. In logistic result files this bounds beta, not the odds ratio.",Estimate units,Number,Empty cell means unavailable or not applicable; NA is a region label.
supplementary/results/context_interaction_sensitivity.csv,bootstrap_sd,SD of estimates across the joint first-order bootstrap replicates.,Score units,Number,Empty cell means unavailable or not applicable; NA is a region label.
supplementary/results/context_interaction_sensitivity.csv,n_records,Number of focal player–match records.,Player–match records,Number,Empty cell means unavailable or not applicable; NA is a region label.
supplementary/results/context_interaction_sensitivity.csv,n_players,Number of focal players contributing to the stated group or model.,Players,Number,Empty cell means unavailable or not applicable; NA is a region label.
supplementary/results/equal_ping_tier_endpoints.csv,score,"Score coordinate, or named scoring rule in the alternative-weighting analysis.",Score units or category,Text,Empty cell means unavailable or not applicable; NA is a region label.
supplementary/results/equal_ping_tier_endpoints.csv,contrast,Directed comparison; A−B means the first group minus the second. Endpoint contrasts use Diamond−Iron.,Category,Text,Empty cell means unavailable or not applicable; NA is a region label.
supplementary/results/equal_ping_tier_endpoints.csv,estimate,"Estimated mean, mean difference or coefficient described by the file and row labels.",File-specific,Number,Empty cell means unavailable or not applicable; NA is a region label.
supplementary/results/equal_ping_tier_endpoints.csv,ci_low,"Lower bound of the pointwise 95% confidence interval for the estimate. In logistic result files this bounds beta, not the odds ratio.",Estimate units,Number,Empty cell means unavailable or not applicable; NA is a region label.
supplementary/results/equal_ping_tier_endpoints.csv,ci_high,"Upper bound of the pointwise 95% confidence interval for the estimate. In logistic result files this bounds beta, not the odds ratio.",Estimate units,Number,Empty cell means unavailable or not applicable; NA is a region label.
supplementary/results/proximate_sample_contrasts.csv,type,"Contrast or analysis type, such as tier endpoint, adjacent-tier or local change.",Category,Text,Empty cell means unavailable or not applicable; NA is a region label.
supplementary/results/proximate_sample_contrasts.csv,contrast,Directed comparison; A−B means the first group minus the second. Endpoint contrasts use Diamond−Iron.,Category,Text,Empty cell means unavailable or not applicable; NA is a region label.
supplementary/results/proximate_sample_contrasts.csv,measure,"Process, overall score or individual indicator being summarized.",Category,Text,Empty cell means unavailable or not applicable; NA is a region label.
supplementary/results/proximate_sample_contrasts.csv,estimate,"Estimated mean, mean difference or coefficient described by the file and row labels.",File-specific,Number,Empty cell means unavailable or not applicable; NA is a region label.
supplementary/results/proximate_sample_contrasts.csv,ci_low,"Lower bound of the pointwise 95% confidence interval for the estimate. In logistic result files this bounds beta, not the odds ratio.",Estimate units,Number,Empty cell means unavailable or not applicable; NA is a region label.
supplementary/results/proximate_sample_contrasts.csv,ci_high,"Upper bound of the pointwise 95% confidence interval for the estimate. In logistic result files this bounds beta, not the odds ratio.",Estimate units,Number,Empty cell means unavailable or not applicable; NA is a region label.
supplementary/results/proximate_sample_counts.csv,region,"Region or original server code. NA/NA1 = North America, EUW/EUW1 = Western Europe, KR = Korea; All denotes pooled data.",Category,Text,Empty cell means unavailable or not applicable; NA is a region label.
supplementary/results/proximate_sample_counts.csv,tier,Competitive tier recorded for focal-player sampling; not necessarily historical match-time rank.,Ordered category,Text,Empty cell means unavailable or not applicable; NA is a region label.
supplementary/results/proximate_sample_counts.csv,n_records,Number of focal player–match records.,Player–match records,Number,Empty cell means unavailable or not applicable; NA is a region label.
supplementary/results/proximate_sample_counts.csv,n_players,Number of focal players contributing to the stated group or model.,Players,Number,Empty cell means unavailable or not applicable; NA is a region label.
supplementary/results/proximate_sample_counts.csv,n_matches,Number of unique matches for the stated sample or group.,Unique matches,Number,Empty cell means unavailable or not applicable; NA is a region label.
supplementary/results/objective_types_and_timing.csv,region,"Region or original server code. NA/NA1 = North America, EUW/EUW1 = Western Europe, KR = Korea; All denotes pooled data.",Category,Text,Empty cell means unavailable or not applicable; NA is a region label.
supplementary/results/objective_types_and_timing.csv,objective,Neutral-objective event type.,Category,Text,Empty cell means unavailable or not applicable; NA is a region label.
supplementary/results/objective_types_and_timing.csv,n_matches,Number of unique matches for the stated sample or group.,Unique matches,Number,Empty cell means unavailable or not applicable; NA is a region label.
supplementary/results/objective_types_and_timing.csv,percent,Objective-type share within the stated region or pooled sample.,Percentage,Number,Empty cell means unavailable or not applicable; NA is a region label.
supplementary/results/objective_types_and_timing.csv,lag_p05,"Waiting time from the actual cut-off to the first subsequent objective, p05.",Seconds,Number,Empty cell means unavailable or not applicable; NA is a region label.
supplementary/results/objective_types_and_timing.csv,lag_p25,"Waiting time from the actual cut-off to the first subsequent objective, p25.",Seconds,Number,Empty cell means unavailable or not applicable; NA is a region label.
supplementary/results/objective_types_and_timing.csv,lag_median,"Waiting time from the actual cut-off to the first subsequent objective, median.",Seconds,Number,Empty cell means unavailable or not applicable; NA is a region label.
supplementary/results/objective_types_and_timing.csv,lag_p75,"Waiting time from the actual cut-off to the first subsequent objective, p75.",Seconds,Number,Empty cell means unavailable or not applicable; NA is a region label.
supplementary/results/objective_types_and_timing.csv,lag_p95,"Waiting time from the actual cut-off to the first subsequent objective, p95.",Seconds,Number,Empty cell means unavailable or not applicable; NA is a region label.
supplementary/results/objective_types_and_timing.csv,within_60_seconds,Matches whose first post-window objective occurred within 60 seconds.,Unique matches,Number,Empty cell means unavailable or not applicable; NA is a region label.
supplementary/results/delayed_objective_associations.csv,specification,"Model, scoring or sample specification; see categories.csv.",Category,Text,Empty cell means unavailable or not applicable; NA is a region label.
supplementary/results/delayed_objective_associations.csv,region,"Region or original server code. NA/NA1 = North America, EUW/EUW1 = Western Europe, KR = Korea; All denotes pooled data.",Category,Text,Empty cell means unavailable or not applicable; NA is a region label.
supplementary/results/delayed_objective_associations.csv,n_matches,Number of unique matches for the stated sample or group.,Unique matches,Number,Empty cell means unavailable or not applicable; NA is a region label.
supplementary/results/delayed_objective_associations.csv,beta,"Regression coefficient on the log-odds scale for logistic models, or standardized outcome scale for linear models.",Model-dependent,Number,Empty cell means unavailable or not applicable; NA is a region label.
supplementary/results/delayed_objective_associations.csv,robust_se,Match-level HC0 standard error of the log-odds coefficient.,Log odds,Number,Empty cell means unavailable or not applicable; NA is a region label.
supplementary/results/delayed_objective_associations.csv,odds_ratio,Exponential of the logistic coefficient for one SD of the stated predictor.,Odds ratio,Number,Empty cell means unavailable or not applicable; NA is a region label.
supplementary/results/delayed_objective_associations.csv,or_low,Lower 95% confidence bound for the odds ratio.,Odds ratio,Number,Empty cell means unavailable or not applicable; NA is a region label.
supplementary/results/delayed_objective_associations.csv,or_high,Upper 95% confidence bound for the odds ratio.,Odds ratio,Number,Empty cell means unavailable or not applicable; NA is a region label.
supplementary/results/delayed_objective_associations.csv,p_value,Unadjusted P value. Scientific-notation strings are preserved; numeric zero can reflect floating-point underflow.,P value,Scientific-notation decimal text,Empty cell means unavailable or not applicable; NA is a region label.
supplementary/results/bootstrap_regional_comparison.csv,contrast,Directed comparison; A−B means the first group minus the second. Endpoint contrasts use Diamond−Iron.,Category,Text,Empty cell means unavailable or not applicable; NA is a region label.
supplementary/results/bootstrap_regional_comparison.csv,measure,"Process, overall score or individual indicator being summarized.",Category,Text,Empty cell means unavailable or not applicable; NA is a region label.
supplementary/results/bootstrap_regional_comparison.csv,estimate,"Estimated mean, mean difference or coefficient described by the file and row labels.",File-specific,Number,Empty cell means unavailable or not applicable; NA is a region label.
supplementary/results/bootstrap_regional_comparison.csv,one_step_sd,SD of estimates across first-order bootstrap updates.,Coefficient units,Number,Empty cell means unavailable or not applicable; NA is a region label.
supplementary/results/bootstrap_regional_comparison.csv,full_refit_sd,SD of estimates across full-refit bootstrap replicates using the same weights.,Coefficient units,Number,Empty cell means unavailable or not applicable; NA is a region label.
supplementary/results/bootstrap_regional_comparison.csv,sd_ratio,First-order bootstrap SD divided by full-refit bootstrap SD.,Ratio,Number,Empty cell means unavailable or not applicable; NA is a region label.
supplementary/results/bootstrap_regional_comparison.csv,one_step_low,2.5th percentile of the paired first-order bootstrap estimates.,Coefficient units,Number,Empty cell means unavailable or not applicable; NA is a region label.
supplementary/results/bootstrap_regional_comparison.csv,one_step_high,97.5th percentile of the paired first-order bootstrap estimates.,Coefficient units,Number,Empty cell means unavailable or not applicable; NA is a region label.
supplementary/results/bootstrap_regional_comparison.csv,full_refit_low,2.5th percentile of the paired full-refit bootstrap estimates.,Coefficient units,Number,Empty cell means unavailable or not applicable; NA is a region label.
supplementary/results/bootstrap_regional_comparison.csv,full_refit_high,97.5th percentile of the paired full-refit bootstrap estimates.,Coefficient units,Number,Empty cell means unavailable or not applicable; NA is a region label.
supplementary/results/bootstrap_regional_comparison.csv,paired_rmse,Root mean squared difference between paired first-order and full-refit estimates.,Coefficient units,Number,Empty cell means unavailable or not applicable; NA is a region label.
supplementary/results/bootstrap_regional_comparison.csv,paired_correlation,Correlation between paired first-order and full-refit estimates.,Correlation,Number,Empty cell means unavailable or not applicable; NA is a region label.
supplementary/results/bootstrap_regional_comparison.csv,n_records,Number of focal player–match records.,Player–match records,Number,Empty cell means unavailable or not applicable; NA is a region label.
supplementary/results/bootstrap_regional_comparison.csv,n_players,Number of focal players contributing to the stated group or model.,Players,Number,Empty cell means unavailable or not applicable; NA is a region label.
supplementary/results/bootstrap_regional_comparison.csv,replicates,Number of paired bootstrap replicates.,Replicates,Number,Empty cell means unavailable or not applicable; NA is a region label.
supplementary/results/bootstrap_objective_comparison.csv,estimate,"Estimated mean, mean difference or coefficient described by the file and row labels.",File-specific,Number,Empty cell means unavailable or not applicable; NA is a region label.
supplementary/results/bootstrap_objective_comparison.csv,one_step_sd,SD of estimates across first-order bootstrap updates.,Coefficient units,Number,Empty cell means unavailable or not applicable; NA is a region label.
supplementary/results/bootstrap_objective_comparison.csv,full_refit_sd,SD of estimates across full-refit bootstrap replicates using the same weights.,Coefficient units,Number,Empty cell means unavailable or not applicable; NA is a region label.
supplementary/results/bootstrap_objective_comparison.csv,sd_ratio,First-order bootstrap SD divided by full-refit bootstrap SD.,Ratio,Number,Empty cell means unavailable or not applicable; NA is a region label.
supplementary/results/bootstrap_objective_comparison.csv,one_step_low,2.5th percentile of the paired first-order bootstrap estimates.,Coefficient units,Number,Empty cell means unavailable or not applicable; NA is a region label.
supplementary/results/bootstrap_objective_comparison.csv,one_step_high,97.5th percentile of the paired first-order bootstrap estimates.,Coefficient units,Number,Empty cell means unavailable or not applicable; NA is a region label.
supplementary/results/bootstrap_objective_comparison.csv,full_refit_low,2.5th percentile of the paired full-refit bootstrap estimates.,Coefficient units,Number,Empty cell means unavailable or not applicable; NA is a region label.
supplementary/results/bootstrap_objective_comparison.csv,full_refit_high,97.5th percentile of the paired full-refit bootstrap estimates.,Coefficient units,Number,Empty cell means unavailable or not applicable; NA is a region label.
supplementary/results/bootstrap_objective_comparison.csv,paired_rmse,Root mean squared difference between paired first-order and full-refit estimates.,Coefficient units,Number,Empty cell means unavailable or not applicable; NA is a region label.
supplementary/results/bootstrap_objective_comparison.csv,paired_correlation,Correlation between paired first-order and full-refit estimates.,Correlation,Number,Empty cell means unavailable or not applicable; NA is a region label.
supplementary/results/bootstrap_objective_comparison.csv,n_matches,Number of unique matches for the stated sample or group.,Unique matches,Number,Empty cell means unavailable or not applicable; NA is a region label.
supplementary/results/bootstrap_objective_comparison.csv,replicates,Number of paired bootstrap replicates.,Replicates,Number,Empty cell means unavailable or not applicable; NA is a region label.
supplementary/results/bootstrap_objective_comparison.csv,max_score_error,Maximum numerical score-equation discrepancy recorded in the bootstrap comparison.,Numerical diagnostic,Number,Empty cell means unavailable or not applicable; NA is a region label.
