region,measure,score,count,density,bandwidth,bin_width
NA,overall,-1.4462185987306073,1,0.001192308381903407,0.05591942132945575,0.0030195053268233796
NA,overall,-1.443199093403784,0,0.001257065114488278,0.05591942132945575,0.0030195053268233796
NA,overall,-1.4401795880769606,0,0.0013226799048334235,0.05591942132945575,0.0030195053268233796
NA,overall,-1.437160082750137,0,0.0013891096035731929,0.05591942132945575,0.0030195053268233796
NA,overall,-1.4341405774233134,0,0.0014559352385623133,0.05591942132945575,0.0030195053268233796
NA,overall,-1.43112107209649,0,0.0015228556703178635,0.05591942132945575,0.0030195053268233796
NA,overall,-1.4281015667696666,0,0.0015897789032933987,0.05591942132945575,0.0030195053268233796
NA,overall,-1.425082061442843,0,0.0016563550012076672,0.05591942132945575,0.0030195053268233796
NA,overall,-1.4220625561160196,0,0.001722555104738866,0.05591942132945575,0.0030195053268233796
NA,overall,-1.4190430507891962,0,0.0017878246798723046,0.05591942132945575,0.0030195053268233796
NA,overall,-1.4160235454623726,0,0.001852118731340214,0.05591942132945575,0.0030195053268233796
NA,overall,-1.413004040135549,0,0.001915099705603816,0.05591942132945575,0.0030195053268233796
NA,overall,-1.4099845348087257,1,0.0019768215975163985,0.05591942132945575,0.0030195053268233796
NA,overall,-1.4069650294819023,0,0.00203666557344924,0.05591942132945575,0.0030195053268233796
NA,overall,-1.4039455241550787,0,0.0020947424827144523,0.05591942132945575,0.0030195053268233796
NA,overall,-1.4009260188282553,1,0.002150734949389335,0.05591942132945575,0.0030195053268233796
NA,overall,-1.397906513501432,0,0.0022044873065090384,0.05591942132945575,0.0030195053268233796
NA,overall,-1.3948870081746083,0,0.0022559839746726785,0.05591942132945575,0.0030195053268233796
NA,overall,-1.3918675028477847,1,0.002305321263537786,0.05591942132945575,0.0030195053268233796
NA,overall,-1.3888479975209613,1,0.002352149469388311,0.05591942132945575,0.0030195053268233796
NA,overall,-1.385828492194138,1,0.00239642905691495,0.05591942132945575,0.0030195053268233796
NA,overall,-1.3828089868673143,0,0.0024383255388533633,0.05591942132945575,0.0030195053268233796
NA,overall,-1.379789481540491,1,0.002478077457107438,0.05591942132945575,0.0030195053268233796
NA,overall,-1.3767699762136676,1,0.002515367745168003,0.05591942132945575,0.0030195053268233796
NA,overall,-1.373750470886844,0,0.0025506301401424006,0.05591942132945575,0.0030195053268233796
NA,overall,-1.3707309655600204,0,0.002583714225950452,0.05591942132945575,0.0030195053268233796
NA,overall,-1.367711460233197,0,0.0026150677652339873,0.05591942132945575,0.0030195053268233796
NA,overall,-1.3646919549063736,2,0.0026450595909250684,0.05591942132945575,0.0030195053268233796
NA,overall,-1.36167244957955,1,0.0026736018662573183,0.05591942132945575,0.0030195053268233796
NA,overall,-1.3586529442527266,1,0.0027013049228193455,0.05591942132945575,0.0030195053268233796
NA,overall,-1.3556334389259033,0,0.002728534230299824,0.05591942132945575,0.0030195053268233796
NA,overall,-1.3526139335990797,0,0.0027554565119863985,0.05591942132945575,0.0030195053268233796
NA,overall,-1.349594428272256,0,0.0027825038220180903,0.05591942132945575,0.0030195053268233796
NA,overall,-1.3465749229454327,0,0.002810138642614248,0.05591942132945575,0.0030195053268233796
NA,overall,-1.3435554176186093,0,0.0028387943212994757,0.05591942132945575,0.0030195053268233796
NA,overall,-1.3405359122917857,2,0.002869033692867527,0.05591942132945575,0.0030195053268233796
NA,overall,-1.337516406964962,0,0.0029011670551335393,0.05591942132945575,0.0030195053268233796
NA,overall,-1.334496901638139,0,0.0029356484647680174,0.05591942132945575,0.0030195053268233796
NA,overall,-1.3314773963113153,0,0.0029731630972764994,0.05591942132945575,0.0030195053268233796
NA,overall,-1.3284578909844917,0,0.0030138667444169717,0.05591942132945575,0.0030195053268233796
NA,overall,-1.3254383856576684,0,0.003058413934919072,0.05591942132945575,0.0030195053268233796
NA,overall,-1.322418880330845,0,0.003107322618882761,0.05591942132945575,0.0030195053268233796
NA,overall,-1.3193993750040214,0,0.0031608235983881156,0.05591942132945575,0.0030195053268233796
NA,overall,-1.316379869677198,0,0.003219486773513187,0.05591942132945575,0.0030195053268233796
NA,overall,-1.3133603643503746,0,0.003283492554459422,0.05591942132945575,0.0030195053268233796
NA,overall,-1.310340859023551,0,0.0033534673123713898,0.05591942132945575,0.0030195053268233796
NA,overall,-1.3073213536967274,1,0.003429724530166269,0.05591942132945575,0.0030195053268233796
NA,overall,-1.304301848369904,0,0.003512598567498072,0.05591942132945575,0.0030195053268233796
NA,overall,-1.3012823430430807,0,0.0036023385676028866,0.05591942132945575,0.0030195053268233796
NA,overall,-1.298262837716257,0,0.0036992673660666713,0.05591942132945575,0.0030195053268233796
NA,overall,-1.2952433323894335,0,0.0038034577606555174,0.05591942132945575,0.0030195053268233796
NA,overall,-1.29222382706261,1,0.003915200865722733,0.05591942132945575,0.0030195053268233796
NA,overall,-1.2892043217357867,1,0.0040347185787925335,0.05591942132945575,0.0030195053268233796
NA,overall,-1.286184816408963,0,0.004161922690804339,0.05591942132945575,0.0030195053268233796
NA,overall,-1.2831653110821397,0,0.004297217919971416,0.05591942132945575,0.0030195053268233796
NA,overall,-1.2801458057553163,0,0.00444047001627409,0.05591942132945575,0.0030195053268233796
NA,overall,-1.2771263004284927,0,0.0045916956074140685,0.05591942132945575,0.0030195053268233796
NA,overall,-1.2741067951016691,1,0.004751049717293502,0.05591942132945575,0.0030195053268233796
NA,overall,-1.2710872897748458,1,0.0049183460619733775,0.05591942132945575,0.0030195053268233796
NA,overall,-1.2680677844480224,0,0.005093678875773961,0.05591942132945575,0.0030195053268233796
NA,overall,-1.2650482791211988,0,0.005276861603606244,0.05591942132945575,0.0030195053268233796
NA,overall,-1.2620287737943754,1,0.005467657241077725,0.05591942132945575,0.0030195053268233796
NA,overall,-1.259009268467552,1,0.005666180390041065,0.05591942132945575,0.0030195053268233796
NA,overall,-1.2559897631407284,0,0.00587188860424779,0.05591942132945575,0.0030195053268233796
NA,overall,-1.2529702578139048,1,0.006084880655484133,0.05591942132945575,0.0030195053268233796
NA,overall,-1.2499507524870814,0,0.0063047836527545574,0.05591942132945575,0.0030195053268233796
NA,overall,-1.246931247160258,0,0.006531341565473868,0.05591942132945575,0.0030195053268233796
NA,overall,-1.2439117418334344,0,0.006764798098181015,0.05591942132945575,0.0030195053268233796
NA,overall,-1.240892236506611,0,0.0070043419549041495,0.05591942132945575,0.0030195053268233796
NA,overall,-1.2378727311797877,2,0.007249828780782218,0.05591942132945575,0.0030195053268233796
NA,overall,-1.234853225852964,0,0.0075009049572261335,0.05591942132945575,0.0030195053268233796
NA,overall,-1.2318337205261405,3,0.007757193935371897,0.05591942132945575,0.0030195053268233796
NA,overall,-1.228814215199317,2,0.00801864334255119,0.05591942132945575,0.0030195053268233796
NA,overall,-1.2257947098724937,1,0.008284505942313529,0.05591942132945575,0.0030195053268233796
NA,overall,-1.2227752045456701,1,0.008554972729258807,0.05591942132945575,0.0030195053268233796
NA,overall,-1.2197556992188467,0,0.008829327274400741,0.05591942132945575,0.0030195053268233796
NA,overall,-1.2167361938920234,0,0.009107327297529416,0.05591942132945575,0.0030195053268233796
NA,overall,-1.2137166885651998,3,0.009388744885089083,0.05591942132945575,0.0030195053268233796
NA,overall,-1.2106971832383762,2,0.009673280255245671,0.05591942132945575,0.0030195053268233796
NA,overall,-1.2076776779115528,0,0.009960878933796073,0.05591942132945575,0.0030195053268233796
NA,overall,-1.2046581725847294,1,0.010250747577679737,0.05591942132945575,0.0030195053268233796
NA,overall,-1.2016386672579058,0,0.010543204214272751,0.05591942132945575,0.0030195053268233796
NA,overall,-1.1986191619310824,3,0.010837858519399023,0.05591942132945575,0.0030195053268233796
NA,overall,-1.195599656604259,0,0.011134191564462449,0.05591942132945575,0.0030195053268233796
NA,overall,-1.1925801512774354,1,0.011431986237231144,0.05591942132945575,0.0030195053268233796
NA,overall,-1.1895606459506118,0,0.011731338872821627,0.05591942132945575,0.0030195053268233796
NA,overall,-1.1865411406237885,4,0.012032034344688034,0.05591942132945575,0.0030195053268233796
NA,overall,-1.183521635296965,0,0.012334229757932733,0.05591942132945575,0.0030195053268233796
NA,overall,-1.1805021299701415,2,0.012637758993513411,0.05591942132945575,0.0030195053268233796
NA,overall,-1.177482624643318,1,0.012942513235148532,0.05591942132945575,0.0030195053268233796
NA,overall,-1.1744631193164947,0,0.013248714602729144,0.05591942132945575,0.0030195053268233796
NA,overall,-1.1714436139896711,1,0.013556194097532512,0.05591942132945575,0.0030195053268233796
NA,overall,-1.1684241086628475,5,0.01386550693499164,0.05591942132945575,0.0030195053268233796
NA,overall,-1.1654046033360241,3,0.014176683211520007,0.05591942132945575,0.0030195053268233796
NA,overall,-1.1623850980092008,1,0.014490162626756448,0.05591942132945575,0.0030195053268233796
NA,overall,-1.1593655926823772,2,0.014806000600917173,0.05591942132945575,0.0030195053268233796
NA,overall,-1.1563460873555538,6,0.015124866568075131,0.05591942132945575,0.0030195053268233796
NA,overall,-1.1533265820287304,2,0.015446696644810645,0.05591942132945575,0.0030195053268233796
NA,overall,-1.1503070767019068,4,0.015772297444757107,0.05591942132945575,0.0030195053268233796
NA,overall,-1.1472875713750832,0,0.016102173506155178,0.05591942132945575,0.0030195053268233796
NA,overall,-1.1442680660482598,1,0.016437105426870467,0.05591942132945575,0.0030195053268233796
NA,overall,-1.1412485607214364,4,0.016777228310598247,0.05591942132945575,0.0030195053268233796
NA,overall,-1.1382290553946128,0,0.017123321048666013,0.05591942132945575,0.0030195053268233796
NA,overall,-1.1352095500677895,2,0.017475578370002052,0.05591942132945575,0.0030195053268233796
NA,overall,-1.132190044740966,4,0.01783530529395594,0.05591942132945575,0.0030195053268233796
NA,overall,-1.1291705394141425,2,0.01820317293416601,0.05591942132945575,0.0030195053268233796
NA,overall,-1.1261510340873189,1,0.01857986559159119,0.05591942132945575,0.0030195053268233796
NA,overall,-1.1231315287604955,1,0.01896573831950987,0.05591942132945575,0.0030195053268233796
NA,overall,-1.120112023433672,1,0.01936175982197778,0.05591942132945575,0.0030195053268233796
NA,overall,-1.1170925181068485,3,0.019768669218386263,0.05591942132945575,0.0030195053268233796
NA,overall,-1.1140730127800251,2,0.020186995932600524,0.05591942132945575,0.0030195053268233796
NA,overall,-1.1110535074532017,1,0.020617999217530672,0.05591942132945575,0.0030195053268233796
NA,overall,-1.1080340021263781,4,0.02106158637275819,0.05591942132945575,0.0030195053268233796
NA,overall,-1.1050144967995545,1,0.021518991559198827,0.05591942132945575,0.0030195053268233796
NA,overall,-1.1019949914727312,2,0.021990518526360647,0.05591942132945575,0.0030195053268233796
NA,overall,-1.0989754861459078,4,0.022477519928984533,0.05591942132945575,0.0030195053268233796
NA,overall,-1.0959559808190842,2,0.022980160410715905,0.05591942132945575,0.0030195053268233796
NA,overall,-1.0929364754922608,3,0.023498582365694725,0.05591942132945575,0.0030195053268233796
NA,overall,-1.0899169701654374,0,0.024034471704376902,0.05591942132945575,0.0030195053268233796
NA,overall,-1.0868974648386138,2,0.024587667537990233,0.05591942132945575,0.0030195053268233796
NA,overall,-1.0838779595117902,3,0.02515833032632767,0.05591942132945575,0.0030195053268233796
NA,overall,-1.0808584541849668,4,0.02574767681782461,0.05591942132945575,0.0030195053268233796
NA,overall,-1.0778389488581435,4,0.02635560860166651,0.05591942132945575,0.0030195053268233796
NA,overall,-1.0748194435313199,5,0.026983592311436076,0.05591942132945575,0.0030195053268233796
NA,overall,-1.0717999382044965,3,0.027631127558096002,0.05591942132945575,0.0030195053268233796
NA,overall,-1.0687804328776729,3,0.028299032668522992,0.05591942132945575,0.0030195053268233796
NA,overall,-1.0657609275508495,4,0.028987869357591945,0.05591942132945575,0.0030195053268233796
NA,overall,-1.062741422224026,1,0.02969764102891505,0.05591942132945575,0.0030195053268233796
NA,overall,-1.0597219168972025,4,0.030428917216081194,0.05591942132945575,0.0030195053268233796
NA,overall,-1.0567024115703791,3,0.031182249794458324,0.05591942132945575,0.0030195053268233796
NA,overall,-1.0536829062435555,2,0.03195853103774778,0.05591942132945575,0.0030195053268233796
NA,overall,-1.0506634009167322,4,0.03275709341865422,0.05591942132945575,0.0030195053268233796
NA,overall,-1.0476438955899086,3,0.03357824586856944,0.05591942132945575,0.0030195053268233796
NA,overall,-1.0446243902630852,5,0.03442361507985055,0.05591942132945575,0.0030195053268233796
NA,overall,-1.0416048849362616,5,0.035292962329918694,0.05591942132945575,0.0030195053268233796
NA,overall,-1.0385853796094382,3,0.036186425320200145,0.05591942132945575,0.0030195053268233796
NA,overall,-1.0355658742826148,6,0.037104746799587134,0.05591942132945575,0.0030195053268233796
NA,overall,-1.0325463689557912,2,0.038048462952466056,0.05591942132945575,0.0030195053268233796
NA,overall,-1.0295268636289678,4,0.039018174888245896,0.05591942132945575,0.0030195053268233796
NA,overall,-1.0265073583021442,3,0.040014076731388216,0.05591942132945575,0.0030195053268233796
NA,overall,-1.0234878529753209,2,0.041037287387844526,0.05591942132945575,0.0030195053268233796
NA,overall,-1.0204683476484973,10,0.042087795728667055,0.05591942132945575,0.0030195053268233796
NA,overall,-1.0174488423216739,7,0.04316629309209813,0.05591942132945575,0.0030195053268233796
NA,overall,-1.0144293369948505,7,0.04427420711921946,0.05591942132945575,0.0030195053268233796
NA,overall,-1.011409831668027,6,0.04541059049235699,0.05591942132945575,0.0030195053268233796
NA,overall,-1.0083903263412035,4,0.046576419597466785,0.05591942132945575,0.0030195053268233796
NA,overall,-1.00537082101438,7,0.047773181660225386,0.05591942132945575,0.0030195053268233796
NA,overall,-1.0023513156875565,2,0.0490010180972548,0.05591942132945575,0.0030195053268233796
NA,overall,-0.999331810360733,7,0.05026036495490808,0.05591942132945575,0.0030195053268233796
NA,overall,-0.9963123050339096,5,0.05155179848758548,0.05591942132945575,0.0030195053268233796
NA,overall,-0.9932927997070861,3,0.05287611095418852,0.05591942132945575,0.0030195053268233796
NA,overall,-0.9902732943802626,4,0.054233086769138496,0.05591942132945575,0.0030195053268233796
NA,overall,-0.9872537890534392,5,0.0556232773706858,0.05591942132945575,0.0030195053268233796
NA,overall,-0.9842342837266156,10,0.05704748758749524,0.05591942132945575,0.0030195053268233796
NA,overall,-0.9812147783997922,5,0.058506220505442574,0.05591942132945575,0.0030195053268233796
NA,overall,-0.9781952730729687,11,0.06000005043293787,0.05591942132945575,0.0030195053268233796
NA,overall,-0.9751757677461452,13,0.06152766126610669,0.05591942132945575,0.0030195053268233796
NA,overall,-0.9721562624193217,9,0.06308975987160038,0.05591942132945575,0.0030195053268233796
NA,overall,-0.9691367570924982,5,0.06468732765791044,0.05591942132945575,0.0030195053268233796
NA,overall,-0.9661172517656748,6,0.0663190976062246,0.05591942132945575,0.0030195053268233796
NA,overall,-0.9630977464388513,5,0.06798635361513036,0.05591942132945575,0.0030195053268233796
NA,overall,-0.9600782411120279,9,0.06968777466321709,0.05591942132945575,0.0030195053268233796
NA,overall,-0.9570587357852044,8,0.07142361970913133,0.05591942132945575,0.0030195053268233796
NA,overall,-0.9540392304583809,6,0.07319388956746753,0.05591942132945575,0.0030195053268233796
NA,overall,-0.9510197251315574,8,0.07499898265560906,0.05591942132945575,0.0030195053268233796
NA,overall,-0.9480002198047339,3,0.07683677831490807,0.05591942132945575,0.0030195053268233796
NA,overall,-0.9449807144779105,7,0.07870819998798773,0.05591942132945575,0.0030195053268233796
NA,overall,-0.9419612091510869,8,0.08061243385847303,0.05591942132945575,0.0030195053268233796
NA,overall,-0.9389417038242636,11,0.08254990111130692,0.05591942132945575,0.0030195053268233796
NA,overall,-0.93592219849744,9,0.08451900961775781,0.05591942132945575,0.0030195053268233796
NA,overall,-0.9329026931706166,12,0.0865197962357239,0.05591942132945575,0.0030195053268233796
NA,overall,-0.9298831878437931,8,0.0885526169338771,0.05591942132945575,0.0030195053268233796
NA,overall,-0.9268636825169696,10,0.09061577117118805,0.05591942132945575,0.0030195053268233796
NA,overall,-0.9238441771901462,11,0.09271067826376116,0.05591942132945575,0.0030195053268233796
NA,overall,-0.9208246718633226,17,0.09483720651067308,0.05591942132945575,0.0030195053268233796
NA,overall,-0.9178051665364992,14,0.09699426276601127,0.05591942132945575,0.0030195053268233796
NA,overall,-0.9147856612096756,16,0.0991827727849424,0.05591942132945575,0.0030195053268233796
NA,overall,-0.9117661558828523,7,0.1014028126624644,0.05591942132945575,0.0030195053268233796
NA,overall,-0.9087466505560287,12,0.10365431045250116,0.05591942132945575,0.0030195053268233796
NA,overall,-0.9057271452292053,15,0.10593851679004501,0.05591942132945575,0.0030195053268233796
NA,overall,-0.9027076399023819,18,0.10825538521928049,0.05591942132945575,0.0030195053268233796
NA,overall,-0.8996881345755583,14,0.11060672607406263,0.05591942132945575,0.0030195053268233796
NA,overall,-0.8966686292487349,15,0.1129932034330906,0.05591942132945575,0.0030195053268233796
NA,overall,-0.8936491239219113,16,0.11541504421001654,0.05591942132945575,0.0030195053268233796
NA,overall,-0.8906296185950879,15,0.11787503133683427,0.05591942132945575,0.0030195053268233796
NA,overall,-0.8876101132682643,20,0.12037353160867623,0.05591942132945575,0.0030195053268233796
NA,overall,-0.884590607941441,12,0.12291323790083224,0.05591942132945575,0.0030195053268233796
NA,overall,-0.8815711026146176,15,0.12549391777999352,0.05591942132945575,0.0030195053268233796
NA,overall,-0.878551597287794,11,0.12811993240684819,0.05591942132945575,0.0030195053268233796
NA,overall,-0.8755320919609706,20,0.1307920902714738,0.05591942132945575,0.0030195053268233796
NA,overall,-0.872512586634147,19,0.13351158223627102,0.05591942132945575,0.0030195053268233796
NA,overall,-0.8694930813073236,10,0.13628202164006886,0.05591942132945575,0.0030195053268233796
NA,overall,-0.8664735759805,22,0.13910440097378002,0.05591942132945575,0.0030195053268233796
NA,overall,-0.8634540706536766,19,0.1419809505091327,0.05591942132945575,0.0030195053268233796
NA,overall,-0.8604345653268533,10,0.1449138718281894,0.05591942132945575,0.0030195053268233796
NA,overall,-0.8574150600000296,16,0.14790516692388803,0.05591942132945575,0.0030195053268233796
NA,overall,-0.8543955546732063,9,0.1509563935844904,0.05591942132945575,0.0030195053268233796
NA,overall,-0.8513760493463827,22,0.15407017742370488,0.05591942132945575,0.0030195053268233796
NA,overall,-0.8483565440195593,16,0.15724781606886346,0.05591942132945575,0.0030195053268233796
NA,overall,-0.8453370386927357,18,0.16049114411826243,0.05591942132945575,0.0030195053268233796
NA,overall,-0.8423175333659123,23,0.1638014170203477,0.05591942132945575,0.0030195053268233796
NA,overall,-0.8392980280390888,19,0.16717987591065803,0.05591942132945575,0.0030195053268233796
NA,overall,-0.8362785227122653,18,0.17062821766441658,0.05591942132945575,0.0030195053268233796
NA,overall,-0.833259017385442,21,0.1741450924376003,0.05591942132945575,0.0030195053268233796
NA,overall,-0.8302395120586183,32,0.17773404201036305,0.05591942132945575,0.0030195053268233796
NA,overall,-0.827220006731795,22,0.18139282965878745,0.05591942132945575,0.0030195053268233796
NA,overall,-0.8242005014049714,13,0.18512348842265458,0.05591942132945575,0.0030195053268233796
NA,overall,-0.821180996078148,26,0.1889248476794593,0.05591942132945575,0.0030195053268233796
NA,overall,-0.8181614907513245,24,0.19279576136544438,0.05591942132945575,0.0030195053268233796
NA,overall,-0.815141985424501,18,0.19673635201254208,0.05591942132945575,0.0030195053268233796
NA,overall,-0.8121224800976776,19,0.200745890994288,0.05591942132945575,0.0030195053268233796
NA,overall,-0.809102974770854,20,0.20482332859967142,0.05591942132945575,0.0030195053268233796
NA,overall,-0.8060834694440306,22,0.20896710476207905,0.05591942132945575,0.0030195053268233796
NA,overall,-0.803063964117207,20,0.21317580644167983,0.05591942132945575,0.0030195053268233796
NA,overall,-0.8000444587903837,27,0.21744762215888153,0.05591942132945575,0.0030195053268233796
NA,overall,-0.7970249534635602,24,0.22177919247828196,0.05591942132945575,0.0030195053268233796
NA,overall,-0.7940054481367367,24,0.22616984965402687,0.05591942132945575,0.0030195053268233796
NA,overall,-0.7909859428099133,39,0.23061731214528272,0.05591942132945575,0.0030195053268233796
NA,overall,-0.7879664374830897,26,0.2351190260631068,0.05591942132945575,0.0030195053268233796
NA,overall,-0.7849469321562663,19,0.2396726301164191,0.05591942132945575,0.0030195053268233796
NA,overall,-0.7819274268294427,34,0.24427611052421896,0.05591942132945575,0.0030195053268233796
NA,overall,-0.7789079215026193,35,0.24892544344623294,0.05591942132945575,0.0030195053268233796
NA,overall,-0.7758884161757957,34,0.2536196174642429,0.05591942132945575,0.0030195053268233796
NA,overall,-0.7728689108489724,35,0.25835594294807157,0.05591942132945575,0.0030195053268233796
NA,overall,-0.769849405522149,40,0.2631323347140654,0.05591942132945575,0.0030195053268233796
NA,overall,-0.7668299001953254,33,0.26794729007260215,0.05591942132945575,0.0030195053268233796
NA,overall,-0.763810394868502,32,0.2727967413548209,0.05591942132945575,0.0030195053268233796
NA,overall,-0.7607908895416784,35,0.27767928008542353,0.05591942132945575,0.0030195053268233796
NA,overall,-0.757771384214855,40,0.2825923895218828,0.05591942132945575,0.0030195053268233796
NA,overall,-0.7547518788880314,52,0.2875363857767244,0.05591942132945575,0.0030195053268233796
NA,overall,-0.751732373561208,33,0.2925072305966613,0.05591942132945575,0.0030195053268233796
NA,overall,-0.7487128682343847,31,0.2975052544361106,0.05591942132945575,0.0030195053268233796
NA,overall,-0.745693362907561,40,0.3025282027187276,0.05591942132945575,0.0030195053268233796
NA,overall,-0.7426738575807377,29,0.30757678611905864,0.05591942132945575,0.0030195053268233796
NA,overall,-0.7396543522539141,42,0.3126486486412519,0.05591942132945575,0.0030195053268233796
NA,overall,-0.7366348469270907,36,0.3177419473892427,0.05591942132945575,0.0030195053268233796
NA,overall,-0.7336153416002671,32,0.322858610603032,0.05591942132945575,0.0030195053268233796
NA,overall,-0.7305958362734437,39,0.32799744449604595,0.05591942132945575,0.0030195053268233796
NA,overall,-0.7275763309466203,54,0.3331602696679892,0.05591942132945575,0.0030195053268233796
NA,overall,-0.7245568256197967,35,0.33834691148891965,0.05591942132945575,0.0030195053268233796
NA,overall,-0.7215373202929733,44,0.34355562627333575,0.05591942132945575,0.0030195053268233796
NA,overall,-0.7185178149661497,46,0.3487882388489481,0.05591942132945575,0.0030195053268233796
NA,overall,-0.7154983096393264,56,0.3540461192205758,0.05591942132945575,0.0030195053268233796
NA,overall,-0.7124788043125028,43,0.3593317171248493,0.05591942132945575,0.0030195053268233796
NA,overall,-0.7094592989856794,42,0.36464463018603543,0.05591942132945575,0.0030195053268233796
NA,overall,-0.7064397936588559,55,0.3699858300439166,0.05591942132945575,0.0030195053268233796
NA,overall,-0.7034202883320324,33,0.375358153580578,0.05591942132945575,0.0030195053268233796
NA,overall,-0.700400783005209,49,0.38076434037532597,0.05591942132945575,0.0030195053268233796
NA,overall,-0.6973812776783854,56,0.3862045340042384,0.05591942132945575,0.0030195053268233796
NA,overall,-0.694361772351562,47,0.3916812668364833,0.05591942132945575,0.0030195053268233796
NA,overall,-0.6913422670247384,55,0.3971968828327976,0.05591942132945575,0.0030195053268233796
NA,overall,-0.6883227616979151,52,0.4027538101714265,0.05591942132945575,0.0030195053268233796
NA,overall,-0.6853032563710916,47,0.40835354575669625,0.05591942132945575,0.0030195053268233796
NA,overall,-0.6822837510442681,55,0.4139998161292018,0.05591942132945575,0.0030195053268233796
NA,overall,-0.6792642457174447,45,0.4196925117014258,0.05591942132945575,0.0030195053268233796
NA,overall,-0.6762447403906211,55,0.4254365772900988,0.05591942132945575,0.0030195053268233796
NA,overall,-0.6732252350637977,58,0.4312323817842238,0.05591942132945575,0.0030195053268233796
NA,overall,-0.6702057297369741,44,0.4370838865377485,0.05591942132945575,0.0030195053268233796
NA,overall,-0.6671862244101507,60,0.44299187504163035,0.05591942132945575,0.0030195053268233796
NA,overall,-0.6641667190833273,51,0.448958650708579,0.05591942132945575,0.0030195053268233796
NA,overall,-0.6611472137565038,63,0.4549866801625428,0.05591942132945575,0.0030195053268233796
NA,overall,-0.6581277084296804,42,0.46107867495176674,0.05591942132945575,0.0030195053268233796
NA,overall,-0.6551082031028568,64,0.4672353544589781,0.05591942132945575,0.0030195053268233796
NA,overall,-0.6520886977760334,66,0.4734588171752361,0.05591942132945575,0.0030195053268233796
NA,overall,-0.6490691924492098,54,0.4797493113109718,0.05591942132945575,0.0030195053268233796
NA,overall,-0.6460496871223864,68,0.48611027210318447,0.05591942132945575,0.0030195053268233796
NA,overall,-0.6430301817955629,63,0.4925416895989216,0.05591942132945575,0.0030195053268233796
NA,overall,-0.6400106764687394,58,0.49904451527721044,0.05591942132945575,0.0030195053268233796
NA,overall,-0.6369911711419161,61,0.5056198363440958,0.05591942132945575,0.0030195053268233796
NA,overall,-0.6339716658150925,62,0.5122671271294679,0.05591942132945575,0.0030195053268233796
NA,overall,-0.6309521604882691,56,0.518987082163052,0.05591942132945575,0.0030195053268233796
NA,overall,-0.6279326551614455,64,0.5257793092591598,0.05591942132945575,0.0030195053268233796
NA,overall,-0.6249131498346221,64,0.5326426391251102,0.05591942132945575,0.0030195053268233796
NA,overall,-0.6218936445077985,66,0.5395797272783889,0.05591942132945575,0.0030195053268233796
NA,overall,-0.6188741391809751,67,0.5465856144668425,0.05591942132945575,0.0030195053268233796
NA,overall,-0.6158546338541517,69,0.5536608393853778,0.05591942132945575,0.0030195053268233796
NA,overall,-0.6128351285273281,79,0.5608053735946616,0.05591942132945575,0.0030195053268233796
NA,overall,-0.6098156232005048,55,0.5680143934119648,0.05591942132945575,0.0030195053268233796
NA,overall,-0.6067961178736812,84,0.5752903399389383,0.05591942132945575,0.0030195053268233796
NA,overall,-0.6037766125468578,63,0.5826263487969623,0.05591942132945575,0.0030195053268233796
NA,overall,-0.6007571072200342,83,0.5900212126973416,0.05591942132945575,0.0030195053268233796
NA,overall,-0.5977376018932108,79,0.5974734753045942,0.05591942132945575,0.0030195053268233796
NA,overall,-0.5947180965663874,66,0.6049799389348384,0.05591942132945575,0.0030195053268233796
NA,overall,-0.5916985912395638,68,0.6125355894910827,0.05591942132945575,0.0030195053268233796
NA,overall,-0.5886790859127404,72,0.6201388874477852,0.05591942132945575,0.0030195053268233796
NA,overall,-0.5856595805859168,82,0.6277862986007373,0.05591942132945575,0.0030195053268233796
NA,overall,-0.5826400752590934,81,0.6354735824166384,0.05591942132945575,0.0030195053268233796
NA,overall,-0.5796205699322698,89,0.6431976179685444,0.05591942132945575,0.0030195053268233796
NA,overall,-0.5766010646054465,92,0.6509533719585954,0.05591942132945575,0.0030195053268233796
NA,overall,-0.5735815592786231,70,0.6587389118894434,0.05591942132945575,0.0030195053268233796
NA,overall,-0.5705620539517995,85,0.6665493299332639,0.05591942132945575,0.0030195053268233796
NA,overall,-0.5675425486249761,86,0.6743819030594935,0.05591942132945575,0.0030195053268233796
NA,overall,-0.5645230432981525,86,0.6822301066078786,0.05591942132945575,0.0030195053268233796
NA,overall,-0.5615035379713291,86,0.6900915996554509,0.05591942132945575,0.0030195053268233796
NA,overall,-0.5584840326445055,93,0.6979626352503958,0.05591942132945575,0.0030195053268233796
NA,overall,-0.5554645273176821,76,0.7058375902702518,0.05591942132945575,0.0030195053268233796
NA,overall,-0.5524450219908587,81,0.7137134380011341,0.05591942132945575,0.0030195053268233796
NA,overall,-0.5494255166640352,90,0.7215856864491059,0.05591942132945575,0.0030195053268233796
NA,overall,-0.5464060113372118,96,0.7294507959665816,0.05591942132945575,0.0030195053268233796
NA,overall,-0.5433865060103882,115,0.7373051958949765,0.05591942132945575,0.0030195053268233796
NA,overall,-0.5403670006835648,100,0.745143994354361,0.05591942132945575,0.0030195053268233796
NA,overall,-0.5373474953567412,99,0.7529653883789156,0.05591942132945575,0.0030195053268233796
NA,overall,-0.5343279900299178,91,0.760763476067953,0.05591942132945575,0.0030195053268233796
NA,overall,-0.5313084847030943,112,0.7685343723227912,0.05591942132945575,0.0030195053268233796
NA,overall,-0.5282889793762708,96,0.776272885342638,0.05591942132945575,0.0030195053268233796
NA,overall,-0.5252694740494475,109,0.7839788757003983,0.05591942132945575,0.0030195053268233796
NA,overall,-0.5222499687226239,96,0.7916456563077409,0.05591942132945575,0.0030195053268233796
NA,overall,-0.5192304633958005,116,0.7992702114738548,0.05591942132945575,0.0030195053268233796
NA,overall,-0.5162109580689769,109,0.8068488404990795,0.05591942132945575,0.0030195053268233796
NA,overall,-0.5131914527421535,79,0.8143756568002296,0.05591942132945575,0.0030195053268233796
NA,overall,-0.51017194741533,99,0.8218458959154317,0.05591942132945575,0.0030195053268233796
NA,overall,-0.5071524420885065,92,0.8292573321398117,0.05591942132945575,0.0030195053268233796
NA,overall,-0.5041329367616831,116,0.8366049084074262,0.05591942132945575,0.0030195053268233796
NA,overall,-0.5011134314348595,130,0.8438829427919438,0.05591942132945575,0.0030195053268233796
NA,overall,-0.4980939261080361,95,0.8510893776863923,0.05591942132945575,0.0030195053268233796
NA,overall,-0.4950744207812126,94,0.8582167701358799,0.05591942132945575,0.0030195053268233796
NA,overall,-0.4920549154543891,98,0.8652621743865737,0.05591942132945575,0.0030195053268233796
NA,overall,-0.48903541012756563,126,0.8722203864238595,0.05591942132945575,0.0030195053268233796
NA,overall,-0.4860159048007422,114,0.8790876530883694,0.05591942132945575,0.0030195053268233796
NA,overall,-0.48299639947391876,100,0.8858563972785716,0.05591942132945575,0.0030195053268233796
NA,overall,-0.47997689414709527,104,0.8925223622933469,0.05591942132945575,0.0030195053268233796
NA,overall,-0.4769573888202718,130,0.8990821827289484,0.05591942132945575,0.0030195053268233796
NA,overall,-0.4739378834934483,119,0.9055270512616805,0.05591942132945575,0.0030195053268233796
NA,overall,-0.4709183781666248,123,0.9118558017204349,0.05591942132945575,0.0030195053268233796
NA,overall,-0.4678988728398013,122,0.9180608525620703,0.05591942132945575,0.0030195053268233796
NA,overall,-0.46487936751297787,130,0.9241388585018808,0.05591942132945575,0.0030195053268233796
NA,overall,-0.46185986218615444,114,0.9300846697739682,0.05591942132945575,0.0030195053268233796
NA,overall,-0.45884035685933094,139,0.9358933368331295,0.05591942132945575,0.0030195053268233796
NA,overall,-0.45582085153250745,114,0.941560344980196,0.05591942132945575,0.0030195053268233796
NA,overall,-0.45280134620568396,139,0.9470834133722886,0.05591942132945575,0.0030195053268233796
NA,overall,-0.4497818408788605,119,0.9524555704669119,0.05591942132945575,0.0030195053268233796
NA,overall,-0.44676233555203704,137,0.9576751283836838,0.05591942132945575,0.0030195053268233796
NA,overall,-0.44374283022521355,126,0.9627380134514957,0.05591942132945575,0.0030195053268233796
NA,overall,-0.44072332489839006,118,0.9676399398894885,0.05591942132945575,0.0030195053268233796
NA,overall,-0.43770381957156657,124,0.9723811658114668,0.05591942132945575,0.0030195053268233796
NA,overall,-0.4346843142447431,131,0.9769585417231882,0.05591942132945575,0.0030195053268233796
NA,overall,-0.4316648089179197,128,0.9813720651409941,0.05591942132945575,0.0030195053268233796
NA,overall,-0.4286453035910962,127,0.985616845876022,0.05591942132945575,0.0030195053268233796
NA,overall,-0.4256257982642727,116,0.9896935461279841,0.05591942132945575,0.0030195053268233796
NA,overall,-0.4226062929374492,135,0.9936046331615145,0.05591942132945575,0.0030195053268233796
NA,overall,-0.41958678761062573,125,0.9973476507925783,0.05591942132945575,0.0030195053268233796
NA,overall,-0.41656728228380224,137,1.0009269175736484,0.05591942132945575,0.0030195053268233796
NA,overall,-0.41354777695697875,140,1.0043417943878712,0.05591942132945575,0.0030195053268233796
NA,overall,-0.4105282716301554,122,1.0075940452722159,0.05591942132945575,0.0030195053268233796
NA,overall,-0.4075087663033319,131,1.0106882885466713,0.05591942132945575,0.0030195053268233796
NA,overall,-0.4044892609765084,122,1.0136274800775744,0.05591942132945575,0.0030195053268233796
NA,overall,-0.4014697556496849,119,1.0164155141311428,0.05591942132945575,0.0030195053268233796
NA,overall,-0.3984502503228614,157,1.019055872637831,0.05591942132945575,0.0030195053268233796
NA,overall,-0.3954307449960379,125,1.0215557988332993,0.05591942132945575,0.0030195053268233796
NA,overall,-0.39241123966921443,132,1.0239194316061513,0.05591942132945575,0.0030195053268233796
NA,overall,-0.38939173434239094,155,1.0261547667089521,0.05591942132945575,0.0030195053268233796
NA,overall,-0.38637222901556745,123,1.028266130557385,0.05591942132945575,0.0030195053268233796
NA,overall,-0.38335272368874407,178,1.0302614235059895,0.05591942132945575,0.0030195053268233796
NA,overall,-0.3803332183619206,147,1.0321470380630355,0.05591942132945575,0.0030195053268233796
NA,overall,-0.3773137130350971,125,1.0339326932407829,0.05591942132945575,0.0030195053268233796
NA,overall,-0.3742942077082736,132,1.0356239713411215,0.05591942132945575,0.0030195053268233796
NA,overall,-0.3712747023814501,152,1.0372294644427358,0.05591942132945575,0.0030195053268233796
NA,overall,-0.3682551970546266,120,1.0387575519207395,0.05591942132945575,0.0030195053268233796
NA,overall,-0.3652356917278031,122,1.040215567195716,0.05591942132945575,0.0030195053268233796
NA,overall,-0.36221618640097974,129,1.0416102170997592,0.05591942132945575,0.0030195053268233796
NA,overall,-0.35919668107415625,123,1.0429492662108282,0.05591942132945575,0.0030195053268233796
NA,overall,-0.35617717574733276,129,1.0442404401577536,0.05591942132945575,0.0030195053268233796
NA,overall,-0.3531576704205093,109,1.045490642270558,0.05591942132945575,0.0030195053268233796
NA,overall,-0.3501381650936858,135,1.0467061848259234,0.05591942132945575,0.0030195053268233796
NA,overall,-0.3471186597668623,130,1.0478947741099436,0.05591942132945575,0.0030195053268233796
NA,overall,-0.3440991544400388,151,1.0490597150074137,0.05591942132945575,0.0030195053268233796
NA,overall,-0.3410796491132154,136,1.0502090896968137,0.05591942132945575,0.0030195053268233796
NA,overall,-0.33806014378639193,128,1.051344918404745,0.05591942132945575,0.0030195053268233796
NA,overall,-0.33504063845956844,134,1.05247231589999,0.05591942132945575,0.0030195053268233796
NA,overall,-0.33202113313274495,130,1.053593441069619,0.05591942132945575,0.0030195053268233796
NA,overall,-0.32900162780592146,130,1.054712080692761,0.05591942132945575,0.0030195053268233796
NA,overall,-0.32598212247909797,120,1.0558296512056773,0.05591942132945575,0.0030195053268233796
NA,overall,-0.3229626171522745,122,1.0569470761568862,0.05591942132945575,0.0030195053268233796
NA,overall,-0.3199431118254511,134,1.05806252517378,0.05591942132945575,0.0030195053268233796
NA,overall,-0.3169236064986276,117,1.059177591378004,0.05591942132945575,0.0030195053268233796
NA,overall,-0.3139041011718041,147,1.0602933600879145,0.05591942132945575,0.0030195053268233796
NA,overall,-0.3108845958449806,140,1.0614058447908314,0.05591942132945575,0.0030195053268233796
NA,overall,-0.30786509051815714,136,1.0625133046392163,0.05591942132945575,0.0030195053268233796
NA,overall,-0.30484558519133365,116,1.0636131848060226,0.05591942132945575,0.0030195053268233796
NA,overall,-0.30182607986451016,140,1.0647014234898642,0.05591942132945575,0.0030195053268233796
NA,overall,-0.2988065745376868,130,1.065773396086868,0.05591942132945575,0.0030195053268233796
NA,overall,-0.2957870692108633,149,1.0668257813085134,0.05591942132945575,0.0030195053268233796
NA,overall,-0.2927675638840398,153,1.067853425619842,0.05591942132945575,0.0030195053268233796
NA,overall,-0.2897480585572163,147,1.0688501857608423,0.05591942132945575,0.0030195053268233796
NA,overall,-0.2867285532303928,115,1.0698134626498725,0.05591942132945575,0.0030195053268233796
NA,overall,-0.2837090479035693,129,1.070735041713875,0.05591942132945575,0.0030195053268233796
NA,overall,-0.28068954257674583,139,1.0716101589574558,0.05591942132945575,0.0030195053268233796
NA,overall,-0.27767003724992245,132,1.072433466826441,0.05591942132945575,0.0030195053268233796
NA,overall,-0.27465053192309896,141,1.0731980004374042,0.05591942132945575,0.0030195053268233796
NA,overall,-0.27163102659627547,127,1.0739006845197574,0.05591942132945575,0.0030195053268233796
NA,overall,-0.268611521269452,141,1.0745348587066834,0.05591942132945575,0.0030195053268233796
NA,overall,-0.2655920159426285,153,1.075093835593475,0.05591942132945575,0.0030195053268233796
NA,overall,-0.262572510615805,163,1.0755712680895002,0.05591942132945575,0.0030195053268233796
NA,overall,-0.2595530052889815,138,1.0759667395641976,0.05591942132945575,0.0030195053268233796
NA,overall,-0.25653349996215813,143,1.0762735889661865,0.05591942132945575,0.0030195053268233796
NA,overall,-0.25351399463533464,146,1.0764872145706983,0.05591942132945575,0.0030195053268233796
NA,overall,-0.25049448930851115,118,1.0766029013942227,0.05591942132945575,0.0030195053268233796
NA,overall,-0.24747498398168766,153,1.0766208050007695,0.05591942132945575,0.0030195053268233796
NA,overall,-0.24445547865486417,122,1.0765346046101525,0.05591942132945575,0.0030195053268233796
NA,overall,-0.24143597332804068,140,1.0763449267167549,0.05591942132945575,0.0030195053268233796
NA,overall,-0.23841646800121719,138,1.076049347100958,0.05591942132945575,0.0030195053268233796
NA,overall,-0.2353969626743937,130,1.07564653061659,0.05591942132945575,0.0030195053268233796
NA,overall,-0.2323774573475702,134,1.0751330640220913,0.05591942132945575,0.0030195053268233796
NA,overall,-0.22935795202074682,155,1.0745113646877806,0.05591942132945575,0.0030195053268233796
NA,overall,-0.22633844669392333,137,1.07378076784718,0.05591942132945575,0.0030195053268233796
NA,overall,-0.22331894136709984,149,1.0729411679184186,0.05591942132945575,0.0030195053268233796
NA,overall,-0.22029943604027635,131,1.0719934566604545,0.05591942132945575,0.0030195053268233796
NA,overall,-0.21727993071345286,120,1.0709411666587925,0.05591942132945575,0.0030195053268233796
NA,overall,-0.21426042538662937,137,1.069784532007367,0.05591942132945575,0.0030195053268233796
NA,overall,-0.21124092005980588,151,1.0685240569054615,0.05591942132945575,0.0030195053268233796
NA,overall,-0.2082214147329825,161,1.0671632383041714,0.05591942132945575,0.0030195053268233796
NA,overall,-0.205201909406159,141,1.0657044672612042,0.05591942132945575,0.0030195053268233796
NA,overall,-0.20218240407933552,126,1.0641503181583187,0.05591942132945575,0.0030195053268233796
NA,overall,-0.19916289875251203,146,1.062505431676569,0.05591942132945575,0.0030195053268233796
NA,overall,-0.19614339342568854,133,1.060770536758486,0.05591942132945575,0.0030195053268233796
NA,overall,-0.19312388809886505,160,1.0589508483857981,0.05591942132945575,0.0030195053268233796
NA,overall,-0.19010438277204156,141,1.0570480163162175,0.05591942132945575,0.0030195053268233796
NA,overall,-0.18708487744521818,123,1.0550652561710843,0.05591942132945575,0.0030195053268233796
NA,overall,-0.1840653721183947,136,1.0530061334758798,0.05591942132945575,0.0030195053268233796
NA,overall,-0.1810458667915712,131,1.050872263864633,0.05591942132945575,0.0030195053268233796
NA,overall,-0.1780263614647477,136,1.0486675980594222,0.05591942132945575,0.0030195053268233796
NA,overall,-0.17500685613792422,112,1.0463948416913509,0.05591942132945575,0.0030195053268233796
NA,overall,-0.17198735081110073,131,1.0440545865319222,0.05591942132945575,0.0030195053268233796
NA,overall,-0.16896784548427723,119,1.0416530723395119,0.05591942132945575,0.0030195053268233796
NA,overall,-0.16594834015745386,143,1.039188222717495,0.05591942132945575,0.0030195053268233796
NA,overall,-0.16292883483063036,130,1.0366626383147322,0.05591942132945575,0.0030195053268233796
NA,overall,-0.15990932950380687,108,1.0340789478676362,0.05591942132945575,0.0030195053268233796
NA,overall,-0.15688982417698338,124,1.0314349820822772,0.05591942132945575,0.0030195053268233796
NA,overall,-0.1538703188501599,131,1.0287361109888964,0.05591942132945575,0.0030195053268233796
NA,overall,-0.1508508135233364,138,1.0259811882655059,0.05591942132945575,0.0030195053268233796
NA,overall,-0.1478313081965129,135,1.0231698945949963,0.05591942132945575,0.0030195053268233796
NA,overall,-0.14481180286968953,136,1.0203019103731383,0.05591942132945575,0.0030195053268233796
NA,overall,-0.14179229754286604,143,1.0173794562178728,0.05591942132945575,0.0030195053268233796
NA,overall,-0.13877279221604255,132,1.0143996246428186,0.05591942132945575,0.0030195053268233796
NA,overall,-0.13575328688921906,131,1.0113625340489523,0.05591942132945575,0.0030195053268233796
NA,overall,-0.13273378156239557,127,1.0082681971356413,0.05591942132945575,0.0030195053268233796
NA,overall,-0.12971427623557208,130,1.0051139960549023,0.05591942132945575,0.0030195053268233796
NA,overall,-0.1266947709087486,122,1.0019016159390643,0.05591942132945575,0.0030195053268233796
NA,overall,-0.12367526558192521,122,0.9986284662412542,0.05591942132945575,0.0030195053268233796
NA,overall,-0.12065576025510172,115,0.995294118672541,0.05591942132945575,0.0030195053268233796
NA,overall,-0.11763625492827823,147,0.9918981161715567,0.05591942132945575,0.0030195053268233796
NA,overall,-0.11461674960145474,128,0.988440126585223,0.05591942132945575,0.0030195053268233796
NA,overall,-0.11159724427463125,134,0.9849187554891687,0.05591942132945575,0.0030195053268233796
NA,overall,-0.10857773894780776,126,0.9813348821687035,0.05591942132945575,0.0030195053268233796
NA,overall,-0.10555823362098427,121,0.9776874289495153,0.05591942132945575,0.0030195053268233796
NA,overall,-0.10253872829416077,131,0.9739757624244528,0.05591942132945575,0.0030195053268233796
NA,overall,-0.09951922296733728,138,0.9702009505724479,0.05591942132945575,0.0030195053268233796
NA,overall,-0.0964997176405139,101,0.9663616039964268,0.05591942132945575,0.0030195053268233796
NA,overall,-0.09348021231369041,115,0.9624588501812655,0.05591942132945575,0.0030195053268233796
NA,overall,-0.09046070698686692,133,0.9584958554693385,0.05591942132945575,0.0030195053268233796
NA,overall,-0.08744120166004343,122,0.9544696260518596,0.05591942132945575,0.0030195053268233796
NA,overall,-0.08442169633321994,118,0.95038544295931,0.05591942132945575,0.0030195053268233796
NA,overall,-0.08140219100639645,146,0.9462421669763766,0.05591942132945575,0.0030195053268233796
NA,overall,-0.07838268567957296,124,0.9420441002322337,0.05591942132945575,0.0030195053268233796
NA,overall,-0.07536318035274958,121,0.9377895613769042,0.05591942132945575,0.0030195053268233796
NA,overall,-0.07234367502592609,114,0.9334835872212982,0.05591942132945575,0.0030195053268233796
NA,overall,-0.0693241696991026,131,0.9291266629116577,0.05591942132945575,0.0030195053268233796
NA,overall,-0.06630466437227911,101,0.9247221355906461,0.05591942132945575,0.0030195053268233796
NA,overall,-0.06328515904545562,108,0.9202739404408793,0.05591942132945575,0.0030195053268233796
NA,overall,-0.06026565371863213,113,0.9157843612265562,0.05591942132945575,0.0030195053268233796
NA,overall,-0.05724614839180864,107,0.9112543477966801,0.05591942132945575,0.0030195053268233796
NA,overall,-0.05422664306498526,135,0.9066876269848325,0.05591942132945575,0.0030195053268233796
NA,overall,-0.05120713773816177,123,0.9020875064880399,0.05591942132945575,0.0030195053268233796
NA,overall,-0.04818763241133828,116,0.8974563871919751,0.05591942132945575,0.0030195053268233796
NA,overall,-0.045168127084514786,124,0.892797947185978,0.05591942132945575,0.0030195053268233796
NA,overall,-0.042148621757691296,110,0.8881137590798195,0.05591942132945575,0.0030195053268233796
NA,overall,-0.039129116430867805,95,0.8834060691689943,0.05591942132945575,0.0030195053268233796
NA,overall,-0.036109611104044315,122,0.8786775632041206,0.05591942132945575,0.0030195053268233796
NA,overall,-0.033090105777220935,106,0.873933617768983,0.05591942132945575,0.0030195053268233796
NA,overall,-0.030070600450397444,101,0.8691741380578352,0.05591942132945575,0.0030195053268233796
NA,overall,-0.027051095123573954,96,0.86440039986405,0.05591942132945575,0.0030195053268233796
NA,overall,-0.024031589796750463,117,0.8596165044488695,0.05591942132945575,0.0030195053268233796
NA,overall,-0.021012084469926973,87,0.8548205893344596,0.05591942132945575,0.0030195053268233796
NA,overall,-0.017992579143103482,110,0.8500179634428913,0.05591942132945575,0.0030195053268233796
NA,overall,-0.014973073816279991,126,0.8452066796987029,0.05591942132945575,0.0030195053268233796
NA,overall,-0.011953568489456612,118,0.8403893762264998,0.05591942132945575,0.0030195053268233796
NA,overall,-0.008934063162633121,103,0.8355681224032263,0.05591942132945575,0.0030195053268233796
NA,overall,-0.005914557835809631,95,0.8307417464658181,0.05591942132945575,0.0030195053268233796
NA,overall,-0.00289505250898614,121,0.825910859304381,0.05591942132945575,0.0030195053268233796
NA,overall,0.00012445281783735052,90,0.8210767733088005,0.05591942132945575,0.0030195053268233796
NA,overall,0.003143958144660841,99,0.8162388630582368,0.05591942132945575,0.0030195053268233796
NA,overall,0.006163463471484332,118,0.811396884525422,0.05591942132945575,0.0030195053268233796
NA,overall,0.009182968798307711,112,0.806551613662449,0.05591942132945575,0.0030195053268233796
NA,overall,0.012202474125131202,93,0.8017009818532596,0.05591942132945575,0.0030195053268233796
NA,overall,0.015221979451954692,98,0.7968438165978272,0.05591942132945575,0.0030195053268233796
NA,overall,0.018241484778778183,90,0.7919807967050494,0.05591942132945575,0.0030195053268233796
NA,overall,0.021260990105601674,83,0.7871125801001279,0.05591942132945575,0.0030195053268233796
NA,overall,0.024280495432425164,100,0.7822377037840693,0.05591942132945575,0.0030195053268233796
NA,overall,0.027300000759248655,100,0.7773537616748029,0.05591942132945575,0.0030195053268233796
NA,overall,0.030319506086072145,110,0.7724610224401853,0.05591942132945575,0.0030195053268233796
NA,overall,0.033339011412895636,112,0.7675567816555808,0.05591942132945575,0.0030195053268233796
NA,overall,0.036358516739719016,106,0.7626432007834753,0.05591942132945575,0.0030195053268233796
NA,overall,0.039378022066542506,93,0.757719958165382,0.05591942132945575,0.0030195053268233796
NA,overall,0.042397527393366,85,0.7527838756366942,0.05591942132945575,0.0030195053268233796
NA,overall,0.04541703272018949,83,0.7478350611259316,0.05591942132945575,0.0030195053268233796
NA,overall,0.04843653804701298,90,0.7428734353140194,0.05591942132945575,0.0030195053268233796
NA,overall,0.05145604337383647,98,0.737899907908845,0.05591942132945575,0.0030195053268233796
NA,overall,0.05447554870065996,112,0.7329120902403372,0.05591942132945575,0.0030195053268233796
NA,overall,0.05749505402748334,91,0.7279115917927784,0.05591942132945575,0.0030195053268233796
NA,overall,0.06051455935430683,102,0.7228972612214979,0.05591942132945575,0.0030195053268233796
NA,overall,0.06353406468113032,84,0.717870615790442,0.05591942132945575,0.0030195053268233796
NA,overall,0.06655357000795381,89,0.7128324126237785,0.05591942132945575,0.0030195053268233796
NA,overall,0.0695730753347773,93,0.70778314734446,0.05591942132945575,0.0030195053268233796
NA,overall,0.07259258066160079,80,0.7027230964342274,0.05591942132945575,0.0030195053268233796
NA,overall,0.07561208598842428,86,0.6976546749696723,0.05591942132945575,0.0030195053268233796
NA,overall,0.07863159131524766,93,0.6925796137513988,0.05591942132945575,0.0030195053268233796
NA,overall,0.08165109664207115,94,0.6874993285395089,0.05591942132945575,0.0030195053268233796
NA,overall,0.08467060196889464,83,0.6824151515629495,0.05591942132945575,0.0030195053268233796
NA,overall,0.08769010729571813,88,0.6773311626711275,0.05591942132945575,0.0030195053268233796
NA,overall,0.09070961262254162,91,0.6722496422757623,0.05591942132945575,0.0030195053268233796
NA,overall,0.09372911794936511,71,0.6671735910752411,0.05591942132945575,0.0030195053268233796
NA,overall,0.0967486232761886,76,0.6621056776693137,0.05591942132945575,0.0030195053268233796
NA,overall,0.09976812860301199,90,0.6570487989481985,0.05591942132945575,0.0030195053268233796
NA,overall,0.10278763392983548,78,0.6520068992727056,0.05591942132945575,0.0030195053268233796
NA,overall,0.10580713925665897,96,0.646982482316458,0.05591942132945575,0.0030195053268233796
NA,overall,0.10882664458348246,84,0.6419786906597984,0.05591942132945575,0.0030195053268233796
NA,overall,0.11184614991030595,69,0.6370027709676754,0.05591942132945575,0.0030195053268233796
NA,overall,0.11486565523712944,93,0.632055060102889,0.05591942132945575,0.0030195053268233796
NA,overall,0.11788516056395293,89,0.6271413119413776,0.05591942132945575,0.0030195053268233796
NA,overall,0.12090466589077631,80,0.622264583344137,0.05591942132945575,0.0030195053268233796
NA,overall,0.1239241712175998,81,0.6174286071981,0.05591942132945575,0.0030195053268233796
NA,overall,0.1269436765444233,63,0.6126364828220751,0.05591942132945575,0.0030195053268233796
NA,overall,0.12996318187124678,66,0.6078941035302332,0.05591942132945575,0.0030195053268233796
NA,overall,0.13298268719807027,84,0.6032023882387295,0.05591942132945575,0.0030195053268233796
NA,overall,0.13600219252489376,69,0.5985637291453714,0.05591942132945575,0.0030195053268233796
NA,overall,0.13902169785171725,91,0.593982490123167,0.05591942132945575,0.0030195053268233796
NA,overall,0.14204120317854063,66,0.5894613272341002,0.05591942132945575,0.0030195053268233796
NA,overall,0.14506070850536412,78,0.5849992403809464,0.05591942132945575,0.0030195053268233796
NA,overall,0.1480802138321876,63,0.5806014864333905,0.05591942132945575,0.0030195053268233796
NA,overall,0.1510997191590111,69,0.5762682507665661,0.05591942132945575,0.0030195053268233796
NA,overall,0.1541192244858346,67,0.5720001191342116,0.05591942132945575,0.0030195053268233796
NA,overall,0.15713872981265808,65,0.5677956132453268,0.05591942132945575,0.0030195053268233796
NA,overall,0.16015823513948158,78,0.5636566971288575,0.05591942132945575,0.0030195053268233796
NA,overall,0.16317774046630495,61,0.559581463010375,0.05591942132945575,0.0030195053268233796
NA,overall,0.16619724579312845,58,0.5555680180623034,0.05591942132945575,0.0030195053268233796
NA,overall,0.16921675111995194,65,0.5516157871613334,0.05591942132945575,0.0030195053268233796
NA,overall,0.17223625644677543,63,0.547719513413389,0.05591942132945575,0.0030195053268233796
NA,overall,0.17525576177359892,68,0.5438800058251867,0.05591942132945575,0.0030195053268233796
NA,overall,0.1782752671004224,67,0.5400930368126228,0.05591942132945575,0.0030195053268233796
NA,overall,0.1812947724272459,71,0.5363541312973982,0.05591942132945575,0.0030195053268233796
NA,overall,0.1843142777540694,63,0.5326604348128706,0.05591942132945575,0.0030195053268233796
NA,overall,0.18733378308089288,56,0.5290071342940691,0.05591942132945575,0.0030195053268233796
NA,overall,0.19035328840771626,73,0.5253886996453554,0.05591942132945575,0.0030195053268233796
NA,overall,0.19337279373453975,75,0.5218009790249717,0.05591942132945575,0.0030195053268233796
NA,overall,0.19639229906136324,60,0.518239794226873,0.05591942132945575,0.0030195053268233796
NA,overall,0.19941180438818673,61,0.5146999718892279,0.05591942132945575,0.0030195053268233796
NA,overall,0.20243130971501022,56,0.5111749749743202,0.05591942132945575,0.0030195053268233796
NA,overall,0.2054508150418337,59,0.5076624970550531,0.05591942132945575,0.0030195053268233796
NA,overall,0.2084703203686572,51,0.5041551802701358,0.05591942132945575,0.0030195053268233796
NA,overall,0.21148982569548058,53,0.5006485552142714,0.05591942132945575,0.0030195053268233796
NA,overall,0.21450933102230407,72,0.49714014072401613,0.05591942132945575,0.0030195053268233796
NA,overall,0.21752883634912756,67,0.4936263506646588,0.05591942132945575,0.0030195053268233796
NA,overall,0.22054834167595105,79,0.49010302686539525,0.05591942132945575,0.0030195053268233796
NA,overall,0.22356784700277454,72,0.4865644930165532,0.05591942132945575,0.0030195053268233796
NA,overall,0.22658735232959804,82,0.4830112882555015,0.05591942132945575,0.0030195053268233796
NA,overall,0.22960685765642153,61,0.4794398915022087,0.05591942132945575,0.0030195053268233796
NA,overall,0.2326263629832449,71,0.47584806003970104,0.05591942132945575,0.0030195053268233796
NA,overall,0.2356458683100684,74,0.47223597043114174,0.05591942132945575,0.0030195053268233796
NA,overall,0.2386653736368919,59,0.46860333534869275,0.05591942132945575,0.0030195053268233796
NA,overall,0.24168487896371538,64,0.4649486420293257,0.05591942132945575,0.0030195053268233796
NA,overall,0.24470438429053887,66,0.46127343335311555,0.05591942132945575,0.0030195053268233796
NA,overall,0.24772388961736236,63,0.457578782942108,0.05591942132945575,0.0030195053268233796
NA,overall,0.25074339494418585,63,0.45386535948175977,0.05591942132945575,0.0030195053268233796
NA,overall,0.25376290027100923,51,0.45013528964681193,0.05591942132945575,0.0030195053268233796
NA,overall,0.2567824055978327,43,0.44639097523056986,0.05591942132945575,0.0030195053268233796
NA,overall,0.2598019109246562,46,0.4426364710495491,0.05591942132945575,0.0030195053268233796
NA,overall,0.2628214162514797,60,0.4388741165366831,0.05591942132945575,0.0030195053268233796
NA,overall,0.2658409215783032,55,0.4351080961691056,0.05591942132945575,0.0030195053268233796
NA,overall,0.2688604269051267,45,0.4313419250188111,0.05591942132945575,0.0030195053268233796
NA,overall,0.27187993223195017,52,0.4275788385757435,0.05591942132945575,0.0030195053268233796
NA,overall,0.27489943755877355,54,0.4238229724653231,0.05591942132945575,0.0030195053268233796
NA,overall,0.27791894288559704,55,0.420078242979357,0.05591942132945575,0.0030195053268233796
NA,overall,0.28093844821242053,54,0.41634828697330295,0.05591942132945575,0.0030195053268233796
NA,overall,0.283957953539244,60,0.4126394015075825,0.05591942132945575,0.0030195053268233796
NA,overall,0.2869774588660675,49,0.4089535132242722,0.05591942132945575,0.0030195053268233796
NA,overall,0.289996964192891,37,0.4052963263844184,0.05591942132945575,0.0030195053268233796
NA,overall,0.2930164695197145,55,0.40167022885488085,0.05591942132945575,0.0030195053268233796
NA,overall,0.2960359748465379,44,0.3980791553024177,0.05591942132945575,0.0030195053268233796
NA,overall,0.29905548017336137,52,0.39452615424144044,0.05591942132945575,0.0030195053268233796
NA,overall,0.30207498550018486,51,0.3910141141284808,0.05591942132945575,0.0030195053268233796
NA,overall,0.30509449082700835,46,0.3875452681214014,0.05591942132945575,0.0030195053268233796
NA,overall,0.30811399615383184,33,0.3841228459854071,0.05591942132945575,0.0030195053268233796
NA,overall,0.31113350148065533,37,0.38074944935851884,0.05591942132945575,0.0030195053268233796
NA,overall,0.3141530068074788,45,0.3774259847935806,0.05591942132945575,0.0030195053268233796
NA,overall,0.3171725121343023,52,0.3741539798686164,0.05591942132945575,0.0030195053268233796
NA,overall,0.3201920174611258,57,0.3709351065975555,0.05591942132945575,0.0030195053268233796
NA,overall,0.3232115227879492,45,0.36776975122452726,0.05591942132945575,0.0030195053268233796
NA,overall,0.32623102811477267,52,0.3646577186661596,0.05591942132945575,0.0030195053268233796
NA,overall,0.32925053344159616,33,0.3616003021888524,0.05591942132945575,0.0030195053268233796
NA,overall,0.33227003876841965,41,0.3585956803489742,0.05591942132945575,0.0030195053268233796
NA,overall,0.33528954409524314,61,0.35564636884556056,0.05591942132945575,0.0030195053268233796
NA,overall,0.33830904942206663,40,0.3527513392698937,0.05591942132945575,0.0030195053268233796
NA,overall,0.3413285547488901,44,0.34990737053001564,0.05591942132945575,0.0030195053268233796
NA,overall,0.3443480600757135,38,0.34711569903938994,0.05591942132945575,0.0030195053268233796
NA,overall,0.347367565402537,46,0.34437482206227904,0.05591942132945575,0.0030195053268233796
NA,overall,0.3503870707293605,39,0.34168267268507807,0.05591942132945575,0.0030195053268233796
NA,overall,0.353406576056184,39,0.33903822464057765,0.05591942132945575,0.0030195053268233796
NA,overall,0.35642608138300746,46,0.33643962307400493,0.05591942132945575,0.0030195053268233796
NA,overall,0.35944558670983096,41,0.33388365606574266,0.05591942132945575,0.0030195053268233796
NA,overall,0.36246509203665445,39,0.3313703434836767,0.05591942132945575,0.0030195053268233796
NA,overall,0.3654845973634778,50,0.32889606048339926,0.05591942132945575,0.0030195053268233796
NA,overall,0.3685041026903013,33,0.32646058584420734,0.05591942132945575,0.0030195053268233796
NA,overall,0.3715236080171248,38,0.3240602735166596,0.05591942132945575,0.0030195053268233796
NA,overall,0.3745431133439483,45,0.32169416781133026,0.05591942132945575,0.0030195053268233796
NA,overall,0.3775626186707718,46,0.3193586737361322,0.05591942132945575,0.0030195053268233796
NA,overall,0.3805821239975953,38,0.3170523869123459,0.05591942132945575,0.0030195053268233796
NA,overall,0.38360162932441877,30,0.31477254650640446,0.05591942132945575,0.0030195053268233796
NA,overall,0.38662113465124215,40,0.3125168587597236,0.05591942132945575,0.0030195053268233796
NA,overall,0.38964063997806564,35,0.310283538199069,0.05591942132945575,0.0030195053268233796
NA,overall,0.39266014530488913,43,0.3080703073978952,0.05591942132945575,0.0030195053268233796
NA,overall,0.3956796506317126,27,0.30587459696066815,0.05591942132945575,0.0030195053268233796
NA,overall,0.3986991559585361,40,0.3036940256362957,0.05591942132945575,0.0030195053268233796
NA,overall,0.4017186612853596,40,0.3015264136002301,0.05591942132945575,0.0030195053268233796
NA,overall,0.4047381666121831,39,0.29937056549741753,0.05591942132945575,0.0030195053268233796
NA,overall,0.40775767193900647,39,0.2972238112778997,0.05591942132945575,0.0030195053268233796
NA,overall,0.41077717726582996,32,0.2950848805355462,0.05591942132945575,0.0030195053268233796
NA,overall,0.41379668259265345,46,0.2929521708602388,0.05591942132945575,0.0030195053268233796
NA,overall,0.41681618791947694,28,0.29082245834198356,0.05591942132945575,0.0030195053268233796
NA,overall,0.41983569324630043,38,0.2886963315789283,0.05591942132945575,0.0030195053268233796
NA,overall,0.4228551985731239,43,0.2865721757328836,0.05591942132945575,0.0030195053268233796
NA,overall,0.4258747038999474,41,0.28444784017105335,0.05591942132945575,0.0030195053268233796
NA,overall,0.4288942092267708,39,0.2823223996717956,0.05591942132945575,0.0030195053268233796
NA,overall,0.4319137145535943,40,0.2801950842127267,0.05591942132945575,0.0030195053268233796
NA,overall,0.4349332198804178,32,0.2780660896752154,0.05591942132945575,0.0030195053268233796
NA,overall,0.43795272520724127,35,0.2759337886220086,0.05591942132945575,0.0030195053268233796
NA,overall,0.44097223053406476,40,0.2737970624855592,0.05591942132945575,0.0030195053268233796
NA,overall,0.44399173586088825,42,0.2716567946622722,0.05591942132945575,0.0030195053268233796
NA,overall,0.44701124118771174,28,0.26951245400912016,0.05591942132945575,0.0030195053268233796
NA,overall,0.45003074651453523,22,0.26736451190086924,0.05591942132945575,0.0030195053268233796
NA,overall,0.4530502518413587,32,0.2652126188823914,0.05591942132945575,0.0030195053268233796
NA,overall,0.4560697571681821,36,0.26305865263227307,0.05591942132945575,0.0030195053268233796
NA,overall,0.4590892624950056,38,0.26090206864541204,0.05591942132945575,0.0030195053268233796
NA,overall,0.4621087678218291,35,0.2587431321939962,0.05591942132945575,0.0030195053268233796
NA,overall,0.46512827314865257,29,0.2565835626711962,0.05591942132945575,0.0030195053268233796
NA,overall,0.46814777847547606,30,0.25442309722806444,0.05591942132945575,0.0030195053268233796
NA,overall,0.47116728380229955,33,0.2522630189600429,0.05591942132945575,0.0030195053268233796
NA,overall,0.47418678912912304,40,0.2501048386196939,0.05591942132945575,0.0030195053268233796
NA,overall,0.4772062944559464,30,0.24794895736463046,0.05591942132945575,0.0030195053268233796
NA,overall,0.4802257997827699,29,0.24579771527174227,0.05591942132945575,0.0030195053268233796
NA,overall,0.4832453051095934,41,0.2436511688000262,0.05591942132945575,0.0030195053268233796
NA,overall,0.4862648104364169,29,0.24151061657146278,0.05591942132945575,0.0030195053268233796
NA,overall,0.4892843157632404,27,0.2393766019206129,0.05591942132945575,0.0030195053268233796
NA,overall,0.4923038210900639,28,0.23725157280161105,0.05591942132945575,0.0030195053268233796
NA,overall,0.49532332641688737,23,0.23513658092370335,0.05591942132945575,0.0030195053268233796
NA,overall,0.49834283174371075,28,0.23303232749409145,0.05591942132945575,0.0030195053268233796
NA,overall,0.5013623370705342,28,0.23094048940035974,0.05591942132945575,0.0030195053268233796
NA,overall,0.5043818423973577,23,0.22886157596860457,0.05591942132945575,0.0030195053268233796
NA,overall,0.5074013477241812,27,0.22679759712789563,0.05591942132945575,0.0030195053268233796
NA,overall,0.5104208530510047,24,0.22474899038889265,0.05591942132945575,0.0030195053268233796
NA,overall,0.5134403583778282,28,0.22271800520911417,0.05591942132945575,0.0030195053268233796
NA,overall,0.5164598637046517,30,0.22070508013387766,0.05591942132945575,0.0030195053268233796
NA,overall,0.5194793690314751,37,0.21871019988458987,0.05591942132945575,0.0030195053268233796
NA,overall,0.5224988743582986,24,0.21673570934025493,0.05591942132945575,0.0030195053268233796
NA,overall,0.525518379685122,29,0.21478149571010133,0.05591942132945575,0.0030195053268233796
NA,overall,0.5285378850119455,24,0.21284865807320077,0.05591942132945575,0.0030195053268233796
NA,overall,0.531557390338769,28,0.21093831216090278,0.05591942132945575,0.0030195053268233796
NA,overall,0.5345768956655925,30,0.2090515343309415,0.05591942132945575,0.0030195053268233796
NA,overall,0.537596400992416,31,0.2071874822618729,0.05591942132945575,0.0030195053268233796
NA,overall,0.5406159063192394,30,0.20534688178887295,0.05591942132945575,0.0030195053268233796
NA,overall,0.5436354116460629,19,0.20353054612812957,0.05591942132945575,0.0030195053268233796
NA,overall,0.5466549169728864,26,0.20173859026056246,0.05591942132945575,0.0030195053268233796
NA,overall,0.5496744222997099,25,0.19997283483952294,0.05591942132945575,0.0030195053268233796
NA,overall,0.5526939276265335,19,0.19823224303155051,0.05591942132945575,0.0030195053268233796
NA,overall,0.5557134329533568,10,0.19651828069669108,0.05591942132945575,0.0030195053268233796
NA,overall,0.5587329382801802,25,0.1948294978518826,0.05591942132945575,0.0030195053268233796
NA,overall,0.5617524436070038,29,0.1931652657354277,0.05591942132945575,0.0030195053268233796
NA,overall,0.5647719489338272,24,0.1915275121234454,0.05591942132945575,0.0030195053268233796
NA,overall,0.5677914542606506,32,0.18991485782557502,0.05591942132945575,0.0030195053268233796
NA,overall,0.5708109595874742,30,0.1883276716565994,0.05591942132945575,0.0030195053268233796
NA,overall,0.5738304649142978,26,0.18676498650132667,0.05591942132945575,0.0030195053268233796
NA,overall,0.5768499702411212,16,0.1852272043650642,0.05591942132945575,0.0030195053268233796
NA,overall,0.5798694755679445,25,0.18371318501611195,0.05591942132945575,0.0030195053268233796
NA,overall,0.5828889808947681,19,0.18222207630167958,0.05591942132945575,0.0030195053268233796
NA,overall,0.5859084862215915,18,0.18075391170942953,0.05591942132945575,0.0030195053268233796
NA,overall,0.5889279915484149,22,0.17930738112813174,0.05591942132945575,0.0030195053268233796
NA,overall,0.5919474968752385,16,0.1778813978516323,0.05591942132945575,0.0030195053268233796
NA,overall,0.5949670022020621,20,0.1764771040203793,0.05591942132945575,0.0030195053268233796
NA,overall,0.5979865075288855,21,0.17509137965488408,0.05591942132945575,0.0030195053268233796
NA,overall,0.6010060128557089,18,0.17372395147945888,0.05591942132945575,0.0030195053268233796
NA,overall,0.6040255181825325,23,0.17237407386434392,0.05591942132945575,0.0030195053268233796
NA,overall,0.6070450235093559,19,0.17104090067939784,0.05591942132945575,0.0030195053268233796
NA,overall,0.6100645288361792,28,0.1697238127210353,0.05591942132945575,0.0030195053268233796
NA,overall,0.6130840341630028,17,0.168420489239117,0.05591942132945575,0.0030195053268233796
NA,overall,0.6161035394898264,22,0.16713110367393508,0.05591942132945575,0.0030195053268233796
NA,overall,0.6191230448166498,28,0.16585371475480845,0.05591942132945575,0.0030195053268233796
NA,overall,0.6221425501434732,20,0.1645885940730078,0.05591942132945575,0.0030195053268233796
NA,overall,0.6251620554702968,18,0.1633335225289013,0.05591942132945575,0.0030195053268233796
NA,overall,0.6281815607971202,25,0.1620877052446288,0.05591942132945575,0.0030195053268233796
NA,overall,0.6312010661239436,22,0.16085063782928716,0.05591942132945575,0.0030195053268233796
NA,overall,0.6342205714507672,19,0.15962178785133588,0.05591942132945575,0.0030195053268233796
NA,overall,0.6372400767775908,21,0.15840056932403054,0.05591942132945575,0.0030195053268233796
NA,overall,0.6402595821044141,15,0.15718568937703872,0.05591942132945575,0.0030195053268233796
NA,overall,0.6432790874312375,31,0.1559774887606241,0.05591942132945575,0.0030195053268233796
NA,overall,0.6462985927580611,25,0.1547743135169746,0.05591942132945575,0.0030195053268233796
NA,overall,0.6493180980848845,19,0.15357650365267847,0.05591942132945575,0.0030195053268233796
NA,overall,0.6523376034117079,11,0.1523837394679926,0.05591942132945575,0.0030195053268233796
NA,overall,0.6553571087385315,14,0.15119553150926884,0.05591942132945575,0.0030195053268233796
NA,overall,0.6583766140653551,23,0.1500121001648028,0.05591942132945575,0.0030195053268233796
NA,overall,0.6613961193921785,21,0.14883331264233918,0.05591942132945575,0.0030195053268233796
NA,overall,0.6644156247190018,20,0.1476590836367003,0.05591942132945575,0.0030195053268233796
NA,overall,0.6674351300458254,16,0.14648890125287772,0.05591942132945575,0.0030195053268233796
NA,overall,0.670454635372649,20,0.14532371471200636,0.05591942132945575,0.0030195053268233796
NA,overall,0.6734741406994724,13,0.1441642109132375,0.05591942132945575,0.0030195053268233796
NA,overall,0.6764936460262958,13,0.1430102586435789,0.05591942132945575,0.0030195053268233796
NA,overall,0.6795131513531194,13,0.14186146905246833,0.05591942132945575,0.0030195053268233796
NA,overall,0.6825326566799428,24,0.14071874773543877,0.05591942132945575,0.0030195053268233796
NA,overall,0.6855521620067662,19,0.1395832622211713,0.05591942132945575,0.0030195053268233796
NA,overall,0.6885716673335898,17,0.1384554181753678,0.05591942132945575,0.0030195053268233796
NA,overall,0.6915911726604134,15,0.13733582172611383,0.05591942132945575,0.0030195053268233796
NA,overall,0.6946106779872367,16,0.13622465199515793,0.05591942132945575,0.0030195053268233796
NA,overall,0.6976301833140601,21,0.13512338292057646,0.05591942132945575,0.0030195053268233796
NA,overall,0.7006496886408837,16,0.1340318368747469,0.05591942132945575,0.0030195053268233796
NA,overall,0.7036691939677071,23,0.13295160413963822,0.05591942132945575,0.0030195053268233796
NA,overall,0.7066886992945305,14,0.13188301329793867,0.05591942132945575,0.0030195053268233796
NA,overall,0.7097082046213541,18,0.13082592656941275,0.05591942132945575,0.0030195053268233796
NA,overall,0.7127277099481777,17,0.1297827300995484,0.05591942132945575,0.0030195053268233796
NA,overall,0.7157472152750011,19,0.1287527315368912,0.05591942132945575,0.0030195053268233796
NA,overall,0.7187667206018244,14,0.12773714174283754,0.05591942132945575,0.0030195053268233796
NA,overall,0.721786225928648,16,0.12673624752496732,0.05591942132945575,0.0030195053268233796
NA,overall,0.7248057312554714,20,0.12575026298209963,0.05591942132945575,0.0030195053268233796
NA,overall,0.7278252365822948,10,0.12477989965105654,0.05591942132945575,0.0030195053268233796
NA,overall,0.7308447419091184,15,0.12382585119705769,0.05591942132945575,0.0030195053268233796
NA,overall,0.733864247235942,13,0.1228877080567643,0.05591942132945575,0.0030195053268233796
NA,overall,0.7368837525627654,17,0.12196599060342173,0.05591942132945575,0.0030195053268233796
NA,overall,0.7399032578895888,11,0.12106021923201488,0.05591942132945575,0.0030195053268233796
NA,overall,0.7429227632164124,15,0.12017043102892191,0.05591942132945575,0.0030195053268233796
NA,overall,0.7459422685432358,16,0.11929659831497992,0.05591942132945575,0.0030195053268233796
NA,overall,0.7489617738700591,17,0.11843929818492721,0.05591942132945575,0.0030195053268233796
NA,overall,0.7519812791968827,14,0.1175968795685253,0.05591942132945575,0.0030195053268233796
NA,overall,0.7550007845237063,15,0.11677005281265605,0.05591942132945575,0.0030195053268233796
NA,overall,0.7580202898505297,17,0.11595720685747173,0.05591942132945575,0.0030195053268233796
NA,overall,0.7610397951773531,9,0.11515768140559182,0.05591942132945575,0.0030195053268233796
NA,overall,0.7640593005041767,8,0.11437131990162024,0.05591942132945575,0.0030195053268233796
NA,overall,0.7670788058310001,11,0.11359689166528984,0.05591942132945575,0.0030195053268233796
NA,overall,0.7700983111578235,6,0.11283443477795353,0.05591942132945575,0.0030195053268233796
NA,overall,0.7731178164846471,14,0.11208114938203068,0.05591942132945575,0.0030195053268233796
NA,overall,0.7761373218114707,16,0.11133653796137674,0.05591942132945575,0.0030195053268233796
NA,overall,0.779156827138294,18,0.11060015548302593,0.05591942132945575,0.0030195053268233796
NA,overall,0.7821763324651174,18,0.10987051670810224,0.05591942132945575,0.0030195053268233796
NA,overall,0.785195837791941,15,0.10914532624913716,0.05591942132945575,0.0030195053268233796
NA,overall,0.7882153431187644,11,0.10842411689609936,0.05591942132945575,0.0030195053268233796
NA,overall,0.7912348484455878,11,0.10770610572661145,0.05591942132945575,0.0030195053268233796
NA,overall,0.7942543537724114,13,0.10698952618284034,0.05591942132945575,0.0030195053268233796
NA,overall,0.797273859099235,16,0.10627415962518508,0.05591942132945575,0.0030195053268233796
NA,overall,0.8002933644260584,19,0.10555852240425304,0.05591942132945575,0.0030195053268233796
NA,overall,0.8033128697528817,17,0.10484224152493594,0.05591942132945575,0.0030195053268233796
NA,overall,0.8063323750797053,16,0.10412315016490904,0.05591942132945575,0.0030195053268233796
NA,overall,0.8093518804065287,16,0.1034014618792571,0.05591942132945575,0.0030195053268233796
NA,overall,0.8123713857333521,9,0.1026762233695176,0.05591942132945575,0.0030195053268233796
NA,overall,0.8153908910601757,9,0.10194636617280575,0.05591942132945575,0.0030195053268233796
NA,overall,0.8184103963869993,19,0.10121237640129865,0.05591942132945575,0.0030195053268233796
NA,overall,0.8214299017138227,9,0.10047317864947315,0.05591942132945575,0.0030195053268233796
NA,overall,0.8244494070406461,13,0.0997287077388068,0.05591942132945575,0.0030195053268233796
NA,overall,0.8274689123674697,14,0.09897948458035195,0.05591942132945575,0.0030195053268233796
NA,overall,0.830488417694293,10,0.098224722142364,0.05591942132945575,0.0030195053268233796
NA,overall,0.8335079230211164,15,0.09746538707875342,0.05591942132945575,0.0030195053268233796
NA,overall,0.83652742834794,12,0.09670076428819403,0.05591942132945575,0.0030195053268233796
NA,overall,0.8395469336747636,16,0.09593269313975972,0.05591942132945575,0.0030195053268233796
NA,overall,0.842566439001587,14,0.09516086701144126,0.05591942132945575,0.0030195053268233796
NA,overall,0.8455859443284104,13,0.0943859445305022,0.05591942132945575,0.0030195053268233796
NA,overall,0.848605449655234,16,0.09360884763472808,0.05591942132945575,0.0030195053268233796
NA,overall,0.8516249549820574,7,0.09283041963998326,0.05591942132945575,0.0030195053268233796
NA,overall,0.8546444603088807,5,0.09205060991112388,0.05591942132945575,0.0030195053268233796
NA,overall,0.8576639656357044,9,0.09127085319812941,0.05591942132945575,0.0030195053268233796
NA,overall,0.860683470962528,9,0.09049227918878283,0.05591942132945575,0.0030195053268233796
NA,overall,0.8637029762893513,16,0.08971552171853796,0.05591942132945575,0.0030195053268233796
NA,overall,0.8667224816161747,9,0.08894157950611627,0.05591942132945575,0.0030195053268233796
NA,overall,0.8697419869429983,9,0.08817012067681194,0.05591942132945575,0.0030195053268233796
NA,overall,0.8727614922698217,16,0.08740331098610638,0.05591942132945575,0.0030195053268233796
NA,overall,0.8757809975966451,15,0.08664182127984373,0.05591942132945575,0.0030195053268233796
NA,overall,0.8788005029234687,10,0.0858864840245478,0.05591942132945575,0.0030195053268233796
NA,overall,0.8818200082502923,15,0.08513730108412933,0.05591942132945575,0.0030195053268233796
NA,overall,0.8848395135771157,10,0.08439412902526637,0.05591942132945575,0.0030195053268233796
NA,overall,0.887859018903939,14,0.08365839906886845,0.05591942132945575,0.0030195053268233796
NA,overall,0.8908785242307626,7,0.08293051774306238,0.05591942132945575,0.0030195053268233796
NA,overall,0.893898029557586,11,0.08221033309559014,0.05591942132945575,0.0030195053268233796
NA,overall,0.8969175348844094,8,0.08149803207575722,0.05591942132945575,0.0030195053268233796
NA,overall,0.899937040211233,6,0.08079396936079344,0.05591942132945575,0.0030195053268233796
NA,overall,0.9029565455380566,4,0.08009780168473601,0.05591942132945575,0.0030195053268233796
NA,overall,0.90597605086488,3,0.07940923262174139,0.05591942132945575,0.0030195053268233796
NA,overall,0.9089955561917034,11,0.07872773174246891,0.05591942132945575,0.0030195053268233796
NA,overall,0.912015061518527,10,0.07805392448367572,0.05591942132945575,0.0030195053268233796
NA,overall,0.9150345668453503,7,0.07738727305728434,0.05591942132945575,0.0030195053268233796
NA,overall,0.9180540721721737,3,0.07672725056006914,0.05591942132945575,0.0030195053268233796
NA,overall,0.9210735774989973,15,0.0760734163322367,0.05591942132945575,0.0030195053268233796
NA,overall,0.9240930828258209,12,0.07542480077807115,0.05591942132945575,0.0030195053268233796
NA,overall,0.9271125881526443,10,0.07478143213949467,0.05591942132945575,0.0030195053268233796
NA,overall,0.9301320934794677,11,0.0741423829054166,0.05591942132945575,0.0030195053268233796
NA,overall,0.9331515988062913,8,0.07350762497467665,0.05591942132945575,0.0030195053268233796
NA,overall,0.9361711041331147,14,0.07287624979337806,0.05591942132945575,0.0030195053268233796
NA,overall,0.939190609459938,6,0.07224813204592477,0.05591942132945575,0.0030195053268233796
NA,overall,0.9422101147867616,13,0.07162242423907338,0.05591942132945575,0.0030195053268233796
NA,overall,0.9452296201135852,9,0.07099893107316199,0.05591942132945575,0.0030195053268233796
NA,overall,0.9482491254404086,10,0.07037715965344273,0.05591942132945575,0.0030195053268233796
NA,overall,0.951268630767232,11,0.06975674769455731,0.05591942132945575,0.0030195053268233796
NA,overall,0.9542881360940556,14,0.06913821237558869,0.05591942132945575,0.0030195053268233796
NA,overall,0.9573076414208792,13,0.06852066051215407,0.05591942132945575,0.0030195053268233796
NA,overall,0.9603271467477026,12,0.0679041166031796,0.05591942132945575,0.0030195053268233796
NA,overall,0.963346652074526,8,0.0672881006902815,0.05591942132945575,0.0030195053268233796
NA,overall,0.9663661574013496,4,0.06667325671564736,0.05591942132945575,0.0030195053268233796
NA,overall,0.969385662728173,7,0.06605922643211755,0.05591942132945575,0.0030195053268233796
NA,overall,0.9724051680549963,7,0.06544637984927679,0.05591942132945575,0.0030195053268233796
NA,overall,0.9754246733818199,2,0.06483468393165258,0.05591942132945575,0.0030195053268233796
NA,overall,0.9784441787086435,10,0.06422486009685241,0.05591942132945575,0.0030195053268233796
NA,overall,0.9814636840354669,7,0.06361669100743027,0.05591942132945575,0.0030195053268233796
NA,overall,0.9844831893622903,3,0.06301039858906118,0.05591942132945575,0.0030195053268233796
NA,overall,0.9875026946891139,10,0.062406797857570216,0.05591942132945575,0.0030195053268233796
NA,overall,0.9905222000159373,8,0.06180571986881945,0.05591942132945575,0.0030195053268233796
NA,overall,0.9935417053427607,16,0.061207317831346336,0.05591942132945575,0.0030195053268233796
NA,overall,0.9965612106695843,8,0.060612287857888435,0.05591942132945575,0.0030195053268233796
NA,overall,0.9995807159964079,4,0.06002036809065259,0.05591942132945575,0.0030195053268233796
NA,overall,1.0026002213232312,9,0.05943202866263282,0.05591942132945575,0.0030195053268233796
NA,overall,1.0056197266500546,6,0.058847501958742415,0.05591942132945575,0.0030195053268233796
NA,overall,1.0086392319768782,5,0.0582670217595363,0.05591942132945575,0.0030195053268233796
NA,overall,1.0116587373037016,5,0.05769108895978939,0.05591942132945575,0.0030195053268233796
NA,overall,1.014678242630525,4,0.05711963662383547,0.05591942132945575,0.0030195053268233796
NA,overall,1.0176977479573486,4,0.056552855834388516,0.05591942132945575,0.0030195053268233796
NA,overall,1.0207172532841722,10,0.055990421363909,0.05591942132945575,0.0030195053268233796
NA,overall,1.0237367586109956,6,0.055432487446001405,0.05591942132945575,0.0030195053268233796
NA,overall,1.026756263937819,9,0.05487903258862244,0.05591942132945575,0.0030195053268233796
NA,overall,1.0297757692646425,6,0.05433016545631894,0.05591942132945575,0.0030195053268233796
NA,overall,1.032795274591466,7,0.05378590180623867,0.05591942132945575,0.0030195053268233796
NA,overall,1.0358147799182893,8,0.05324593904990645,0.05591942132945575,0.0030195053268233796
NA,overall,1.038834285245113,4,0.052710883506157935,0.05591942132945575,0.0030195053268233796
NA,overall,1.0418537905719365,8,0.0521797765127024,0.05591942132945575,0.0030195053268233796
NA,overall,1.0448732958987599,7,0.05165229051307556,0.05591942132945575,0.0030195053268233796
NA,overall,1.0478928012255833,5,0.05112929646887056,0.05591942132945575,0.0030195053268233796
NA,overall,1.0509123065524069,10,0.05061015777071412,0.05591942132945575,0.0030195053268233796
NA,overall,1.0539318118792302,6,0.05009466171670767,0.05591942132945575,0.0030195053268233796
NA,overall,1.0569513172060536,8,0.04958299835480709,0.05591942132945575,0.0030195053268233796
NA,overall,1.0599708225328772,3,0.049074681209380425,0.05591942132945575,0.0030195053268233796
NA,overall,1.0629903278597008,6,0.04857013584892117,0.05591942132945575,0.0030195053268233796
NA,overall,1.0660098331865242,9,0.0480690386141878,0.05591942132945575,0.0030195053268233796
NA,overall,1.0690293385133476,12,0.04757131705147744,0.05591942132945575,0.0030195053268233796
NA,overall,1.0720488438401712,6,0.047077020891388516,0.05591942132945575,0.0030195053268233796
NA,overall,1.0750683491669946,9,0.04658629761398439,0.05591942132945575,0.0030195053268233796
NA,overall,1.078087854493818,4,0.046099597709887884,0.05591942132945575,0.0030195053268233796
NA,overall,1.0811073598206415,1,0.045616634242860575,0.05591942132945575,0.0030195053268233796
NA,overall,1.0841268651474651,4,0.04513704829692959,0.05591942132945575,0.0030195053268233796
NA,overall,1.0871463704742885,7,0.044661387522381475,0.05591942132945575,0.0030195053268233796
NA,overall,1.090165875801112,5,0.044189124859436456,0.05591942132945575,0.0030195053268233796
NA,overall,1.0931853811279355,2,0.04372134786830639,0.05591942132945575,0.0030195053268233796
NA,overall,1.0962048864547589,3,0.043257741907973164,0.05591942132945575,0.0030195053268233796
NA,overall,1.0992243917815823,4,0.042798180421321184,0.05591942132945575,0.0030195053268233796
NA,overall,1.1022438971084059,7,0.04234325860998526,0.05591942132945575,0.0030195053268233796
NA,overall,1.1052634024352295,9,0.04189335977872039,0.05591942132945575,0.0030195053268233796
NA,overall,1.1082829077620528,3,0.0414478485862701,0.05591942132945575,0.0030195053268233796
NA,overall,1.1113024130888762,5,0.04100746423208578,0.05591942132945575,0.0030195053268233796
NA,overall,1.1143219184156998,9,0.040572090214817856,0.05591942132945575,0.0030195053268233796
NA,overall,1.1173414237425232,3,0.040142219077668025,0.05591942132945575,0.0030195053268233796
NA,overall,1.1203609290693466,6,0.03971744581276207,0.05591942132945575,0.0030195053268233796
NA,overall,1.1233804343961702,4,0.03929815160849323,0.05591942132945575,0.0030195053268233796
NA,overall,1.1263999397229938,4,0.03888447127897952,0.05591942132945575,0.0030195053268233796
NA,overall,1.1294194450498172,1,0.03847644489292103,0.05591942132945575,0.0030195053268233796
NA,overall,1.1324389503766406,2,0.038074167001658304,0.05591942132945575,0.0030195053268233796
NA,overall,1.1354584557034642,4,0.03767743698121981,0.05591942132945575,0.0030195053268233796
NA,overall,1.1384779610302875,6,0.03728671328455375,0.05591942132945575,0.0030195053268233796
NA,overall,1.141497466357111,6,0.03690228392752848,0.05591942132945575,0.0030195053268233796
NA,overall,1.1445169716839345,9,0.03652417043029431,0.05591942132945575,0.0030195053268233796
NA,overall,1.1475364770107581,6,0.03615180918455624,0.05591942132945575,0.0030195053268233796
NA,overall,1.1505559823375815,4,0.03578597708861745,0.05591942132945575,0.0030195053268233796
NA,overall,1.1535754876644049,6,0.035426917976066015,0.05591942132945575,0.0030195053268233796
NA,overall,1.1565949929912285,2,0.03507450876802482,0.05591942132945575,0.0030195053268233796
NA,overall,1.1596144983180519,4,0.03472920251170127,0.05591942132945575,0.0030195053268233796
NA,overall,1.1626340036448752,7,0.03439043809163847,0.05591942132945575,0.0030195053268233796
NA,overall,1.1656535089716988,5,0.034059166169548294,0.05591942132945575,0.0030195053268233796
NA,overall,1.1686730142985224,1,0.03373487187466556,0.05591942132945575,0.0030195053268233796
NA,overall,1.1716925196253458,2,0.03341814650629383,0.05591942132945575,0.0030195053268233796
NA,overall,1.1747120249521692,3,0.033109206044331,0.05591942132945575,0.0030195053268233796
NA,overall,1.1777315302789928,5,0.0328078778947988,0.05591942132945575,0.0030195053268233796
NA,overall,1.1807510356058162,8,0.0325144430971621,0.05591942132945575,0.0030195053268233796
NA,overall,1.1837705409326396,6,0.032229230711913325,0.05591942132945575,0.0030195053268233796
NA,overall,1.1867900462594632,2,0.031952552007179745,0.05591942132945575,0.0030195053268233796
NA,overall,1.1898095515862868,1,0.031684366885556765,0.05591942132945575,0.0030195053268233796
NA,overall,1.1928290569131101,2,0.03142489912293051,0.05591942132945575,0.0030195053268233796
NA,overall,1.1958485622399335,4,0.03117389045413687,0.05591942132945575,0.0030195053268233796
NA,overall,1.1988680675667571,2,0.030931534032105714,0.05591942132945575,0.0030195053268233796
NA,overall,1.2018875728935805,6,0.030698093569246323,0.05591942132945575,0.0030195053268233796
NA,overall,1.2049070782204039,5,0.030473139002638486,0.05591942132945575,0.0030195053268233796
NA,overall,1.2079265835472275,4,0.030257093204159723,0.05591942132945575,0.0030195053268233796
NA,overall,1.210946088874051,4,0.030049949598538742,0.05591942132945575,0.0030195053268233796
NA,overall,1.2139655942008745,3,0.02985087398981062,0.05591942132945575,0.0030195053268233796
NA,overall,1.2169850995276978,3,0.029660390775401443,0.05591942132945575,0.0030195053268233796
NA,overall,1.2200046048545214,3,0.029477692752318034,0.05591942132945575,0.0030195053268233796
NA,overall,1.223024110181345,5,0.029303207368775952,0.05591942132945575,0.0030195053268233796
NA,overall,1.2260436155081684,4,0.029136420221310397,0.05591942132945575,0.0030195053268233796
NA,overall,1.2290631208349918,3,0.02897654915673911,0.05591942132945575,0.0030195053268233796
NA,overall,1.2320826261618154,1,0.028823425120850933,0.05591942132945575,0.0030195053268233796
NA,overall,1.2351021314886388,3,0.028676472874675635,0.05591942132945575,0.0030195053268233796
NA,overall,1.2381216368154622,1,0.028535149758409217,0.05591942132945575,0.0030195053268233796
NA,overall,1.2411411421422858,5,0.028399100261866716,0.05591942132945575,0.0030195053268233796
NA,overall,1.2441606474691094,3,0.028267404187304047,0.05591942132945575,0.0030195053268233796
NA,overall,1.2471801527959328,4,0.028139345611228245,0.05591942132945575,0.0030195053268233796
NA,overall,1.2501996581227561,4,0.02801474198138048,0.05591942132945575,0.0030195053268233796
NA,overall,1.2532191634495797,2,0.02789225365915427,0.05591942132945575,0.0030195053268233796
NA,overall,1.2562386687764031,3,0.027771777813186026,0.05591942132945575,0.0030195053268233796
NA,overall,1.2592581741032265,1,0.02765228645649385,0.05591942132945575,0.0030195053268233796
NA,overall,1.26227767943005,6,0.02753301726025023,0.05591942132945575,0.0030195053268233796
NA,overall,1.2652971847568737,2,0.02741372363812102,0.05591942132945575,0.0030195053268233796
NA,overall,1.268316690083697,3,0.02729316808488291,0.05591942132945575,0.0030195053268233796
NA,overall,1.2713361954105205,3,0.02717073344908861,0.05591942132945575,0.0030195053268233796
NA,overall,1.274355700737344,7,0.0270461187424594,0.05591942132945575,0.0030195053268233796
NA,overall,1.2773752060641674,5,0.02691823198583363,0.05591942132945575,0.0030195053268233796
NA,overall,1.2803947113909908,4,0.026787035967366504,0.05591942132945575,0.0030195053268233796
NA,overall,1.2834142167178144,4,0.026651705908567136,0.05591942132945575,0.0030195053268233796
NA,overall,1.286433722044638,5,0.02651208473712154,0.05591942132945575,0.0030195053268233796
NA,overall,1.2894532273714614,7,0.026367584102422445,0.05591942132945575,0.0030195053268233796
NA,overall,1.2924727326982848,2,0.02621772462399727,0.05591942132945575,0.0030195053268233796
NA,overall,1.2954922380251084,0,0.02606227270588424,0.05591942132945575,0.0030195053268233796
NA,overall,1.2985117433519318,4,0.025901534408647453,0.05591942132945575,0.0030195053268233796
NA,overall,1.3015312486787551,4,0.025734970780225377,0.05591942132945575,0.0030195053268233796
NA,overall,1.3045507540055787,5,0.025562841144744414,0.05591942132945575,0.0030195053268233796
NA,overall,1.3075702593324023,3,0.025385135848443367,0.05591942132945575,0.0030195053268233796
NA,overall,1.3105897646592257,5,0.025201605542785048,0.05591942132945575,0.0030195053268233796
NA,overall,1.313609269986049,1,0.025012510428682893,0.05591942132945575,0.0030195053268233796
NA,overall,1.3166287753128727,2,0.02481829711847663,0.05591942132945575,0.0030195053268233796
NA,overall,1.319648280639696,2,0.024619221116083122,0.05591942132945575,0.0030195053268233796
NA,overall,1.3226677859665195,3,0.024415513255111928,0.05591942132945575,0.0030195053268233796
NA,overall,1.325687291293343,4,0.024207416054749874,0.05591942132945575,0.0030195053268233796
NA,overall,1.3287067966201667,6,0.023995427047225334,0.05591942132945575,0.0030195053268233796
NA,overall,1.33172630194699,3,0.023779981587524996,0.05591942132945575,0.0030195053268233796
NA,overall,1.3347458072738134,2,0.02356194645507408,0.05591942132945575,0.0030195053268233796
NA,overall,1.337765312600637,5,0.023341500632925914,0.05591942132945575,0.0030195053268233796
NA,overall,1.3407848179274604,4,0.023119053463734187,0.05591942132945575,0.0030195053268233796
NA,overall,1.3438043232542838,4,0.022895757848302296,0.05591942132945575,0.0030195053268233796
NA,overall,1.3468238285811074,2,0.022671577612922544,0.05591942132945575,0.0030195053268233796
NA,overall,1.349843333907931,2,0.022447195912337275,0.05591942132945575,0.0030195053268233796
NA,overall,1.3528628392347544,1,0.02222310969151992,0.05591942132945575,0.0030195053268233796
NA,overall,1.3558823445615777,1,0.021999959303232265,0.05591942132945575,0.0030195053268233796
NA,overall,1.3589018498884013,3,0.02177794848208719,0.05591942132945575,0.0030195053268233796
NA,overall,1.3619213552152247,2,0.02155759346365032,0.05591942132945575,0.0030195053268233796
NA,overall,1.364940860542048,3,0.021339338650927374,0.05591942132945575,0.0030195053268233796
NA,overall,1.3679603658688717,2,0.02112356689502593,0.05591942132945575,0.0030195053268233796
NA,overall,1.3709798711956953,3,0.020910456932302746,0.05591942132945575,0.0030195053268233796
NA,overall,1.3739993765225187,1,0.020700764283330002,0.05591942132945575,0.0030195053268233796
NA,overall,1.377018881849342,3,0.020494446774560623,0.05591942132945575,0.0030195053268233796
NA,overall,1.3800383871761657,3,0.020291706816265454,0.05591942132945575,0.0030195053268233796
NA,overall,1.383057892502989,5,0.020092794769414325,0.05591942132945575,0.0030195053268233796
NA,overall,1.3860773978298124,2,0.01989771122809961,0.05591942132945575,0.0030195053268233796
NA,overall,1.389096903156636,1,0.01970641105726331,0.05591942132945575,0.0030195053268233796
NA,overall,1.3921164084834596,2,0.019519185633586213,0.05591942132945575,0.0030195053268233796
NA,overall,1.395135913810283,0,0.01933609599030794,0.05591942132945575,0.0030195053268233796
NA,overall,1.3981554191371064,4,0.019156768471850587,0.05591942132945575,0.0030195053268233796
NA,overall,1.40117492446393,1,0.018981242860329962,0.05591942132945575,0.0030195053268233796
NA,overall,1.4041944297907534,2,0.018809215126121184,0.05591942132945575,0.0030195053268233796
NA,overall,1.4072139351175768,2,0.01864061345984232,0.05591942132945575,0.0030195053268233796
NA,overall,1.4102334404444004,5,0.018475709689379935,0.05591942132945575,0.0030195053268233796
NA,overall,1.413252945771224,2,0.018314202528705942,0.05591942132945575,0.0030195053268233796
NA,overall,1.4162724510980473,2,0.018155715164631502,0.05591942132945575,0.0030195053268233796
NA,overall,1.4192919564248707,2,0.0180000568612891,0.05591942132945575,0.0030195053268233796
NA,overall,1.4223114617516943,1,0.017846890740687297,0.05591942132945575,0.0030195053268233796
NA,overall,1.4253309670785177,0,0.017696440912237037,0.05591942132945575,0.0030195053268233796
NA,overall,1.428350472405341,3,0.017547899463090818,0.05591942132945575,0.0030195053268233796
NA,overall,1.4313699777321647,3,0.01740148303813701,0.05591942132945575,0.0030195053268233796
NA,overall,1.4343894830589883,4,0.017256989829540336,0.05591942132945575,0.0030195053268233796
NA,overall,1.4374089883858117,2,0.01711418454409922,0.05591942132945575,0.0030195053268233796
NA,overall,1.440428493712635,4,0.016972949134483724,0.05591942132945575,0.0030195053268233796
NA,overall,1.4434479990394586,4,0.01683301939096235,0.05591942132945575,0.0030195053268233796
NA,overall,1.446467504366282,2,0.016694306204744574,0.05591942132945575,0.0030195053268233796
NA,overall,1.4494870096931054,2,0.016556653917154565,0.05591942132945575,0.0030195053268233796
NA,overall,1.452506515019929,3,0.01642001420359401,0.05591942132945575,0.0030195053268233796
NA,overall,1.4555260203467526,1,0.016284332564644764,0.05591942132945575,0.0030195053268233796
NA,overall,1.458545525673576,0,0.016149630079878866,0.05591942132945575,0.0030195053268233796
NA,overall,1.4615650310003994,0,0.016015599828890482,0.05591942132945575,0.0030195053268233796
NA,overall,1.464584536327223,3,0.01588235082377372,0.05591942132945575,0.0030195053268233796
NA,overall,1.4676040416540463,1,0.015749657427114993,0.05591942132945575,0.0030195053268233796
NA,overall,1.4706235469808697,3,0.015617774586606176,0.05591942132945575,0.0030195053268233796
NA,overall,1.4736430523076933,4,0.015486531136736375,0.05591942132945575,0.0030195053268233796
NA,overall,1.476662557634517,0,0.015355982527906731,0.05591942132945575,0.0030195053268233796
NA,overall,1.4796820629613403,2,0.015226226539501425,0.05591942132945575,0.0030195053268233796
NA,overall,1.4827015682881637,2,0.015097056782411135,0.05591942132945575,0.0030195053268233796
NA,overall,1.4857210736149873,1,0.014968857563405612,0.05591942132945575,0.0030195053268233796
NA,overall,1.4887405789418107,4,0.014841165975119733,0.05591942132945575,0.0030195053268233796
NA,overall,1.491760084268634,4,0.01471435918363407,0.05591942132945575,0.0030195053268233796
NA,overall,1.4947795895954576,0,0.01458827436343966,0.05591942132945575,0.0030195053268233796
NA,overall,1.4977990949222812,2,0.014462988580402797,0.05591942132945575,0.0030195053268233796
NA,overall,1.5008186002491046,1,0.014338333064365263,0.05591942132945575,0.0030195053268233796
NA,overall,1.503838105575928,1,0.014214756375589341,0.05591942132945575,0.0030195053268233796
NA,overall,1.5068576109027516,1,0.01409193838037924,0.05591942132945575,0.0030195053268233796
NA,overall,1.5098771162295752,0,0.013970029113605165,0.05591942132945575,0.0030195053268233796
NA,overall,1.5128966215563986,3,0.013848945589537818,0.05591942132945575,0.0030195053268233796
NA,overall,1.515916126883222,2,0.013728716883179976,0.05591942132945575,0.0030195053268233796
NA,overall,1.5189356322100456,1,0.01360953325129641,0.05591942132945575,0.0030195053268233796
NA,overall,1.521955137536869,1,0.013491301127428496,0.05591942132945575,0.0030195053268233796
NA,overall,1.5249746428636923,2,0.013373787851383578,0.05591942132945575,0.0030195053268233796
NA,overall,1.527994148190516,1,0.013257182338921572,0.05591942132945575,0.0030195053268233796
NA,overall,1.5310136535173395,2,0.013141384095048947,0.05591942132945575,0.0030195053268233796
NA,overall,1.534033158844163,2,0.013026591131610971,0.05591942132945575,0.0030195053268233796
NA,overall,1.5370526641709863,3,0.012912657409729843,0.05591942132945575,0.0030195053268233796
NA,overall,1.54007216949781,3,0.012799784462107139,0.05591942132945575,0.0030195053268233796
NA,overall,1.5430916748246333,2,0.012687809444605595,0.05591942132945575,0.0030195053268233796
NA,overall,1.5461111801514567,3,0.012576696573020634,0.05591942132945575,0.0030195053268233796
NA,overall,1.5491306854782803,1,0.012466454417277116,0.05591942132945575,0.0030195053268233796
NA,overall,1.5521501908051039,2,0.012357158306007105,0.05591942132945575,0.0030195053268233796
NA,overall,1.5551696961319272,1,0.01224867444362197,0.05591942132945575,0.0030195053268233796
NA,overall,1.5581892014587506,0,0.012141304645923143,0.05591942132945575,0.0030195053268233796
NA,overall,1.5612087067855742,1,0.012034927026830788,0.05591942132945575,0.0030195053268233796
NA,overall,1.5642282121123976,1,0.011929348936339991,0.05591942132945575,0.0030195053268233796
NA,overall,1.567247717439221,3,0.011824786582720294,0.05591942132945575,0.0030195053268233796
NA,overall,1.5702672227660446,3,0.011721235149150975,0.05591942132945575,0.0030195053268233796
NA,overall,1.5732867280928682,1,0.01161873528593265,0.05591942132945575,0.0030195053268233796
NA,overall,1.5763062334196916,1,0.011517107593270258,0.05591942132945575,0.0030195053268233796
NA,overall,1.579325738746515,1,0.011416548275471847,0.05591942132945575,0.0030195053268233796
NA,overall,1.5823452440733385,0,0.011316836794921568,0.05591942132945575,0.0030195053268233796
NA,overall,1.585364749400162,1,0.011217907580978579,0.05591942132945575,0.0030195053268233796
NA,overall,1.5883842547269853,2,0.011119836755693288,0.05591942132945575,0.0030195053268233796
NA,overall,1.591403760053809,1,0.011022591085847723,0.05591942132945575,0.0030195053268233796
NA,overall,1.5944232653806325,0,0.010926132832606092,0.05591942132945575,0.0030195053268233796
NA,overall,1.5974427707074559,2,0.010830362190012634,0.05591942132945575,0.0030195053268233796
NA,overall,1.6004622760342793,0,0.010735382378575173,0.05591942132945575,0.0030195053268233796
NA,overall,1.6034817813611029,2,0.01064111117914336,0.05591942132945575,0.0030195053268233796
NA,overall,1.6065012866879262,0,0.010547419903553575,0.05591942132945575,0.0030195053268233796
NA,overall,1.6095207920147496,2,0.010454154487481519,0.05591942132945575,0.0030195053268233796
NA,overall,1.6125402973415732,2,0.010361561340270336,0.05591942132945575,0.0030195053268233796
NA,overall,1.6155598026683968,2,0.010269522681802212,0.05591942132945575,0.0030195053268233796
NA,overall,1.6185793079952202,2,0.010177902088286322,0.05591942132945575,0.0030195053268233796
NA,overall,1.6215988133220436,1,0.010086589195161682,0.05591942132945575,0.0030195053268233796
NA,overall,1.6246183186488672,2,0.00999538025728545,0.05591942132945575,0.0030195053268233796
NA,overall,1.6276378239756906,0,0.009904657076898327,0.05591942132945575,0.0030195053268233796
NA,overall,1.630657329302514,0,0.009814059233514623,0.05591942132945575,0.0030195053268233796
NA,overall,1.6336768346293375,3,0.009723712462879973,0.05591942132945575,0.0030195053268233796
NA,overall,1.6366963399561612,2,0.009633341253716848,0.05591942132945575,0.0030195053268233796
NA,overall,1.6397158452829845,1,0.009543327813017729,0.05591942132945575,0.0030195053268233796
NA,overall,1.642735350609808,2,0.00945337059527464,0.05591942132945575,0.0030195053268233796
NA,overall,1.6457548559366315,1,0.009363551714145648,0.05591942132945575,0.0030195053268233796
NA,overall,1.648774361263455,4,0.00927379569677096,0.05591942132945575,0.0030195053268233796
NA,overall,1.6517938665902783,1,0.00918418042307974,0.05591942132945575,0.0030195053268233796
NA,overall,1.6548133719171019,1,0.009094394076680244,0.05591942132945575,0.0030195053268233796
NA,overall,1.6578328772439255,1,0.009004640180014751,0.05591942132945575,0.0030195053268233796
NA,overall,1.6608523825707489,1,0.008914856845870602,0.05591942132945575,0.0030195053268233796
NA,overall,1.6638718878975722,1,0.008825179369690688,0.05591942132945575,0.0030195053268233796
NA,overall,1.6668913932243958,0,0.008735446423990307,0.05591942132945575,0.0030195053268233796
NA,overall,1.6699108985512192,0,0.008645658375331386,0.05591942132945575,0.0030195053268233796
NA,overall,1.6729304038780426,1,0.008555943944581824,0.05591942132945575,0.0030195053268233796
NA,overall,1.6759499092048662,0,0.008466240346770964,0.05591942132945575,0.0030195053268233796
NA,overall,1.6789694145316898,0,0.00837645392092209,0.05591942132945575,0.0030195053268233796
NA,overall,1.6819889198585132,1,0.008286678671542834,0.05591942132945575,0.0030195053268233796
NA,overall,1.6850084251853366,1,0.008196956944077304,0.05591942132945575,0.0030195053268233796
NA,overall,1.6880279305121602,0,0.008107142362853752,0.05591942132945575,0.0030195053268233796
NA,overall,1.6910474358389835,1,0.008017161204999602,0.05591942132945575,0.0030195053268233796
NA,overall,1.694066941165807,1,0.007927300721950943,0.05591942132945575,0.0030195053268233796
NA,overall,1.6970864464926305,1,0.007837443372922056,0.05591942132945575,0.0030195053268233796
NA,overall,1.7001059518194541,1,0.007747595623588553,0.05591942132945575,0.0030195053268233796
NA,overall,1.7031254571462775,1,0.007658213850734964,0.05591942132945575,0.0030195053268233796
NA,overall,1.7061449624731009,0,0.007568839636479031,0.05591942132945575,0.0030195053268233796
NA,overall,1.7091644677999245,3,0.007479761935400034,0.05591942132945575,0.0030195053268233796
NA,overall,1.7121839731267479,3,0.007391120878603148,0.05591942132945575,0.0030195053268233796
NA,overall,1.7152034784535712,1,0.007302828090304729,0.05591942132945575,0.0030195053268233796
NA,overall,1.7182229837803948,1,0.00721523188819121,0.05591942132945575,0.0030195053268233796
NA,overall,1.7212424891072184,1,0.0071285471700139385,0.05591942132945575,0.0030195053268233796
NA,overall,1.7242619944340418,1,0.007042647554974376,0.05591942132945575,0.0030195053268233796
NA,overall,1.7272814997608652,3,0.006958085039095042,0.05591942132945575,0.0030195053268233796
NA,overall,1.7303010050876888,0,0.006874561999413803,0.05591942132945575,0.0030195053268233796
NA,overall,1.7333205104145122,1,0.006792441689730014,0.05591942132945575,0.0030195053268233796
NA,overall,1.7363400157413356,1,0.006712009248114156,0.05591942132945575,0.0030195053268233796
NA,overall,1.7393595210681592,2,0.006633148313408188,0.05591942132945575,0.0030195053268233796
NA,overall,1.7423790263949828,0,0.006556301073234342,0.05591942132945575,0.0030195053268233796
NA,overall,1.7453985317218061,0,0.0064816864080038524,0.05591942132945575,0.0030195053268233796
NA,overall,1.7484180370486295,1,0.0064093096486250965,0.05591942132945575,0.0030195053268233796
NA,overall,1.7514375423754531,1,0.006339323558667472,0.05591942132945575,0.0030195053268233796
NA,overall,1.7544570477022765,0,0.006271966784476233,0.05591942132945575,0.0030195053268233796
NA,overall,1.7574765530290999,0,0.006207367087856778,0.05591942132945575,0.0030195053268233796
NA,overall,1.7604960583559235,1,0.0061454692711872955,0.05591942132945575,0.0030195053268233796
NA,overall,1.763515563682747,0,0.006086501899379565,0.05591942132945575,0.0030195053268233796
NA,overall,1.7665350690095705,1,0.0060303543750238695,0.05591942132945575,0.0030195053268233796
NA,overall,1.7695545743363938,0,0.005977173103187689,0.05591942132945575,0.0030195053268233796
NA,overall,1.7725740796632175,0,0.005926888547500896,0.05591942132945575,0.0030195053268233796
NA,overall,1.7755935849900408,1,0.005879492069079591,0.05591942132945575,0.0030195053268233796
NA,overall,1.7786130903168642,0,0.005834839946605528,0.05591942132945575,0.0030195053268233796
NA,overall,1.7816325956436878,0,0.005792813910795286,0.05591942132945575,0.0030195053268233796
NA,overall,1.7846521009705114,0,0.005753299726256191,0.05591942132945575,0.0030195053268233796
NA,overall,1.7876716062973348,0,0.005716015508303795,0.05591942132945575,0.0030195053268233796
NA,overall,1.7906911116241582,0,0.005680812120108047,0.05591942132945575,0.0030195053268233796
NA,overall,1.7937106169509818,1,0.005647365043538523,0.05591942132945575,0.0030195053268233796
NA,overall,1.7967301222778054,1,0.005615650109949544,0.05591942132945575,0.0030195053268233796
NA,overall,1.7997496276046288,0,0.00558528481050465,0.05591942132945575,0.0030195053268233796
NA,overall,1.8027691329314521,2,0.005556026660037115,0.05591942132945575,0.0030195053268233796
NA,overall,1.8057886382582757,1,0.0055274885309908334,0.05591942132945575,0.0030195053268233796
NA,overall,1.8088081435850991,1,0.005499476840026937,0.05591942132945575,0.0030195053268233796
NA,overall,1.8118276489119225,0,0.005471605076977119,0.05591942132945575,0.0030195053268233796
NA,overall,1.814847154238746,1,0.005443665953762068,0.05591942132945575,0.0030195053268233796
NA,overall,1.8178666595655697,0,0.005415396092165131,0.05591942132945575,0.0030195053268233796
NA,overall,1.820886164892393,0,0.005386585195955058,0.05591942132945575,0.0030195053268233796
NA,overall,1.8239056702192165,0,0.0053568600820423735,0.05591942132945575,0.0030195053268233796
NA,overall,1.82692517554604,3,0.005326228736163222,0.05591942132945575,0.0030195053268233796
NA,overall,1.8299446808728634,2,0.0052943140010074325,0.05591942132945575,0.0030195053268233796
NA,overall,1.8329641861996868,1,0.005261183714654083,0.05591942132945575,0.0030195053268233796
NA,overall,1.8359836915265104,1,0.00522652518889686,0.05591942132945575,0.0030195053268233796
NA,overall,1.839003196853334,2,0.0051903807249509114,0.05591942132945575,0.0030195053268233796
NA,overall,1.8420227021801574,3,0.00515271220170497,0.05591942132945575,0.0030195053268233796
NA,overall,1.8450422075069808,0,0.005113516763715242,0.05591942132945575,0.0030195053268233796
NA,overall,1.8480617128338044,0,0.005072872543033529,0.05591942132945575,0.0030195053268233796
NA,overall,1.8510812181606278,1,0.005030741310814216,0.05591942132945575,0.0030195053268233796
NA,overall,1.8541007234874511,0,0.004987368723948928,0.05591942132945575,0.0030195053268233796
NA,overall,1.8571202288142747,1,0.004942765314462487,0.05591942132945575,0.0030195053268233796
NA,overall,1.8601397341410983,0,0.004896941356325988,0.05591942132945575,0.0030195053268233796
NA,overall,1.8631592394679217,1,0.004850339287480848,0.05591942132945575,0.0030195053268233796
NA,overall,1.866178744794745,0,0.004803087004234764,0.05591942132945575,0.0030195053268233796
NA,overall,1.8691982501215687,1,0.004755222829410473,0.05591942132945575,0.0030195053268233796
NA,overall,1.872217755448392,0,0.004707102311194315,0.05591942132945575,0.0030195053268233796
NA,overall,1.8752372607752155,1,0.004658737523476607,0.05591942132945575,0.0030195053268233796
NA,overall,1.878256766102039,0,0.004610644448322319,0.05591942132945575,0.0030195053268233796
NA,overall,1.8812762714288627,0,0.004562911016186723,0.05591942132945575,0.0030195053268233796
NA,overall,1.884295776755686,0,0.004515628871554695,0.05591942132945575,0.0030195053268233796
NA,overall,1.8873152820825094,0,0.004469082812838847,0.05591942132945575,0.0030195053268233796
NA,overall,1.890334787409333,1,0.00442339152687306,0.05591942132945575,0.0030195053268233796
NA,overall,1.8933542927361564,0,0.004378746975086513,0.05591942132945575,0.0030195053268233796
NA,overall,1.8963737980629798,0,0.004335158148704021,0.05591942132945575,0.0030195053268233796
NA,overall,1.8993933033898034,1,0.00429272249066752,0.05591942132945575,0.0030195053268233796
NA,overall,1.902412808716627,1,0.004251613089673223,0.05591942132945575,0.0030195053268233796
NA,overall,1.9054323140434504,0,0.004211815172412605,0.05591942132945575,0.0030195053268233796
NA,overall,1.9084518193702737,1,0.004173297030632619,0.05591942132945575,0.0030195053268233796
NA,overall,1.9114713246970974,0,0.004136159294739379,0.05591942132945575,0.0030195053268233796
NA,overall,1.9144908300239207,0,0.004100420120097377,0.05591942132945575,0.0030195053268233796
NA,overall,1.917510335350744,0,0.004065751788578926,0.05591942132945575,0.0030195053268233796
NA,overall,1.9205298406775677,1,0.00403221415186139,0.05591942132945575,0.0030195053268233796
NA,overall,1.9235493460043913,0,0.003999693830716713,0.05591942132945575,0.0030195053268233796
NA,overall,1.9265688513312147,2,0.003968057856362907,0.05591942132945575,0.0030195053268233796
NA,overall,1.929588356658038,0,0.003937156413682584,0.05591942132945575,0.0030195053268233796
NA,overall,1.9326078619848617,0,0.0039068724868800055,0.05591942132945575,0.0030195053268233796
NA,overall,1.935627367311685,0,0.0038768360409873882,0.05591942132945575,0.0030195053268233796
NA,overall,1.9386468726385084,0,0.0038470348201824515,0.05591942132945575,0.0030195053268233796
NA,overall,1.941666377965332,1,0.0038174308977977083,0.05591942132945575,0.0030195053268233796
NA,overall,1.9446858832921556,0,0.003787621651980861,0.05591942132945575,0.0030195053268233796
NA,overall,1.947705388618979,0,0.003757530366118239,0.05591942132945575,0.0030195053268233796
NA,overall,1.9507248939458024,4,0.0037268799585234314,0.05591942132945575,0.0030195053268233796
NA,overall,1.953744399272626,0,0.0036954587434558915,0.05591942132945575,0.0030195053268233796
NA,overall,1.9567639045994494,0,0.0036633658265912404,0.05591942132945575,0.0030195053268233796
NA,overall,1.9597834099262728,1,0.0036302463434644294,0.05591942132945575,0.0030195053268233796
NA,overall,1.9628029152530964,0,0.003596039051163751,0.05591942132945575,0.0030195053268233796
NA,overall,1.96582242057992,0,0.003560597994127833,0.05591942132945575,0.0030195053268233796
NA,overall,1.9688419259067433,1,0.00352399466327097,0.05591942132945575,0.0030195053268233796
NA,overall,1.9718614312335667,0,0.00348606112062792,0.05591942132945575,0.0030195053268233796
NA,overall,1.9748809365603903,0,0.00344672245865126,0.05591942132945575,0.0030195053268233796
NA,overall,1.9779004418872137,0,0.0034060307550369782,0.05591942132945575,0.0030195053268233796
NA,overall,1.980919947214037,2,0.0033640519616271124,0.05591942132945575,0.0030195053268233796
NA,overall,1.9839394525408607,0,0.0033207745902913283,0.05591942132945575,0.0030195053268233796
NA,overall,1.9869589578676843,2,0.0032762226157981088,0.05591942132945575,0.0030195053268233796
NA,overall,1.9899784631945077,0,0.0032305924307206688,0.05591942132945575,0.0030195053268233796
NA,overall,1.992997968521331,0,0.003183895786522704,0.05591942132945575,0.0030195053268233796
NA,overall,1.9960174738481546,1,0.0031363719383429235,0.05591942132945575,0.0030195053268233796
NA,overall,1.9990369791749782,0,0.0030881186019019262,0.05591942132945575,0.0030195053268233796
NA,overall,2.0020564845018014,1,0.003039261086915833,0.05591942132945575,0.0030195053268233796
NA,overall,2.005075989828625,0,0.0029900876559801432,0.05591942132945575,0.0030195053268233796
NA,overall,2.0080954951554486,0,0.0029407956012124157,0.05591942132945575,0.0030195053268233796
NA,overall,2.0111150004822718,0,0.0028915463368521677,0.05591942132945575,0.0030195053268233796
NA,overall,2.0141345058090954,0,0.0028424956937968216,0.05591942132945575,0.0030195053268233796
NA,overall,2.017154011135919,0,0.002793904267406484,0.05591942132945575,0.0030195053268233796
NA,overall,2.020173516462742,2,0.002745938513981861,0.05591942132945575,0.0030195053268233796
NA,overall,2.0231930217895657,0,0.0026988633582566888,0.05591942132945575,0.0030195053268233796
NA,overall,2.0262125271163893,1,0.0026529256439817555,0.05591942132945575,0.0030195053268233796
NA,overall,2.029232032443213,0,0.002608224552937258,0.05591942132945575,0.0030195053268233796
NA,overall,2.0322515377700365,0,0.002564995660431688,0.05591942132945575,0.0030195053268233796
NA,overall,2.0352710430968597,0,0.0025233902215731022,0.05591942132945575,0.0030195053268233796
NA,overall,2.0382905484236833,1,0.0024835994320985804,0.05591942132945575,0.0030195053268233796
NA,overall,2.041310053750507,0,0.002445645100289424,0.05591942132945575,0.0030195053268233796
NA,overall,2.04432955907733,0,0.0024097335283795236,0.05591942132945575,0.0030195053268233796
NA,overall,2.0473490644041537,0,0.0023758868091886876,0.05591942132945575,0.0030195053268233796
NA,overall,2.0503685697309773,0,0.0023442175368735287,0.05591942132945575,0.0030195053268233796
NA,overall,2.0533880750578004,0,0.0023145701237355177,0.05591942132945575,0.0030195053268233796
NA,overall,2.056407580384624,0,0.0022871056299859096,0.05591942132945575,0.0030195053268233796
NA,overall,2.0594270857114476,0,0.002261832490182249,0.05591942132945575,0.0030195053268233796
NA,overall,2.0624465910382708,0,0.002238642414076346,0.05591942132945575,0.0030195053268233796
NA,overall,2.0654660963650944,0,0.002217413218848747,0.05591942132945575,0.0030195053268233796
NA,overall,2.068485601691918,0,0.0021980545430186488,0.05591942132945575,0.0030195053268233796
NA,overall,2.0715051070187416,0,0.0021806383636013764,0.05591942132945575,0.0030195053268233796
NA,overall,2.074524612345565,0,0.0021648513561397685,0.05591942132945575,0.0030195053268233796
NA,overall,2.0775441176723883,0,0.0021505465008559623,0.05591942132945575,0.0030195053268233796
NA,overall,2.080563622999212,0,0.0021375496398784682,0.05591942132945575,0.0030195053268233796
NA,overall,2.0835831283260355,0,0.002125615688892158,0.05591942132945575,0.0030195053268233796
NA,overall,2.0866026336528587,1,0.002114649636951333,0.05591942132945575,0.0030195053268233796
NA,overall,2.0896221389796823,1,0.002104342583399309,0.05591942132945575,0.0030195053268233796
NA,overall,2.092641644306506,0,0.002094588730830041,0.05591942132945575,0.0030195053268233796
NA,overall,2.095661149633329,0,0.002085074911817853,0.05591942132945575,0.0030195053268233796
NA,overall,2.0986806549601527,0,0.0020757555490912233,0.05591942132945575,0.0030195053268233796
NA,overall,2.1017001602869763,0,0.002066224133839592,0.05591942132945575,0.0030195053268233796
NA,overall,2.1047196656138,1,0.0020564392379384716,0.05591942132945575,0.0030195053268233796
NA,overall,2.1077391709406235,0,0.0020461645260906017,0.05591942132945575,0.0030195053268233796
NA,overall,2.1107586762674466,1,0.0020352360429524044,0.05591942132945575,0.0030195053268233796
NA,overall,2.1137781815942702,1,0.002023506682864943,0.05591942132945575,0.0030195053268233796
NA,overall,2.116797686921094,1,0.002010859611277928,0.05591942132945575,0.0030195053268233796
NA,overall,2.119817192247917,0,0.0019971878306039824,0.05591942132945575,0.0030195053268233796
NA,overall,2.1228366975747406,0,0.0019823955785721985,0.05591942132945575,0.0030195053268233796
NA,overall,2.125856202901564,0,0.00196637490375112,0.05591942132945575,0.0030195053268233796
NA,overall,2.1288757082283873,0,0.0019491440884609394,0.05591942132945575,0.0030195053268233796
NA,overall,2.131895213555211,0,0.0019307344191234188,0.05591942132945575,0.0030195053268233796
NA,overall,2.1349147188820345,1,0.0019110521189943236,0.05591942132945575,0.0030195053268233796
NA,overall,2.1379342242088577,2,0.0018902335349034142,0.05591942132945575,0.0030195053268233796
NA,overall,2.1409537295356813,0,0.0018682770339908915,0.05591942132945575,0.0030195053268233796
NA,overall,2.143973234862505,0,0.0018452596539405002,0.05591942132945575,0.0030195053268233796
NA,overall,2.1469927401893285,0,0.0018212308833253775,0.05591942132945575,0.0030195053268233796
NA,overall,2.150012245516152,0,0.001796406495537282,0.05591942132945575,0.0030195053268233796
NA,overall,2.1530317508429753,0,0.00177076390055324,0.05591942132945575,0.0030195053268233796
NA,overall,2.156051256169799,0,0.0017446492372543221,0.05591942132945575,0.0030195053268233796
NA,overall,2.1590707614966225,0,0.0017180984834155567,0.05591942132945575,0.0030195053268233796
NA,overall,2.1620902668234456,0,0.0016912707170595068,0.05591942132945575,0.0030195053268233796
NA,overall,2.1651097721502692,1,0.001664329495717838,0.05591942132945575,0.0030195053268233796
NA,overall,2.168129277477093,0,0.00163739347869756,0.05591942132945575,0.0030195053268233796
NA,overall,2.171148782803916,1,0.001610729470644972,0.05591942132945575,0.0030195053268233796
NA,overall,2.1741682881307396,0,0.001584440581089254,0.05591942132945575,0.0030195053268233796
NA,overall,2.177187793457563,0,0.001558495113465959,0.05591942132945575,0.0030195053268233796
NA,overall,2.1802072987843863,0,0.001533449287866132,0.05591942132945575,0.0030195053268233796
NA,overall,2.18322680411121,0,0.0015092082836326397,0.05591942132945575,0.0030195053268233796
NA,overall,2.1862463094380336,0,0.0014859074566272246,0.05591942132945575,0.0030195053268233796
NA,overall,2.189265814764857,0,0.0014636566717829774,0.05591942132945575,0.0030195053268233796
NA,overall,2.1922853200916808,0,0.0014425389114886343,0.05591942132945575,0.0030195053268233796
NA,overall,2.195304825418504,0,0.0014225847355076914,0.05591942132945575,0.0030195053268233796
NA,overall,2.1983243307453275,0,0.001404013872530721,0.05591942132945575,0.0030195053268233796
NA,overall,2.201343836072151,0,0.0013867075643869077,0.05591942132945575,0.0030195053268233796
NA,overall,2.2043633413989743,0,0.0013707355280206165,0.05591942132945575,0.0030195053268233796
NA,overall,2.207382846725798,0,0.0013560090765174693,0.05591942132945575,0.0030195053268233796
NA,overall,2.2104023520526215,0,0.0013427776120680088,0.05591942132945575,0.0030195053268233796
NA,overall,2.2134218573794446,0,0.0013306996601687817,0.05591942132945575,0.0030195053268233796
NA,overall,2.2164413627062682,0,0.001320038373003457,0.05591942132945575,0.0030195053268233796
NA,overall,2.219460868033092,0,0.0013105146736422783,0.05591942132945575,0.0030195053268233796
NA,overall,2.222480373359915,0,0.0013020537382961344,0.05591942132945575,0.0030195053268233796
NA,overall,2.2254998786867386,0,0.0012946706403839136,0.05591942132945575,0.0030195053268233796
NA,overall,2.228519384013562,0,0.001288162839149808,0.05591942132945575,0.0030195053268233796
NA,overall,2.231538889340386,1,0.001282525694775366,0.05591942132945575,0.0030195053268233796
NA,overall,2.2345583946672094,1,0.0012775871978630813,0.05591942132945575,0.0030195053268233796
NA,overall,2.2375778999940326,0,0.001273227853318492,0.05591942132945575,0.0030195053268233796
NA,overall,2.240597405320856,0,0.001269382622754301,0.05591942132945575,0.0030195053268233796
NA,overall,2.2436169106476798,0,0.0012658828475017917,0.05591942132945575,0.0030195053268233796
NA,overall,2.246636415974503,0,0.001262456110791065,0.05591942132945575,0.0030195053268233796
NA,overall,2.2496559213013265,0,0.0012592330294499076,0.05591942132945575,0.0030195053268233796
NA,overall,2.25267542662815,1,0.0012559348495444034,0.05591942132945575,0.0030195053268233796
NA,overall,2.2556949319549733,0,0.0012525534068055099,0.05591942132945575,0.0030195053268233796
NA,overall,2.258714437281797,0,0.00124892755517756,0.05591942132945575,0.0030195053268233796
NA,overall,2.2617339426086205,0,0.0012449625120917003,0.05591942132945575,0.0030195053268233796
NA,overall,2.2647534479354436,0,0.0012405265044092859,0.05591942132945575,0.0030195053268233796
NA,overall,2.2677729532622672,0,0.0012356475943493758,0.05591942132945575,0.0030195053268233796
NA,overall,2.270792458589091,0,0.001230205376058308,0.05591942132945575,0.0030195053268233796
NA,overall,2.2738119639159144,1,0.0012241496534263418,0.05591942132945575,0.0030195053268233796
NA,overall,2.276831469242738,1,0.0012174430315898088,0.05591942132945575,0.0030195053268233796
NA,overall,2.279850974569561,0,0.0012100612784498397,0.05591942132945575,0.0030195053268233796
NA,overall,2.282870479896385,0,0.001201993507096199,0.05591942132945575,0.0030195053268233796
NA,overall,2.2858899852232084,0,0.0011932421827020579,0.05591942132945575,0.0030195053268233796
NA,overall,2.2889094905500316,0,0.0011838229588243688,0.05591942132945575,0.0030195053268233796
NA,overall,2.291928995876855,0,0.0011737643492136828,0.05591942132945575,0.0030195053268233796
NA,overall,2.2949485012036788,0,0.0011631072422314277,0.05591942132945575,0.0030195053268233796
NA,overall,2.297968006530502,0,0.001151904265821742,0.05591942132945575,0.0030195053268233796
NA,overall,2.3009875118573255,1,0.001140276962813935,0.05591942132945575,0.0030195053268233796
NA,overall,2.304007017184149,0,0.0011281969297382937,0.05591942132945575,0.0030195053268233796
NA,overall,2.3070265225109723,0,0.0011157939948124632,0.05591942132945575,0.0030195053268233796
NA,overall,2.310046027837796,0,0.0011031593309467618,0.05591942132945575,0.0030195053268233796
NA,overall,2.3130655331646195,0,0.0010903442304095936,0.05591942132945575,0.0030195053268233796
NA,overall,2.316085038491443,0,0.0010775079168389616,0.05591942132945575,0.0030195053268233796
NA,overall,2.3191045438182667,0,0.0010648606753451294,0.05591942132945575,0.0030195053268233796
NA,overall,2.32212404914509,1,0.0010523532211291612,0.05591942132945575,0.0030195053268233796
NA,overall,2.3251435544719135,0,0.0010401444357022631,0.05591942132945575,0.0030195053268233796
NA,overall,2.328163059798737,0,0.00102834616164697,0.05591942132945575,0.0030195053268233796
NA,overall,2.33118256512556,0,0.001017021692469938,0.05591942132945575,0.0030195053268233796
NA,overall,2.334202070452384,0,0.0010063800233752254,0.05591942132945575,0.0030195053268233796
NA,overall,2.3372215757792074,0,0.0009964185290084863,0.05591942132945575,0.0030195053268233796
NA,overall,2.3402410811060306,1,0.000987288597410155,0.05591942132945575,0.0030195053268233796
NA,overall,2.343260586432854,0,0.0009790762178686586,0.05591942132945575,0.0030195053268233796
NA,overall,2.3462800917596778,0,0.0009719051935511782,0.05591942132945575,0.0030195053268233796
NA,overall,2.3492995970865014,0,0.0009657867445696986,0.05591942132945575,0.0030195053268233796
NA,overall,2.352319102413325,0,0.0009607784258171434,0.05591942132945575,0.0030195053268233796
NA,overall,2.355338607740148,0,0.0009569252174821986,0.05591942132945575,0.0030195053268233796
NA,overall,2.3583581130669717,0,0.0009542587108604537,0.05591942132945575,0.0030195053268233796
NA,overall,2.3613776183937953,0,0.0009527498182944704,0.05591942132945575,0.0030195053268233796
NA,overall,2.3643971237206185,0,0.0009524107815285124,0.05591942132945575,0.0030195053268233796
NA,overall,2.367416629047442,0,0.0009533772038592793,0.05591942132945575,0.0030195053268233796
NA,overall,2.3704361343742657,0,0.0009555075273496563,0.05591942132945575,0.0030195053268233796
NA,overall,2.373455639701089,0,0.0009587611258992974,0.05591942132945575,0.0030195053268233796
NA,overall,2.3764751450279125,0,0.0009630827427893067,0.05591942132945575,0.0030195053268233796
NA,overall,2.379494650354736,0,0.0009684030343205844,0.05591942132945575,0.0030195053268233796
NA,overall,2.382514155681559,0,0.0009746393141065009,0.05591942132945575,0.0030195053268233796
NA,overall,2.385533661008383,0,0.000981696491014665,0.05591942132945575,0.0030195053268233796
NA,overall,2.3885531663352064,0,0.0009894681899843476,0.05591942132945575,0.0030195053268233796
NA,overall,2.39157267166203,0,0.0009978493560969764,0.05591942132945575,0.0030195053268233796
NA,overall,2.3945921769888536,0,0.0010067734512181445,0.05591942132945575,0.0030195053268233796
NA,overall,2.397611682315677,0,0.0010159494436315654,0.05591942132945575,0.0030195053268233796
NA,overall,2.4006311876425004,0,0.0010253906646675102,0.05591942132945575,0.0030195053268233796
NA,overall,2.403650692969324,0,0.001034900325452416,0.05591942132945575,0.0030195053268233796
NA,overall,2.406670198296147,0,0.0010443379556420158,0.05591942132945575,0.0030195053268233796
NA,overall,2.4096897036229707,1,0.0010535633215687091,0.05591942132945575,0.0030195053268233796
NA,overall,2.4127092089497943,0,0.0010624382857799546,0.05591942132945575,0.0030195053268233796
NA,overall,2.4157287142766175,0,0.0010708286263065182,0.05591942132945575,0.0030195053268233796
NA,overall,2.418748219603441,0,0.0010786057856170524,0.05591942132945575,0.0030195053268233796
NA,overall,2.4217677249302647,1,0.0010856485204043592,0.05591942132945575,0.0030195053268233796
NA,overall,2.424787230257088,0,0.0010918444251798599,0.05591942132945575,0.0030195053268233796
NA,overall,2.4278067355839115,0,0.0010970913050878407,0.05591942132945575,0.0030195053268233796
NA,overall,2.430826240910735,0,0.0011012983763342467,0.05591942132945575,0.0030195053268233796
NA,overall,2.4338457462375587,1,0.001104387276084753,0.05591942132945575,0.0030195053268233796
NA,overall,2.4368652515643823,0,0.0011062928675383131,0.05591942132945575,0.0030195053268233796
NA,overall,2.4398847568912054,1,0.001106963830028865,0.05591942132945575,0.0030195053268233796
NA,overall,2.442904262218029,0,0.0011063630283443884,0.05591942132945575,0.0030195053268233796
NA,overall,2.4459237675448526,0,0.0011044676598687027,0.05591942132945575,0.0030195053268233796
NA,overall,2.448943272871676,0,0.0011012691825348895,0.05591942132945575,0.0030195053268233796
NA,overall,2.4519627781984994,0,0.0010967730308190638,0.05591942132945575,0.0030195053268233796
NA,overall,2.454982283525323,0,0.0010910560820844315,0.05591942132945575,0.0030195053268233796
NA,overall,2.458001788852146,0,0.0010840013957273233,0.05591942132945575,0.0030195053268233796
NA,overall,2.4610212941789698,0,0.0010757557050235938,0.05591942132945575,0.0030195053268233796
NA,overall,2.4640407995057934,1,0.001066419248493168,0.05591942132945575,0.0030195053268233796
NA,overall,2.4670603048326165,1,0.0010560000785739836,0.05591942132945575,0.0030195053268233796
NA,overall,2.47007981015944,0,0.0010445728889236004,0.05591942132945575,0.0030195053268233796
NA,overall,2.4730993154862637,0,0.0010322198126155604,0.05591942132945575,0.0030195053268233796
NA,overall,2.4761188208130873,0,0.0010190291220887372,0.05591942132945575,0.0030195053268233796
NA,overall,2.479138326139911,0,0.0010050472689066739,0.05591942132945575,0.0030195053268233796
NA,overall,2.482157831466734,0,0.0009904733201192548,0.05591942132945575,0.0030195053268233796
NA,overall,2.4851773367935577,0,0.0009753484624992704,0.05591942132945575,0.0030195053268233796
NA,overall,2.4881968421203813,0,0.0009597727103419583,0.05591942132945575,0.0030195053268233796
NA,overall,2.4912163474472044,0,0.0009438457696984797,0.05591942132945575,0.0030195053268233796
NA,overall,2.494235852774028,0,0.0009276659310562134,0.05591942132945575,0.0030195053268233796
NA,overall,2.4972553581008516,0,0.0009113290522917523,0.05591942132945575,0.0030195053268233796
NA,overall,2.500274863427675,0,0.000894881005514919,0.05591942132945575,0.0030195053268233796
NA,overall,2.5032943687544984,0,0.0008784659907309806,0.05591942132945575,0.0030195053268233796
NA,overall,2.506313874081322,0,0.0008622124008838628,0.05591942132945575,0.0030195053268233796
NA,overall,2.509333379408145,0,0.0008461410024295553,0.05591942132945575,0.0030195053268233796
NA,overall,2.5123528847349688,0,0.0008303244789915,0.05591942132945575,0.0030195053268233796
NA,overall,2.5153723900617924,0,0.0008148291247925693,0.05591942132945575,0.0030195053268233796
NA,overall,2.518391895388616,0,0.0007997145872153148,0.05591942132945575,0.0030195053268233796
NA,overall,2.5214114007154396,0,0.0007850337001245235,0.05591942132945575,0.0030195053268233796
NA,overall,2.5244309060422627,1,0.0007708323995344716,0.05591942132945575,0.0030195053268233796
NA,overall,2.5274504113690863,0,0.0007571030762319685,0.05591942132945575,0.0030195053268233796
NA,overall,2.53046991669591,0,0.0007439803882780033,0.05591942132945575,0.0030195053268233796
NA,overall,2.533489422022733,0,0.0007314321723830739,0.05591942132945575,0.0030195053268233796
NA,overall,2.5365089273495567,0,0.000719477559978825,0.05591942132945575,0.0030195053268233796
NA,overall,2.5395284326763803,0,0.0007081292240953272,0.05591942132945575,0.0030195053268233796
NA,overall,2.5425479380032034,1,0.0006973936059445401,0.05591942132945575,0.0030195053268233796
NA,overall,2.545567443330027,0,0.0006872711639592836,0.05591942132945575,0.0030195053268233796
NA,overall,2.5485869486568506,0,0.0006777100040866328,0.05591942132945575,0.0030195053268233796
NA,overall,2.551606453983674,0,0.0006688019200024168,0.05591942132945575,0.0030195053268233796
NA,overall,2.5546259593104974,0,0.0006604734891292692,0.05591942132945575,0.0030195053268233796
NA,overall,2.557645464637321,0,0.0006527043378788293,0.05591942132945575,0.0030195053268233796
NA,overall,2.560664969964144,0,0.0006454695101016724,0.05591942132945575,0.0030195053268233796
NA,overall,2.5636844752909678,0,0.0006387397953787087,0.05591942132945575,0.0030195053268233796
NA,overall,2.5667039806177914,0,0.0006324354308667638,0.05591942132945575,0.0030195053268233796
NA,overall,2.5697234859446145,0,0.000626622210478225,0.05591942132945575,0.0030195053268233796
NA,overall,2.572742991271438,0,0.0006212026512900756,0.05591942132945575,0.0030195053268233796
NA,overall,2.5757624965982617,0,0.0006161343333723426,0.05591942132945575,0.0030195053268233796
NA,overall,2.578782001925085,0,0.0006113723484711858,0.05591942132945575,0.0030195053268233796
NA,overall,2.5818015072519085,0,0.0006068697143089789,0.05591942132945575,0.0030195053268233796
NA,overall,2.584821012578732,0,0.0006025778033260602,0.05591942132945575,0.0030195053268233796
NA,overall,2.5878405179055557,0,0.0005984467849847261,0.05591942132945575,0.0030195053268233796
NA,overall,2.5908600232323793,0,0.0005944260798948721,0.05591942132945575,0.0030195053268233796
NA,overall,2.5938795285592025,0,0.0005904648231420497,0.05591942132945575,0.0030195053268233796
NA,overall,2.596899033886026,0,0.0005865123333501295,0.05591942132945575,0.0030195053268233796
NA,overall,2.5999185392128497,0,0.0005825185832368755,0.05591942132945575,0.0030195053268233796
NA,overall,2.602938044539673,0,0.0005784346667613208,0.05591942132945575,0.0030195053268233796
NA,overall,2.6059575498664964,0,0.0005742132574501352,0.05591942132945575,0.0030195053268233796
NA,overall,2.60897705519332,0,0.0005698090521515571,0.05591942132945575,0.0030195053268233796
NA,overall,2.611996560520143,0,0.0005651791943165697,0.05591942132945575,0.0030195053268233796
NA,overall,2.6150160658469668,1,0.0005602836709553067,0.05591942132945575,0.0030195053268233796
NA,overall,2.6180355711737904,1,0.0005550856776605132,0.05591942132945575,0.0030195053268233796
NA,overall,2.6210550765006135,0,0.0005495519465188881,0.05591942132945575,0.0030195053268233796
NA,overall,2.624074581827437,0,0.0005436530323271155,0.05591942132945575,0.0030195053268233796
NA,overall,2.6270940871542607,0,0.0005373635532675063,0.05591942132945575,0.0030195053268233796
NA,overall,2.6301135924810843,0,0.0005306623830483706,0.05591942132945575,0.0030195053268233796
NA,overall,2.633133097807908,0,0.0005235327924429206,0.05591942132945575,0.0030195053268233796
NA,overall,2.636152603134731,0,0.0005159159028866765,0.05591942132945575,0.0030195053268233796
NA,overall,2.6391721084615547,0,0.0005079064844030483,0.05591942132945575,0.0030195053268233796
NA,overall,2.6421916137883783,0,0.000499443747088707,0.05591942132945575,0.0030195053268233796
NA,overall,2.6452111191152015,0,0.0004905292427067237,0.05591942132945575,0.0030195053268233796
NA,overall,2.648230624442025,0,0.0004811221770875182,0.05591942132945575,0.0030195053268233796
NA,overall,2.6512501297688487,0,0.00047133502522914036,0.05591942132945575,0.0030195053268233796
NA,overall,2.654269635095672,0,0.00046112415032380417,0.05591942132945575,0.0030195053268233796
NA,overall,2.6572891404224954,0,0.000450507545896699,0.05591942132945575,0.0030195053268233796
NA,overall,2.660308645749319,0,0.0004394600038938372,0.05591942132945575,0.0030195053268233796
NA,overall,2.663328151076142,0,0.00042810860221757617,0.05591942132945575,0.0030195053268233796
NA,overall,2.666347656402966,0,0.0004163765777642924,0.05591942132945575,0.0030195053268233796
NA,overall,2.6693671617297894,0,0.000404454688183382,0.05591942132945575,0.0030195053268233796
NA,overall,2.672386667056613,0,0.00039221579374891177,0.05591942132945575,0.0030195053268233796
NA,overall,2.6754061723834366,0,0.00037974170061785785,0.05591942132945575,0.0030195053268233796
NA,overall,2.6784256777102597,1,0.00036706913835016214,0.05591942132945575,0.0030195053268233796
NA,overall,2.6814451830370833,0,0.00035423608356936466,0.05591942132945575,0.0030195053268233796
NA,overall,2.684464688363907,0,0.0003412814500016462,0.05591942132945575,0.0030195053268233796
NA,overall,2.68748419369073,0,0.00032824478444404444,0.05591942132945575,0.0030195053268233796
NA,overall,2.6905036990175537,0,0.00031511933531498383,0.05591942132945575,0.0030195053268233796
NA,overall,2.6935232043443773,0,0.00030200089243352754,0.05591942132945575,0.0030195053268233796
NA,overall,2.6965427096712005,0,0.00028897408094586053,0.05591942132945575,0.0030195053268233796
NA,overall,2.699562214998024,0,0.00027602087441024015,0.05591942132945575,0.0030195053268233796
NA,overall,2.7025817203248477,0,0.0002631803777543161,0.05591942132945575,0.0030195053268233796
NA,overall,2.705601225651671,0,0.00025049067198828557,0.05591942132945575,0.0030195053268233796
NA,overall,2.7086207309784944,0,0.00023798862691207863,0.05591942132945575,0.0030195053268233796
NA,overall,2.711640236305318,0,0.00022570973166341368,0.05591942132945575,0.0030195053268233796
NA,overall,2.7146597416321416,0,0.0002136879438293088,0.05591942132945575,0.0030195053268233796
NA,overall,2.7176792469589652,0,0.00020195555763463552,0.05591942132945575,0.0030195053268233796
NA,overall,2.7206987522857884,0,0.00019054309151277495,0.05591942132945575,0.0030195053268233796
NA,overall,2.723718257612612,0,0.00017947919514985482,0.05591942132945575,0.0030195053268233796
NA,overall,2.7267377629394356,0,0.0001687905758710555,0.05591942132945575,0.0030195053268233796
NA,overall,2.7297572682662588,0,0.00015850194400236311,0.05591942132945575,0.0030195053268233796
NA,overall,2.7327767735930824,0,0.00014863597659318248,0.05591942132945575,0.0030195053268233796
NA,overall,2.735796278919906,0,0.0001392132986258233,0.05591942132945575,0.0030195053268233796
NA,overall,2.738815784246729,0,0.00013025248057067838,0.05591942132945575,0.0030195053268233796
NA,overall,2.7418352895735527,0,0.00012177005087665773,0.05591942132945575,0.0030195053268233796
NA,overall,2.7448547949003763,0,0.00011378052172275389,0.05591942132945575,0.0030195053268233796
NA,overall,2.7478743002271995,0,0.00010629642610763583,0.05591942132945575,0.0030195053268233796
NA,overall,2.750893805554023,0,9.928172788463009e-05,0.05591942132945575,0.0030195053268233796
NA,overall,2.7539133108808467,0,9.284763479175987e-05,0.05591942132945575,0.0030195053268233796
NA,overall,2.7569328162076703,0,8.694346039431403e-05,0.05591942132945575,0.0030195053268233796
NA,overall,2.759952321534494,0,8.157464719423794e-05,0.05591942132945575,0.0030195053268233796
NA,overall,2.762971826861317,0,7.674488272923751e-05,0.05591942132945575,0.0030195053268233796
NA,overall,2.7659913321881406,0,7.24561623961306e-05,0.05591942132945575,0.0030195053268233796
NA,overall,2.7690108375149642,0,6.866220936494959e-05,0.05591942132945575,0.0030195053268233796
NA,overall,2.7720303428417874,0,6.546428188314329e-05,0.05591942132945575,0.0030195053268233796
NA,overall,2.775049848168611,0,6.280201456895731e-05,0.05591942132945575,0.0030195053268233796
NA,overall,2.7780693534954346,0,6.067140708157961e-05,0.05591942132945575,0.0030195053268233796
NA,overall,2.7810888588222578,0,5.9066893580683596e-05,0.05591942132945575,0.0030195053268233796
NA,overall,2.7841083641490814,0,5.798134874441734e-05,0.05591942132945575,0.0030195053268233796
NA,overall,2.787127869475905,0,5.740607940829091e-05,0.05591942132945575,0.0030195053268233796
NA,overall,2.7901473748027286,0,5.7330802559486995e-05,0.05591942132945575,0.0030195053268233796
NA,overall,2.793166880129552,0,5.774361101839744e-05,0.05591942132945575,0.0030195053268233796
NA,overall,2.7961863854563753,0,5.8630928734929985e-05,0.05591942132945575,0.0030195053268233796
NA,overall,2.799205890783199,0,5.997745820200282e-05,0.05591942132945575,0.0030195053268233796
NA,overall,2.8022253961100225,0,6.176612302274708e-05,0.05591942132945575,0.0030195053268233796
NA,overall,2.8052449014368457,0,6.397800914147747e-05,0.05591942132945575,0.0030195053268233796
NA,overall,2.8082644067636693,0,6.659230864248542e-05,0.05591942132945575,0.0030195053268233796
NA,overall,2.811283912090493,0,6.958627031767698e-05,0.05591942132945575,0.0030195053268233796
NA,overall,2.814303417417316,0,7.293516138872041e-05,0.05591942132945575,0.0030195053268233796
NA,overall,2.8173229227441396,0,7.66122448291757e-05,0.05591942132945575,0.0030195053268233796
NA,overall,2.8203424280709632,0,8.058877665790573e-05,0.05591942132945575,0.0030195053268233796
NA,overall,2.8233619333977864,0,8.483402736156914e-05,0.05591942132945575,0.0030195053268233796
NA,overall,2.82638143872461,0,8.931533124999711e-05,0.05591942132945575,0.0030195053268233796
NA,overall,2.8294009440514336,0,9.399816705697384e-05,0.05591942132945575,0.0030195053268233796
NA,overall,2.832420449378257,0,9.884627247806673e-05,0.05591942132945575,0.0030195053268233796
NA,overall,2.835439954705081,0,0.00010382179459880404,0.05591942132945575,0.0030195053268233796
NA,overall,2.838459460031904,0,0.0001088854773269996,0.05591942132945575,0.0030195053268233796
NA,overall,2.8414789653587276,0,0.00011395024977706583,0.05591942132945575,0.0030195053268233796
NA,overall,2.844498470685551,0,0.00011903061096138702,0.05591942132945575,0.0030195053268233796
NA,overall,2.8475179760123743,0,0.0001241294897749792,0.05591942132945575,0.0030195053268233796
NA,overall,2.850537481339198,0,0.000129147340679145,0.05591942132945575,0.0030195053268233796
NA,overall,2.8535569866660215,0,0.0001340425205140342,0.05591942132945575,0.0030195053268233796
NA,overall,2.8565764919928447,0,0.00013877373238613372,0.05591942132945575,0.0030195053268233796
NA,overall,2.8595959973196683,0,0.00014330043633506429,0.05591942132945575,0.0030195053268233796
NA,overall,2.862615502646492,0,0.00014758326958567872,0.05591942132945575,0.0030195053268233796
NA,overall,2.865635007973315,0,0.0001515844696805319,0.05591942132945575,0.0030195053268233796
NA,overall,2.8686545133001387,0,0.00015526829334056025,0.05591942132945575,0.0030195053268233796
NA,overall,2.8716740186269623,0,0.00015860142362728047,0.05591942132945575,0.0030195053268233796
NA,overall,2.874693523953786,0,0.00016155335789063484,0.05591942132945575,0.0030195053268233796
NA,overall,2.8777130292806095,0,0.00016409676908993545,0.05591942132945575,0.0030195053268233796
NA,overall,2.8807325346074326,0,0.00016620783337257944,0.05591942132945575,0.0030195053268233796
NA,overall,2.883752039934256,0,0.00016786651728180723,0.05591942132945575,0.0030195053268233796
NA,overall,2.88677154526108,0,0.00016905681863041308,0.05591942132945575,0.0030195053268233796
NA,overall,2.889791050587903,0,0.00016976695590611678,0.05591942132945575,0.0030195053268233796
NA,overall,2.8928105559147266,1,0.00016998950204531336,0.05591942132945575,0.0030195053268233796
NA,overall,2.89583006124155,0,0.0001697214594997545,0.05591942132945575,0.0030195053268233796
NA,overall,2.8988495665683733,0,0.00016896427469638322,0.05591942132945575,0.0030195053268233796
NA,overall,2.901869071895197,0,0.00016772379122234664,0.05591942132945575,0.0030195053268233796
NA,overall,2.9048885772220205,0,0.00016596350607628327,0.05591942132945575,0.0030195053268233796
NA,overall,2.9079080825488437,0,0.00016380016320097655,0.05591942132945575,0.0030195053268233796
NA,overall,2.9109275878756673,0,0.00016119433572077396,0.05591942132945575,0.0030195053268233796
NA,overall,2.913947093202491,0,0.00015816811585121012,0.05591942132945575,0.0030195053268233796
NA,overall,2.9169665985293145,0,0.00015474685205243218,0.05591942132945575,0.0030195053268233796
NA,overall,2.919986103856138,0,0.00015095879574034463,0.05591942132945575,0.0030195053268233796
NA,overall,2.9230056091829613,0,0.00014683471334584928,0.05591942132945575,0.0030195053268233796
NA,overall,2.926025114509785,0,0.00014240747116269184,0.05591942132945575,0.0030195053268233796
NA,overall,2.9290446198366085,0,0.00013771160080014138,0.05591942132945575,0.0030195053268233796
NA,overall,2.9320641251634316,0,0.0001327828532439232,0.05591942132945575,0.0030195053268233796
NA,overall,2.9350836304902552,0,0.00012765774952754435,0.05591942132945575,0.0030195053268233796
NA,overall,2.938103135817079,0,0.00012237313583183325,0.05591942132945575,0.0030195053268233796
NA,overall,2.941122641143902,0,0.00011696575047365992,0.05591942132945575,0.0030195053268233796
NA,overall,2.9441421464707256,0,0.00011147180973049665,0.05591942132945575,0.0030195053268233796
NA,overall,2.947161651797549,0,0.00010592661879474394,0.05591942132945575,0.0030195053268233796
NA,overall,2.9501811571243723,0,0.00010036421338281575,0.05591942132945575,0.0030195053268233796
NA,overall,2.953200662451196,0,9.481703666346974e-05,0.05591942132945575,0.0030195053268233796
NA,overall,2.9562201677780195,0,8.931565524390451e-05,0.05591942132945575,0.0030195053268233796
NA,overall,2.959239673104843,0,8.388851698748863e-05,0.05591942132945575,0.0030195053268233796
NA,overall,2.9622591784316668,0,7.856175246015603e-05,0.05591942132945575,0.0030195053268233796
NA,overall,2.96527868375849,0,7.33590208389773e-05,0.05591942132945575,0.0030195053268233796
NA,overall,2.9682981890853135,0,6.830140018989616e-05,0.05591942132945575,0.0030195053268233796
NA,overall,2.971317694412137,0,6.340732115338534e-05,0.05591942132945575,0.0030195053268233796
NA,overall,2.9743371997389603,0,5.869254228518508e-05,0.05591942132945575,0.0030195053268233796
NA,overall,2.977356705065784,0,5.417016459937579e-05,0.05591942132945575,0.0030195053268233796
NA,overall,2.9803762103926075,0,4.985068226428344e-05,0.05591942132945575,0.0030195053268233796
NA,overall,2.9833957157194306,0,4.5742065915916575e-05,0.05591942132945575,0.0030195053268233796
NA,overall,2.9864152210462542,0,4.184987468292682e-05,0.05591942132945575,0.0030195053268233796
NA,overall,2.989434726373078,0,3.8177392762089376e-05,0.05591942132945575,0.0030195053268233796
NA,overall,2.992454231699901,0,3.472578624135697e-05,0.05591942132945575,0.0030195053268233796
NA,overall,2.9954737370267246,0,3.1494275833062995e-05,0.05591942132945575,0.0030195053268233796
NA,overall,2.998493242353548,0,2.8480321244713724e-05,0.05591942132945575,0.0030195053268233796
NA,overall,3.001512747680372,0,2.5679813068830565e-05,0.05591942132945575,0.0030195053268233796
NA,overall,3.0045322530071954,0,2.308726830471231e-05,0.05591942132945575,0.0030195053268233796
NA,overall,3.0075517583340186,0,2.0696025920937136e-05,0.05591942132945575,0.0030195053268233796
NA,overall,3.010571263660842,0,1.8498439214475836e-05,0.05591942132945575,0.0030195053268233796
NA,overall,3.0135907689876658,0,1.6486062106874122e-05,0.05591942132945575,0.0030195053268233796
NA,overall,3.016610274314489,0,1.4649826926813818e-05,0.05591942132945575,0.0030195053268233796
NA,overall,3.0196297796413125,0,1.2980211648878713e-05,0.05591942132945575,0.0030195053268233796
NA,overall,3.022649284968136,0,1.1467394978911217e-05,0.05591942132945575,0.0030195053268233796
NA,overall,3.0256687902949593,0,1.0101398086560654e-05,0.05591942132945575,0.0030195053268233796
NA,overall,3.028688295621783,0,8.872212176515279e-06,0.05591942132945575,0.0030195053268233796
NA,overall,3.0317078009486065,0,7.769911454024488e-06,0.05591942132945575,0.0030195053268233796
NA,overall,3.0347273062754296,0,6.78475137178368e-06,0.05591942132945575,0.0030195053268233796
NA,overall,3.0377468116022532,0,5.907252339771344e-06,0.05591942132945575,0.0030195053268233796
NA,overall,3.040766316929077,0,5.1282693344158335e-06,0.05591942132945575,0.0030195053268233796
NA,overall,3.0437858222559004,0,4.439048057164616e-06,0.05591942132945575,0.0030195053268233796
NA,overall,3.046805327582724,0,3.831268465054571e-06,0.05591942132945575,0.0030195053268233796
NA,overall,3.049824832909547,0,3.297076628287778e-06,0.05591942132945575,0.0030195053268233796
NA,overall,3.052844338236371,0,2.8291059641043233e-06,0.05591942132945575,0.0030195053268233796
NA,overall,3.0558638435631944,0,2.420488955181183e-06,0.05591942132945575,0.0030195053268233796
NA,overall,3.0588833488900176,0,2.0648604877271154e-06,0.05591942132945575,0.0030195053268233796
NA,overall,3.061902854216841,0,1.7563539431459424e-06,0.05591942132945575,0.0030195053268233796
NA,overall,3.0649223595436648,0,1.4895911516006792e-06,0.05591942132945575,0.0030195053268233796
NA,overall,3.067941864870488,0,1.2596672701110113e-06,0.05591942132945575,0.0030195053268233796
NA,overall,3.0709613701973115,0,1.0621315859923223e-06,0.05591942132945575,0.0030195053268233796
NA,overall,3.073980875524135,0,8.929651723724517e-07,0.05591942132945575,0.0030195053268233796
NA,overall,3.0770003808509587,0,7.485562398294253e-07,0.05591942132945575,0.0030195053268233796
NA,overall,3.0800198861777823,0,6.256739401872609e-07,0.05591942132945575,0.0030195053268233796
NA,overall,3.0830393915046055,0,5.214412881280596e-07,0.05591942132945575,0.0030195053268233796
NA,overall,3.086058896831429,0,4.3330777607035084e-07,0.05591942132945575,0.0030195053268233796
NA,overall,3.0890784021582527,0,3.590221698609022e-07,0.05591942132945575,0.0030195053268233796
NA,overall,3.092097907485076,0,2.9660588895889537e-07,0.05591942132945575,0.0030195053268233796
NA,overall,3.0951174128118994,0,2.4432729629616094e-07,0.05591942132945575,0.0030195053268233796
NA,overall,3.098136918138723,0,2.0067715084858305e-07,0.05591942132945575,0.0030195053268233796
NA,overall,3.101156423465546,0,1.64345410793181e-07,0.05591942132945575,0.0030195053268233796
NA,overall,3.10417592879237,0,1.3419951729945597e-07,0.05591942132945575,0.0030195053268233796
NA,overall,3.1071954341191934,0,1.0926423860524413e-07,0.05591942132945575,0.0030195053268233796
NA,overall,3.1102149394460166,0,8.870311093717933e-08,0.05591942132945575,0.0030195053268233796
NA,overall,3.11323444477284,0,7.180147676333049e-08,0.05591942132945575,0.0030195053268233796
NA,overall,3.1162539500996638,0,5.795109138799867e-08,0.05591942132945575,0.0030195053268233796
NA,overall,3.1192734554264874,0,0.0,0.05591942132945575,0.0030195053268233796
NA,overall,3.122292960753311,0,0.0,0.05591942132945575,0.0030195053268233796
NA,overall,3.125312466080134,0,0.0,0.05591942132945575,0.0030195053268233796
NA,overall,3.1283319714069577,0,0.0,0.05591942132945575,0.0030195053268233796
NA,overall,3.1313514767337813,0,0.0,0.05591942132945575,0.0030195053268233796
NA,overall,3.1343709820606045,0,0.0,0.05591942132945575,0.0030195053268233796
NA,overall,3.137390487387428,0,0.0,0.05591942132945575,0.0030195053268233796
NA,overall,3.1404099927142517,0,0.0,0.05591942132945575,0.0030195053268233796
NA,overall,3.143429498041075,0,0.0,0.05591942132945575,0.0030195053268233796
NA,overall,3.1464490033678985,0,0.0,0.05591942132945575,0.0030195053268233796
NA,overall,3.149468508694722,0,0.0,0.05591942132945575,0.0030195053268233796
NA,overall,3.152488014021545,0,0.0,0.05591942132945575,0.0030195053268233796
NA,overall,3.155507519348369,0,0.0,0.05591942132945575,0.0030195053268233796
NA,overall,3.1585270246751924,0,0.0,0.05591942132945575,0.0030195053268233796
NA,overall,3.161546530002016,0,0.0,0.05591942132945575,0.0030195053268233796
NA,overall,3.1645660353288396,0,0.0,0.05591942132945575,0.0030195053268233796
NA,overall,3.167585540655663,0,0.0,0.05591942132945575,0.0030195053268233796
NA,overall,3.1706050459824864,0,0.0,0.05591942132945575,0.0030195053268233796
NA,overall,3.17362455130931,0,0.0,0.05591942132945575,0.0030195053268233796
NA,overall,3.176644056636133,0,0.0,0.05591942132945575,0.0030195053268233796
NA,overall,3.1796635619629567,0,0.0,0.05591942132945575,0.0030195053268233796
NA,overall,3.1826830672897803,0,0.0,0.05591942132945575,0.0030195053268233796
NA,overall,3.1857025726166035,0,0.0,0.05591942132945575,0.0030195053268233796
NA,overall,3.188722077943427,0,0.0,0.05591942132945575,0.0030195053268233796
NA,overall,3.1917415832702507,0,0.0,0.05591942132945575,0.0030195053268233796
NA,overall,3.194761088597074,0,0.0,0.05591942132945575,0.0030195053268233796
NA,overall,3.1977805939238975,0,0.0,0.05591942132945575,0.0030195053268233796
NA,overall,3.200800099250721,0,0.0,0.05591942132945575,0.0030195053268233796
NA,overall,3.2038196045775447,0,0.0,0.05591942132945575,0.0030195053268233796
NA,overall,3.2068391099043683,0,0.0,0.05591942132945575,0.0030195053268233796
NA,overall,3.2098586152311914,0,0.0,0.05591942132945575,0.0030195053268233796
NA,overall,3.212878120558015,0,0.0,0.05591942132945575,0.0030195053268233796
NA,overall,3.2158976258848386,0,0.0,0.05591942132945575,0.0030195053268233796
NA,overall,3.218917131211662,0,0.0,0.05591942132945575,0.0030195053268233796
NA,overall,3.2219366365384854,0,0.0,0.05591942132945575,0.0030195053268233796
NA,overall,3.224956141865309,0,0.0,0.05591942132945575,0.0030195053268233796
NA,overall,3.227975647192132,0,0.0,0.05591942132945575,0.0030195053268233796
NA,overall,3.2309951525189557,0,0.0,0.05591942132945575,0.0030195053268233796
NA,overall,3.2340146578457794,0,0.0,0.05591942132945575,0.0030195053268233796
NA,overall,3.2370341631726025,0,0.0,0.05591942132945575,0.0030195053268233796
NA,overall,3.240053668499426,0,0.0,0.05591942132945575,0.0030195053268233796
NA,overall,3.2430731738262497,0,0.0,0.05591942132945575,0.0030195053268233796
NA,overall,3.2460926791530733,0,0.0,0.05591942132945575,0.0030195053268233796
NA,overall,3.249112184479897,0,0.0,0.05591942132945575,0.0030195053268233796
NA,overall,3.25213168980672,0,0.0,0.05591942132945575,0.0030195053268233796
NA,overall,3.2551511951335437,0,0.0,0.05591942132945575,0.0030195053268233796
NA,overall,3.2581707004603673,0,0.0,0.05591942132945575,0.0030195053268233796
NA,overall,3.2611902057871904,0,0.0,0.05591942132945575,0.0030195053268233796
NA,overall,3.264209711114014,0,0.0,0.05591942132945575,0.0030195053268233796
NA,overall,3.2672292164408376,0,0.0,0.05591942132945575,0.0030195053268233796
NA,overall,3.270248721767661,0,0.0,0.05591942132945575,0.0030195053268233796
NA,overall,3.2732682270944844,0,0.0,0.05591942132945575,0.0030195053268233796
NA,overall,3.276287732421308,0,0.0,0.05591942132945575,0.0030195053268233796
NA,overall,3.279307237748131,0,0.0,0.05591942132945575,0.0030195053268233796
NA,overall,3.2823267430749548,0,0.0,0.05591942132945575,0.0030195053268233796
NA,overall,3.2853462484017784,0,0.0,0.05591942132945575,0.0030195053268233796
NA,overall,3.288365753728602,0,0.0,0.05591942132945575,0.0030195053268233796
NA,overall,3.2913852590554256,0,0.0,0.05591942132945575,0.0030195053268233796
NA,overall,3.2944047643822487,0,0.0,0.05591942132945575,0.0030195053268233796
NA,overall,3.2974242697090723,0,0.0,0.05591942132945575,0.0030195053268233796
NA,overall,3.300443775035896,0,0.0,0.05591942132945575,0.0030195053268233796
NA,overall,3.303463280362719,0,0.0,0.05591942132945575,0.0030195053268233796
NA,overall,3.3064827856895427,0,0.0,0.05591942132945575,0.0030195053268233796
NA,overall,3.3095022910163663,0,0.0,0.05591942132945575,0.0030195053268233796
NA,overall,3.3125217963431894,0,0.0,0.05591942132945575,0.0030195053268233796
NA,overall,3.315541301670013,0,0.0,0.05591942132945575,0.0030195053268233796
NA,overall,3.3185608069968366,0,0.0,0.05591942132945575,0.0030195053268233796
NA,overall,3.32158031232366,0,0.0,0.05591942132945575,0.0030195053268233796
NA,overall,3.3245998176504834,0,0.0,0.05591942132945575,0.0030195053268233796
NA,overall,3.327619322977307,0,0.0,0.05591942132945575,0.0030195053268233796
NA,overall,3.3306388283041306,0,0.0,0.05591942132945575,0.0030195053268233796
NA,overall,3.333658333630954,0,0.0,0.05591942132945575,0.0030195053268233796
NA,overall,3.3366778389577774,0,0.0,0.05591942132945575,0.0030195053268233796
NA,overall,3.339697344284601,0,0.0,0.05591942132945575,0.0030195053268233796
NA,overall,3.3427168496114246,0,0.0,0.05591942132945575,0.0030195053268233796
NA,overall,3.3457363549382477,0,0.0,0.05591942132945575,0.0030195053268233796
NA,overall,3.3487558602650713,0,0.0,0.05591942132945575,0.0030195053268233796
NA,overall,3.351775365591895,0,0.0,0.05591942132945575,0.0030195053268233796
NA,overall,3.354794870918718,0,0.0,0.05591942132945575,0.0030195053268233796
NA,overall,3.3578143762455417,0,0.0,0.05591942132945575,0.0030195053268233796
NA,overall,3.3608338815723653,0,0.0,0.05591942132945575,0.0030195053268233796
NA,overall,3.363853386899189,0,0.0,0.05591942132945575,0.0030195053268233796
NA,overall,3.3668728922260125,0,0.0,0.05591942132945575,0.0030195053268233796
NA,overall,3.3698923975528357,0,0.0,0.05591942132945575,0.0030195053268233796
NA,overall,3.3729119028796593,0,0.0,0.05591942132945575,0.0030195053268233796
NA,overall,3.375931408206483,0,0.0,0.05591942132945575,0.0030195053268233796
NA,overall,3.378950913533306,0,0.0,0.05591942132945575,0.0030195053268233796
NA,overall,3.3819704188601296,0,0.0,0.05591942132945575,0.0030195053268233796
EUW,overall,-1.4462185987306073,0,0.0003552010070869458,0.05591942132945575,0.0030195053268233796
EUW,overall,-1.443199093403784,0,0.000389241473637234,0.05591942132945575,0.0030195053268233796
EUW,overall,-1.4401795880769606,0,0.0004254761606233179,0.05591942132945575,0.0030195053268233796
EUW,overall,-1.437160082750137,0,0.00046410582913838385,0.05591942132945575,0.0030195053268233796
EUW,overall,-1.4341405774233134,0,0.0005049541362122185,0.05591942132945575,0.0030195053268233796
EUW,overall,-1.43112107209649,0,0.0005481898365397865,0.05591942132945575,0.0030195053268233796
EUW,overall,-1.4281015667696666,0,0.0005938325757378466,0.05591942132945575,0.0030195053268233796
EUW,overall,-1.425082061442843,0,0.0006417189220314931,0.05591942132945575,0.0030195053268233796
EUW,overall,-1.4220625561160196,0,0.0006919246014475706,0.05591942132945575,0.0030195053268233796
EUW,overall,-1.4190430507891962,0,0.0007445932335399377,0.05591942132945575,0.0030195053268233796
EUW,overall,-1.4160235454623726,0,0.0007995495188170068,0.05591942132945575,0.0030195053268233796
EUW,overall,-1.413004040135549,0,0.0008565730529574561,0.05591942132945575,0.0030195053268233796
EUW,overall,-1.4099845348087257,0,0.0009157968673888372,0.05591942132945575,0.0030195053268233796
EUW,overall,-1.4069650294819023,0,0.0009770425944929007,0.05591942132945575,0.0030195053268233796
EUW,overall,-1.4039455241550787,0,0.0010402702001882978,0.05591942132945575,0.0030195053268233796
EUW,overall,-1.4009260188282553,0,0.0011055568857148733,0.05591942132945575,0.0030195053268233796
EUW,overall,-1.397906513501432,0,0.0011724908457639788,0.05591942132945575,0.0030195053268233796
EUW,overall,-1.3948870081746083,0,0.001241099958954495,0.05591942132945575,0.0030195053268233796
EUW,overall,-1.3918675028477847,0,0.0013114975931388824,0.05591942132945575,0.0030195053268233796
EUW,overall,-1.3888479975209613,0,0.0013832100535805557,0.05591942132945575,0.0030195053268233796
EUW,overall,-1.385828492194138,0,0.0014563127875908562,0.05591942132945575,0.0030195053268233796
EUW,overall,-1.3828089868673143,0,0.0015306381618142848,0.05591942132945575,0.0030195053268233796
EUW,overall,-1.379789481540491,0,0.0016060083416491494,0.05591942132945575,0.0030195053268233796
EUW,overall,-1.3767699762136676,0,0.001682524352288776,0.05591942132945575,0.0030195053268233796
EUW,overall,-1.373750470886844,0,0.0017598228612741899,0.05591942132945575,0.0030195053268233796
EUW,overall,-1.3707309655600204,1,0.0018380080699272078,0.05591942132945575,0.0030195053268233796
EUW,overall,-1.367711460233197,1,0.0019168374672116,0.05591942132945575,0.0030195053268233796
EUW,overall,-1.3646919549063736,0,0.00199615937037276,0.05591942132945575,0.0030195053268233796
EUW,overall,-1.36167244957955,1,0.002075992323939444,0.05591942132945575,0.0030195053268233796
EUW,overall,-1.3586529442527266,0,0.0021563329797526544,0.05591942132945575,0.0030195053268233796
EUW,overall,-1.3556334389259033,0,0.002237032806271168,0.05591942132945575,0.0030195053268233796
EUW,overall,-1.3526139335990797,1,0.002318108499632298,0.05591942132945575,0.0030195053268233796
EUW,overall,-1.349594428272256,0,0.0023995472659934626,0.05591942132945575,0.0030195053268233796
EUW,overall,-1.3465749229454327,0,0.0024814701780407115,0.05591942132945575,0.0030195053268233796
EUW,overall,-1.3435554176186093,1,0.0025636968781591702,0.05591942132945575,0.0030195053268233796
EUW,overall,-1.3405359122917857,0,0.0026464222707203557,0.05591942132945575,0.0030195053268233796
EUW,overall,-1.337516406964962,2,0.002729723090649019,0.05591942132945575,0.0030195053268233796
EUW,overall,-1.334496901638139,0,0.002813640235580385,0.05591942132945575,0.0030195053268233796
EUW,overall,-1.3314773963113153,0,0.0028981651200133923,0.05591942132945575,0.0030195053268233796
EUW,overall,-1.3284578909844917,0,0.0029834546125798106,0.05591942132945575,0.0030195053268233796
EUW,overall,-1.3254383856576684,0,0.0030696919251290903,0.05591942132945575,0.0030195053268233796
EUW,overall,-1.322418880330845,0,0.0031570875055413872,0.05591942132945575,0.0030195053268233796
EUW,overall,-1.3193993750040214,0,0.003245938054903538,0.05591942132945575,0.0030195053268233796
EUW,overall,-1.316379869677198,0,0.003336120169216593,0.05591942132945575,0.0030195053268233796
EUW,overall,-1.3133603643503746,1,0.003427969426513659,0.05591942132945575,0.0030195053268233796
EUW,overall,-1.310340859023551,1,0.003521749039365028,0.05591942132945575,0.0030195053268233796
EUW,overall,-1.3073213536967274,0,0.003617627535978933,0.05591942132945575,0.0030195053268233796
EUW,overall,-1.304301848369904,0,0.0037158835158629736,0.05591942132945575,0.0030195053268233796
EUW,overall,-1.3012823430430807,1,0.003816638627027246,0.05591942132945575,0.0030195053268233796
EUW,overall,-1.298262837716257,0,0.003920164215414946,0.05591942132945575,0.0030195053268233796
EUW,overall,-1.2952433323894335,1,0.004026856809600847,0.05591942132945575,0.0030195053268233796
EUW,overall,-1.29222382706261,1,0.004136802109453559,0.05591942132945575,0.0030195053268233796
EUW,overall,-1.2892043217357867,1,0.004249988115874012,0.05591942132945575,0.0030195053268233796
EUW,overall,-1.286184816408963,0,0.0043669766866714374,0.05591942132945575,0.0030195053268233796
EUW,overall,-1.2831653110821397,2,0.004487592668009027,0.05591942132945575,0.0030195053268233796
EUW,overall,-1.2801458057553163,0,0.004612427277562468,0.05591942132945575,0.0030195053268233796
EUW,overall,-1.2771263004284927,0,0.004741459263663217,0.05591942132945575,0.0030195053268233796
EUW,overall,-1.2741067951016691,0,0.0048746620353946855,0.05591942132945575,0.0030195053268233796
EUW,overall,-1.2710872897748458,1,0.005012411174289125,0.05591942132945575,0.0030195053268233796
EUW,overall,-1.2680677844480224,0,0.005154831126084824,0.05591942132945575,0.0030195053268233796
EUW,overall,-1.2650482791211988,1,0.005301738013357872,0.05591942132945575,0.0030195053268233796
EUW,overall,-1.2620287737943754,0,0.005453497369085645,0.05591942132945575,0.0030195053268233796
EUW,overall,-1.259009268467552,0,0.005609944556827936,0.05591942132945575,0.0030195053268233796
EUW,overall,-1.2559897631407284,0,0.005771073579735207,0.05591942132945575,0.0030195053268233796
EUW,overall,-1.2529702578139048,0,0.005937081650184144,0.05591942132945575,0.0030195053268233796
EUW,overall,-1.2499507524870814,1,0.0061076128588455035,0.05591942132945575,0.0030195053268233796
EUW,overall,-1.246931247160258,0,0.006282848602266025,0.05591942132945575,0.0030195053268233796
EUW,overall,-1.2439117418334344,0,0.0064626009943160164,0.05591942132945575,0.0030195053268233796
EUW,overall,-1.240892236506611,0,0.006646636252719542,0.05591942132945575,0.0030195053268233796
EUW,overall,-1.2378727311797877,2,0.006834787008892297,0.05591942132945575,0.0030195053268233796
EUW,overall,-1.234853225852964,0,0.007027207515394934,0.05591942132945575,0.0030195053268233796
EUW,overall,-1.2318337205261405,1,0.007223588428150893,0.05591942132945575,0.0030195053268233796
EUW,overall,-1.228814215199317,1,0.007423688914495823,0.05591942132945575,0.0030195053268233796
EUW,overall,-1.2257947098724937,1,0.007627301955573006,0.05591942132945575,0.0030195053268233796
EUW,overall,-1.2227752045456701,4,0.007834036857051876,0.05591942132945575,0.0030195053268233796
EUW,overall,-1.2197556992188467,1,0.008044324019879652,0.05591942132945575,0.0030195053268233796
EUW,overall,-1.2167361938920234,0,0.008257299032408938,0.05591942132945575,0.0030195053268233796
EUW,overall,-1.2137166885651998,2,0.008472870767176606,0.05591942132945575,0.0030195053268233796
EUW,overall,-1.2106971832383762,0,0.008690753289702358,0.05591942132945575,0.0030195053268233796
EUW,overall,-1.2076776779115528,1,0.008910653486354645,0.05591942132945575,0.0030195053268233796
EUW,overall,-1.2046581725847294,2,0.009132735247741873,0.05591942132945575,0.0030195053268233796
EUW,overall,-1.2016386672579058,0,0.009356745081647319,0.05591942132945575,0.0030195053268233796
EUW,overall,-1.1986191619310824,0,0.009582316654078538,0.05591942132945575,0.0030195053268233796
EUW,overall,-1.195599656604259,3,0.009809464589979947,0.05591942132945575,0.0030195053268233796
EUW,overall,-1.1925801512774354,3,0.010037978936506643,0.05591942132945575,0.0030195053268233796
EUW,overall,-1.1895606459506118,0,0.010267715485543678,0.05591942132945575,0.0030195053268233796
EUW,overall,-1.1865411406237885,1,0.010498607671610231,0.05591942132945575,0.0030195053268233796
EUW,overall,-1.183521635296965,0,0.01073114373342435,0.05591942132945575,0.0030195053268233796
EUW,overall,-1.1805021299701415,0,0.01096469669004223,0.05591942132945575,0.0030195053268233796
EUW,overall,-1.177482624643318,3,0.01119956621798811,0.05591942132945575,0.0030195053268233796
EUW,overall,-1.1744631193164947,0,0.011436151154092735,0.05591942132945575,0.0030195053268233796
EUW,overall,-1.1714436139896711,0,0.011674499399716399,0.05591942132945575,0.0030195053268233796
EUW,overall,-1.1684241086628475,4,0.011914907912786153,0.05591942132945575,0.0030195053268233796
EUW,overall,-1.1654046033360241,1,0.012157218071852664,0.05591942132945575,0.0030195053268233796
EUW,overall,-1.1623850980092008,2,0.012402143174049545,0.05591942132945575,0.0030195053268233796
EUW,overall,-1.1593655926823772,2,0.012649959374297803,0.05591942132945575,0.0030195053268233796
EUW,overall,-1.1563460873555538,1,0.012901255932337532,0.05591942132945575,0.0030195053268233796
EUW,overall,-1.1533265820287304,4,0.013156823189955516,0.05591942132945575,0.0030195053268233796
EUW,overall,-1.1503070767019068,2,0.013416643270683423,0.05591942132945575,0.0030195053268233796
EUW,overall,-1.1472875713750832,4,0.013681072552795546,0.05591942132945575,0.0030195053268233796
EUW,overall,-1.1442680660482598,3,0.013951046818307205,0.05591942132945575,0.0030195053268233796
EUW,overall,-1.1412485607214364,1,0.014226977022647571,0.05591942132945575,0.0030195053268233796
EUW,overall,-1.1382290553946128,1,0.014509804673952728,0.05591942132945575,0.0030195053268233796
EUW,overall,-1.1352095500677895,2,0.014799881585590209,0.05591942132945575,0.0030195053268233796
EUW,overall,-1.132190044740966,1,0.015097903745003097,0.05591942132945575,0.0030195053268233796
EUW,overall,-1.1291705394141425,1,0.01540508954182081,0.05591942132945575,0.0030195053268233796
EUW,overall,-1.1261510340873189,1,0.0157213620441872,0.05591942132945575,0.0030195053268233796
EUW,overall,-1.1231315287604955,3,0.016048526048747805,0.05591942132945575,0.0030195053268233796
EUW,overall,-1.120112023433672,1,0.016386313898371672,0.05591942132945575,0.0030195053268233796
EUW,overall,-1.1170925181068485,2,0.01673545270018482,0.05591942132945575,0.0030195053268233796
EUW,overall,-1.1140730127800251,3,0.01709676353983205,0.05591942132945575,0.0030195053268233796
EUW,overall,-1.1110535074532017,3,0.017470397552775983,0.05591942132945575,0.0030195053268233796
EUW,overall,-1.1080340021263781,1,0.017857622039641145,0.05591942132945575,0.0030195053268233796
EUW,overall,-1.1050144967995545,0,0.018258534308163658,0.05591942132945575,0.0030195053268233796
EUW,overall,-1.1019949914727312,0,0.018673514993831956,0.05591942132945575,0.0030195053268233796
EUW,overall,-1.0989754861459078,1,0.019103450597714674,0.05591942132945575,0.0030195053268233796
EUW,overall,-1.0959559808190842,4,0.019548009817191226,0.05591942132945575,0.0030195053268233796
EUW,overall,-1.0929364754922608,1,0.020007563672234288,0.05591942132945575,0.0030195053268233796
EUW,overall,-1.0899169701654374,1,0.020482847274712956,0.05591942132945575,0.0030195053268233796
EUW,overall,-1.0868974648386138,2,0.02097362356984448,0.05591942132945575,0.0030195053268233796
EUW,overall,-1.0838779595117902,2,0.02147995755736888,0.05591942132945575,0.0030195053268233796
EUW,overall,-1.0808584541849668,3,0.02200199464569568,0.05591942132945575,0.0030195053268233796
EUW,overall,-1.0778389488581435,2,0.02253944558553513,0.05591942132945575,0.0030195053268233796
EUW,overall,-1.0748194435313199,2,0.02309233371089468,0.05591942132945575,0.0030195053268233796
EUW,overall,-1.0717999382044965,5,0.023660297053970623,0.05591942132945575,0.0030195053268233796
EUW,overall,-1.0687804328776729,5,0.02424328194595521,0.05591942132945575,0.0030195053268233796
EUW,overall,-1.0657609275508495,1,0.024841241870831348,0.05591942132945575,0.0030195053268233796
EUW,overall,-1.062741422224026,4,0.025453320644040947,0.05591942132945575,0.0030195053268233796
EUW,overall,-1.0597219168972025,0,0.026079416592555412,0.05591942132945575,0.0030195053268233796
EUW,overall,-1.0567024115703791,4,0.0267183895902039,0.05591942132945575,0.0030195053268233796
EUW,overall,-1.0536829062435555,4,0.02737091768423473,0.05591942132945575,0.0030195053268233796
EUW,overall,-1.0506634009167322,1,0.028036173633116057,0.05591942132945575,0.0030195053268233796
EUW,overall,-1.0476438955899086,3,0.028714072763911327,0.05591942132945575,0.0030195053268233796
EUW,overall,-1.0446243902630852,5,0.02940283793993477,0.05591942132945575,0.0030195053268233796
EUW,overall,-1.0416048849362616,2,0.030102807304736523,0.05591942132945575,0.0030195053268233796
EUW,overall,-1.0385853796094382,5,0.03081314096887739,0.05591942132945575,0.0030195053268233796
EUW,overall,-1.0355658742826148,4,0.031534264253376604,0.05591942132945575,0.0030195053268233796
EUW,overall,-1.0325463689557912,3,0.032265206800368124,0.05591942132945575,0.0030195053268233796
EUW,overall,-1.0295268636289678,6,0.0330060133392233,0.05591942132945575,0.0030195053268233796
EUW,overall,-1.0265073583021442,3,0.03375600101329106,0.05591942132945575,0.0030195053268233796
EUW,overall,-1.0234878529753209,5,0.03451515417656733,0.05591942132945575,0.0030195053268233796
EUW,overall,-1.0204683476484973,5,0.03528349908449254,0.05591942132945575,0.0030195053268233796
EUW,overall,-1.0174488423216739,3,0.036060467925433576,0.05591942132945575,0.0030195053268233796
EUW,overall,-1.0144293369948505,1,0.03684668052249728,0.05591942132945575,0.0030195053268233796
EUW,overall,-1.011409831668027,5,0.037641558435863164,0.05591942132945575,0.0030195053268233796
EUW,overall,-1.0083903263412035,6,0.03844580930310226,0.05591942132945575,0.0030195053268233796
EUW,overall,-1.00537082101438,6,0.03925912771557774,0.05591942132945575,0.0030195053268233796
EUW,overall,-1.0023513156875565,6,0.040081879961244044,0.05591942132945575,0.0030195053268233796
EUW,overall,-0.999331810360733,3,0.04091456995947549,0.05591942132945575,0.0030195053268233796
EUW,overall,-0.9963123050339096,12,0.041758072863572956,0.05591942132945575,0.0030195053268233796
EUW,overall,-0.9932927997070861,8,0.04261235241837884,0.05591942132945575,0.0030195053268233796
EUW,overall,-0.9902732943802626,7,0.043478534503244015,0.05591942132945575,0.0030195053268233796
EUW,overall,-0.9872537890534392,5,0.04435678475529834,0.05591942132945575,0.0030195053268233796
EUW,overall,-0.9842342837266156,2,0.045247945529985865,0.05591942132945575,0.0030195053268233796
EUW,overall,-0.9812147783997922,6,0.04615310304192581,0.05591942132945575,0.0030195053268233796
EUW,overall,-0.9781952730729687,8,0.04707234128699175,0.05591942132945575,0.0030195053268233796
EUW,overall,-0.9751757677461452,6,0.04800724826063439,0.05591942132945575,0.0030195053268233796
EUW,overall,-0.9721562624193217,7,0.04895839551781631,0.05591942132945575,0.0030195053268233796
EUW,overall,-0.9691367570924982,6,0.04992694447528485,0.05591942132945575,0.0030195053268233796
EUW,overall,-0.9661172517656748,4,0.050913143076544314,0.05591942132945575,0.0030195053268233796
EUW,overall,-0.9630977464388513,2,0.05191881116123985,0.05591942132945575,0.0030195053268233796
EUW,overall,-0.9600782411120279,9,0.05294386412225971,0.05591942132945575,0.0030195053268233796
EUW,overall,-0.9570587357852044,3,0.053989564319009205,0.05591942132945575,0.0030195053268233796
EUW,overall,-0.9540392304583809,2,0.055057007211843964,0.05591942132945575,0.0030195053268233796
EUW,overall,-0.9510197251315574,6,0.05614736895493419,0.05591942132945575,0.0030195053268233796
EUW,overall,-0.9480002198047339,7,0.05726079299338398,0.05591942132945575,0.0030195053268233796
EUW,overall,-0.9449807144779105,9,0.058398353471889104,0.05591942132945575,0.0030195053268233796
EUW,overall,-0.9419612091510869,3,0.0595607807076246,0.05591942132945575,0.0030195053268233796
EUW,overall,-0.9389417038242636,5,0.060749527056746765,0.05591942132945575,0.0030195053268233796
EUW,overall,-0.93592219849744,5,0.06196434607229974,0.05591942132945575,0.0030195053268233796
EUW,overall,-0.9329026931706166,8,0.06320690533117163,0.05591942132945575,0.0030195053268233796
EUW,overall,-0.9298831878437931,16,0.0644774816217237,0.05591942132945575,0.0030195053268233796
EUW,overall,-0.9268636825169696,13,0.06577666377853732,0.05591942132945575,0.0030195053268233796
EUW,overall,-0.9238441771901462,7,0.06710544156843284,0.05591942132945575,0.0030195053268233796
EUW,overall,-0.9208246718633226,9,0.06846426921097118,0.05591942132945575,0.0030195053268233796
EUW,overall,-0.9178051665364992,6,0.06985389541445301,0.05591942132945575,0.0030195053268233796
EUW,overall,-0.9147856612096756,8,0.0712755558625795,0.05591942132945575,0.0030195053268233796
EUW,overall,-0.9117661558828523,6,0.0727287850723853,0.05591942132945575,0.0030195053268233796
EUW,overall,-0.9087466505560287,3,0.07421508768257157,0.05591942132945575,0.0030195053268233796
EUW,overall,-0.9057271452292053,11,0.07573419277966846,0.05591942132945575,0.0030195053268233796
EUW,overall,-0.9027076399023819,5,0.07728803639591862,0.05591942132945575,0.0030195053268233796
EUW,overall,-0.8996881345755583,18,0.07887604667931193,0.05591942132945575,0.0030195053268233796
EUW,overall,-0.8966686292487349,13,0.08049924324023443,0.05591942132945575,0.0030195053268233796
EUW,overall,-0.8936491239219113,11,0.08215912434290368,0.05591942132945575,0.0030195053268233796
EUW,overall,-0.8906296185950879,11,0.08385513075442076,0.05591942132945575,0.0030195053268233796
EUW,overall,-0.8876101132682643,6,0.08558755766133148,0.05591942132945575,0.0030195053268233796
EUW,overall,-0.884590607941441,11,0.08735886817458231,0.05591942132945575,0.0030195053268233796
EUW,overall,-0.8815711026146176,10,0.08916758527326078,0.05591942132945575,0.0030195053268233796
EUW,overall,-0.878551597287794,8,0.09101640971957999,0.05591942132945575,0.0030195053268233796
EUW,overall,-0.8755320919609706,15,0.0929053202816002,0.05591942132945575,0.0030195053268233796
EUW,overall,-0.872512586634147,9,0.09483380357181516,0.05591942132945575,0.0030195053268233796
EUW,overall,-0.8694930813073236,6,0.09680450866384907,0.05591942132945575,0.0030195053268233796
EUW,overall,-0.8664735759805,13,0.09881684963042792,0.05591942132945575,0.0030195053268233796
EUW,overall,-0.8634540706536766,13,0.10087325545471748,0.05591942132945575,0.0030195053268233796
EUW,overall,-0.8604345653268533,12,0.10297267703699822,0.05591942132945575,0.0030195053268233796
EUW,overall,-0.8574150600000296,13,0.10511629678402187,0.05591942132945575,0.0030195053268233796
EUW,overall,-0.8543955546732063,11,0.10730476407535539,0.05591942132945575,0.0030195053268233796
EUW,overall,-0.8513760493463827,13,0.10953892313563474,0.05591942132945575,0.0030195053268233796
EUW,overall,-0.8483565440195593,10,0.11181910845849602,0.05591942132945575,0.0030195053268233796
EUW,overall,-0.8453370386927357,13,0.1141467037642417,0.05591942132945575,0.0030195053268233796
EUW,overall,-0.8423175333659123,19,0.11652144286451865,0.05591942132945575,0.0030195053268233796
EUW,overall,-0.8392980280390888,15,0.11894586174546654,0.05591942132945575,0.0030195053268233796
EUW,overall,-0.8362785227122653,16,0.12141903472627227,0.05591942132945575,0.0030195053268233796
EUW,overall,-0.833259017385442,7,0.12394213203024189,0.05591942132945575,0.0030195053268233796
EUW,overall,-0.8302395120586183,16,0.12651500065238883,0.05591942132945575,0.0030195053268233796
EUW,overall,-0.827220006731795,19,0.1291392426396653,0.05591942132945575,0.0030195053268233796
EUW,overall,-0.8242005014049714,28,0.13181433685466518,0.05591942132945575,0.0030195053268233796
EUW,overall,-0.821180996078148,13,0.134541946096988,0.05591942132945575,0.0030195053268233796
EUW,overall,-0.8181614907513245,13,0.13732160950681058,0.05591942132945575,0.0030195053268233796
EUW,overall,-0.815141985424501,8,0.1401548055676541,0.05591942132945575,0.0030195053268233796
EUW,overall,-0.8121224800976776,17,0.14304133418616155,0.05591942132945575,0.0030195053268233796
EUW,overall,-0.809102974770854,15,0.14598240300896062,0.05591942132945575,0.0030195053268233796
EUW,overall,-0.8060834694440306,20,0.1489780602631447,0.05591942132945575,0.0030195053268233796
EUW,overall,-0.803063964117207,17,0.15202771562839454,0.05591942132945575,0.0030195053268233796
EUW,overall,-0.8000444587903837,19,0.1551338563688218,0.05591942132945575,0.0030195053268233796
EUW,overall,-0.7970249534635602,22,0.1582946372880044,0.05591942132945575,0.0030195053268233796
EUW,overall,-0.7940054481367367,17,0.1615125071863756,0.05591942132945575,0.0030195053268233796
EUW,overall,-0.7909859428099133,24,0.16478756877825182,0.05591942132945575,0.0030195053268233796
EUW,overall,-0.7879664374830897,20,0.16811965150925406,0.05591942132945575,0.0030195053268233796
EUW,overall,-0.7849469321562663,23,0.17151042741737157,0.05591942132945575,0.0030195053268233796
EUW,overall,-0.7819274268294427,19,0.17495847227750466,0.05591942132945575,0.0030195053268233796
EUW,overall,-0.7789079215026193,16,0.17846637204137245,0.05591942132945575,0.0030195053268233796
EUW,overall,-0.7758884161757957,16,0.18203350151636577,0.05591942132945575,0.0030195053268233796
EUW,overall,-0.7728689108489724,26,0.18566101829848944,0.05591942132945575,0.0030195053268233796
EUW,overall,-0.769849405522149,19,0.18934761961854882,0.05591942132945575,0.0030195053268233796
EUW,overall,-0.7668299001953254,25,0.19309773400099353,0.05591942132945575,0.0030195053268233796
EUW,overall,-0.763810394868502,24,0.1969089444600028,0.05591942132945575,0.0030195053268233796
EUW,overall,-0.7607908895416784,22,0.20078323758423244,0.05591942132945575,0.0030195053268233796
EUW,overall,-0.757771384214855,29,0.204720531509756,0.05591942132945575,0.0030195053268233796
EUW,overall,-0.7547518788880314,22,0.2087228978992347,0.05591942132945575,0.0030195053268233796
EUW,overall,-0.751732373561208,27,0.21278867090048745,0.05591942132945575,0.0030195053268233796
EUW,overall,-0.7487128682343847,28,0.21691951937399617,0.05591942132945575,0.0030195053268233796
EUW,overall,-0.745693362907561,36,0.22111564216868032,0.05591942132945575,0.0030195053268233796
EUW,overall,-0.7426738575807377,28,0.22537746331516806,0.05591942132945575,0.0030195053268233796
EUW,overall,-0.7396543522539141,35,0.2297064506630223,0.05591942132945575,0.0030195053268233796
EUW,overall,-0.7366348469270907,27,0.23410267482635655,0.05591942132945575,0.0030195053268233796
EUW,overall,-0.7336153416002671,25,0.2385656347757445,0.05591942132945575,0.0030195053268233796
EUW,overall,-0.7305958362734437,28,0.24309448478617848,0.05591942132945575,0.0030195053268233796
EUW,overall,-0.7275763309466203,38,0.247690311484124,0.05591942132945575,0.0030195053268233796
EUW,overall,-0.7245568256197967,28,0.25235249507300966,0.05591942132945575,0.0030195053268233796
EUW,overall,-0.7215373202929733,27,0.2570799436269402,0.05591942132945575,0.0030195053268233796
EUW,overall,-0.7185178149661497,28,0.2618724691022063,0.05591942132945575,0.0030195053268233796
EUW,overall,-0.7154983096393264,34,0.2667297153955884,0.05591942132945575,0.0030195053268233796
EUW,overall,-0.7124788043125028,25,0.2716497448774178,0.05591942132945575,0.0030195053268233796
EUW,overall,-0.7094592989856794,33,0.27663120156515014,0.05591942132945575,0.0030195053268233796
EUW,overall,-0.7064397936588559,31,0.2816738352629253,0.05591942132945575,0.0030195053268233796
EUW,overall,-0.7034202883320324,31,0.2867742602594766,0.05591942132945575,0.0030195053268233796
EUW,overall,-0.700400783005209,32,0.2919334831367202,0.05591942132945575,0.0030195053268233796
EUW,overall,-0.6973812776783854,33,0.2971464703108174,0.05591942132945575,0.0030195053268233796
EUW,overall,-0.694361772351562,33,0.30241096674554174,0.05591942132945575,0.0030195053268233796
EUW,overall,-0.6913422670247384,43,0.30772668634705,0.05591942132945575,0.0030195053268233796
EUW,overall,-0.6883227616979151,34,0.3130894845602025,0.05591942132945575,0.0030195053268233796
EUW,overall,-0.6853032563710916,43,0.31849594509936036,0.05591942132945575,0.0030195053268233796
EUW,overall,-0.6822837510442681,33,0.3239455171853592,0.05591942132945575,0.0030195053268233796
EUW,overall,-0.6792642457174447,49,0.32943193589922526,0.05591942132945575,0.0030195053268233796
EUW,overall,-0.6762447403906211,41,0.33495441708743284,0.05591942132945575,0.0030195053268233796
EUW,overall,-0.6732252350637977,43,0.34050823197882246,0.05591942132945575,0.0030195053268233796
EUW,overall,-0.6702057297369741,56,0.34609179535062695,0.05591942132945575,0.0030195053268233796
EUW,overall,-0.6671862244101507,48,0.35170067052856613,0.05591942132945575,0.0030195053268233796
EUW,overall,-0.6641667190833273,35,0.35733348770407597,0.05591942132945575,0.0030195053268233796
EUW,overall,-0.6611472137565038,55,0.36298633654627555,0.05591942132945575,0.0030195053268233796
EUW,overall,-0.6581277084296804,32,0.36865677803111513,0.05591942132945575,0.0030195053268233796
EUW,overall,-0.6551082031028568,50,0.37434098794417753,0.05591942132945575,0.0030195053268233796
EUW,overall,-0.6520886977760334,53,0.3800395401490991,0.05591942132945575,0.0030195053268233796
EUW,overall,-0.6490691924492098,35,0.38574854798295044,0.05591942132945575,0.0030195053268233796
EUW,overall,-0.6460496871223864,56,0.39146500783497634,0.05591942132945575,0.0030195053268233796
EUW,overall,-0.6430301817955629,45,0.39718813757393495,0.05591942132945575,0.0030195053268233796
EUW,overall,-0.6400106764687394,69,0.4029171916073159,0.05591942132945575,0.0030195053268233796
EUW,overall,-0.6369911711419161,58,0.40865097341005563,0.05591942132945575,0.0030195053268233796
EUW,overall,-0.6339716658150925,56,0.4143886317447442,0.05591942132945575,0.0030195053268233796
EUW,overall,-0.6309521604882691,54,0.4201299095545328,0.05591942132945575,0.0030195053268233796
EUW,overall,-0.6279326551614455,53,0.4258748917020725,0.05591942132945575,0.0030195053268233796
EUW,overall,-0.6249131498346221,47,0.4316239680595741,0.05591942132945575,0.0030195053268233796
EUW,overall,-0.6218936445077985,57,0.43737854451882224,0.05591942132945575,0.0030195053268233796
EUW,overall,-0.6188741391809751,46,0.4431384363433818,0.05591942132945575,0.0030195053268233796
EUW,overall,-0.6158546338541517,67,0.4489049551481488,0.05591942132945575,0.0030195053268233796
EUW,overall,-0.6128351285273281,63,0.4546813805907616,0.05591942132945575,0.0030195053268233796
EUW,overall,-0.6098156232005048,63,0.4604686855710701,0.05591942132945575,0.0030195053268233796
EUW,overall,-0.6067961178736812,57,0.4662694180876706,0.05591942132945575,0.0030195053268233796
EUW,overall,-0.6037766125468578,66,0.4720847306232013,0.05591942132945575,0.0030195053268233796
EUW,overall,-0.6007571072200342,52,0.47791809983198474,0.05591942132945575,0.0030195053268233796
EUW,overall,-0.5977376018932108,65,0.4837718809150436,0.05591942132945575,0.0030195053268233796
EUW,overall,-0.5947180965663874,58,0.48965007130461957,0.05591942132945575,0.0030195053268233796
EUW,overall,-0.5916985912395638,65,0.4955521264213484,0.05591942132945575,0.0030195053268233796
EUW,overall,-0.5886790859127404,64,0.5014831754763588,0.05591942132945575,0.0030195053268233796
EUW,overall,-0.5856595805859168,72,0.507445748322662,0.05591942132945575,0.0030195053268233796
EUW,overall,-0.5826400752590934,71,0.5134411123166989,0.05591942132945575,0.0030195053268233796
EUW,overall,-0.5796205699322698,55,0.5194728099770296,0.05591942132945575,0.0030195053268233796
EUW,overall,-0.5766010646054465,72,0.5255427864337415,0.05591942132945575,0.0030195053268233796
EUW,overall,-0.5735815592786231,50,0.531651975412742,0.05591942132945575,0.0030195053268233796
EUW,overall,-0.5705620539517995,65,0.5378042421668657,0.05591942132945575,0.0030195053268233796
EUW,overall,-0.5675425486249761,69,0.5440009883536482,0.05591942132945575,0.0030195053268233796
EUW,overall,-0.5645230432981525,61,0.5502416069651668,0.05591942132945575,0.0030195053268233796
EUW,overall,-0.5615035379713291,80,0.5565268332451277,0.05591942132945575,0.0030195053268233796
EUW,overall,-0.5584840326445055,58,0.562857046789171,0.05591942132945575,0.0030195053268233796
EUW,overall,-0.5554645273176821,75,0.5692345144880215,0.05591942132945575,0.0030195053268233796
EUW,overall,-0.5524450219908587,68,0.5756571294043589,0.05591942132945575,0.0030195053268233796
EUW,overall,-0.5494255166640352,70,0.5821262012808927,0.05591942132945575,0.0030195053268233796
EUW,overall,-0.5464060113372118,49,0.5886370867243119,0.05591942132945575,0.0030195053268233796
EUW,overall,-0.5433865060103882,87,0.5951910394260012,0.05591942132945575,0.0030195053268233796
EUW,overall,-0.5403670006835648,68,0.6017862384729591,0.05591942132945575,0.0030195053268233796
EUW,overall,-0.5373474953567412,76,0.6084199885782031,0.05591942132945575,0.0030195053268233796
EUW,overall,-0.5343279900299178,70,0.6150891321252764,0.05591942132945575,0.0030195053268233796
EUW,overall,-0.5313084847030943,97,0.6217921518026888,0.05591942132945575,0.0030195053268233796
EUW,overall,-0.5282889793762708,77,0.6285260757378585,0.05591942132945575,0.0030195053268233796
EUW,overall,-0.5252694740494475,77,0.6352873659974508,0.05591942132945575,0.0030195053268233796
EUW,overall,-0.5222499687226239,75,0.642070771818592,0.05591942132945575,0.0030195053268233796
EUW,overall,-0.5192304633958005,72,0.6488748399241552,0.05591942132945575,0.0030195053268233796
EUW,overall,-0.5162109580689769,89,0.6556945391509903,0.05591942132945575,0.0030195053268233796
EUW,overall,-0.5131914527421535,100,0.6625253930695525,0.05591942132945575,0.0030195053268233796
EUW,overall,-0.51017194741533,105,0.6693644492401081,0.05591942132945575,0.0030195053268233796
EUW,overall,-0.5071524420885065,82,0.6762072413320527,0.05591942132945575,0.0030195053268233796
EUW,overall,-0.5041329367616831,90,0.6830476053896637,0.05591942132945575,0.0030195053268233796
EUW,overall,-0.5011134314348595,95,0.6898802001645128,0.05591942132945575,0.0030195053268233796
EUW,overall,-0.4980939261080361,85,0.6967014846190736,0.05591942132945575,0.0030195053268233796
EUW,overall,-0.4950744207812126,86,0.7035067669549041,0.05591942132945575,0.0030195053268233796
EUW,overall,-0.4920549154543891,89,0.7102932407679033,0.05591942132945575,0.0030195053268233796
EUW,overall,-0.48903541012756563,84,0.7170534875235716,0.05591942132945575,0.0030195053268233796
EUW,overall,-0.4860159048007422,77,0.723783562994493,0.05591942132945575,0.0030195053268233796
EUW,overall,-0.48299639947391876,96,0.7304781587008271,0.05591942132945575,0.0030195053268233796
EUW,overall,-0.47997689414709527,86,0.7371332864009005,0.05591942132945575,0.0030195053268233796
EUW,overall,-0.4769573888202718,119,0.7437439214393878,0.05591942132945575,0.0030195053268233796
EUW,overall,-0.4739378834934483,93,0.7503071415332041,0.05591942132945575,0.0030195053268233796
EUW,overall,-0.4709183781666248,81,0.7568164527342021,0.05591942132945575,0.0030195053268233796
EUW,overall,-0.4678988728398013,106,0.763269471863264,0.05591942132945575,0.0030195053268233796
EUW,overall,-0.46487936751297787,105,0.769659806588116,0.05591942132945575,0.0030195053268233796
EUW,overall,-0.46185986218615444,90,0.7759852949203446,0.05591942132945575,0.0030195053268233796
EUW,overall,-0.45884035685933094,119,0.7822403117822906,0.05591942132945575,0.0030195053268233796
EUW,overall,-0.45582085153250745,95,0.7884247639327258,0.05591942132945575,0.0030195053268233796
EUW,overall,-0.45280134620568396,103,0.7945293748226623,0.05591942132945575,0.0030195053268233796
EUW,overall,-0.4497818408788605,98,0.8005539430511552,0.05591942132945575,0.0030195053268233796
EUW,overall,-0.44676233555203704,104,0.806494656447509,0.05591942132945575,0.0030195053268233796
EUW,overall,-0.44374283022521355,89,0.8123480155619172,0.05591942132945575,0.0030195053268233796
EUW,overall,-0.44072332489839006,108,0.8181127877657347,0.05591942132945575,0.0030195053268233796
EUW,overall,-0.43770381957156657,102,0.8237856625858525,0.05591942132945575,0.0030195053268233796
EUW,overall,-0.4346843142447431,112,0.8293631129915694,0.05591942132945575,0.0030195053268233796
EUW,overall,-0.4316648089179197,93,0.8348431714683282,0.05591942132945575,0.0030195053268233796
EUW,overall,-0.4286453035910962,129,0.8402239620870003,0.05591942132945575,0.0030195053268233796
EUW,overall,-0.4256257982642727,135,0.8455037592604326,0.05591942132945575,0.0030195053268233796
EUW,overall,-0.4226062929374492,108,0.8506808465743394,0.05591942132945575,0.0030195053268233796
EUW,overall,-0.41958678761062573,104,0.8557532404132909,0.05591942132945575,0.0030195053268233796
EUW,overall,-0.41656728228380224,119,0.8607184596674523,0.05591942132945575,0.0030195053268233796
EUW,overall,-0.41354777695697875,120,0.8655765426664584,0.05591942132945575,0.0030195053268233796
EUW,overall,-0.4105282716301554,116,0.8703255260392301,0.05591942132945575,0.0030195053268233796
EUW,overall,-0.4075087663033319,115,0.8749671144497888,0.05591942132945575,0.0030195053268233796
EUW,overall,-0.4044892609765084,112,0.8794988186271666,0.05591942132945575,0.0030195053268233796
EUW,overall,-0.4014697556496849,113,0.883918982265841,0.05591942132945575,0.0030195053268233796
EUW,overall,-0.3984502503228614,121,0.8882277563182891,0.05591942132945575,0.0030195053268233796
EUW,overall,-0.3954307449960379,111,0.8924240267362924,0.05591942132945575,0.0030195053268233796
EUW,overall,-0.39241123966921443,104,0.8965096800030476,0.05591942132945575,0.0030195053268233796
EUW,overall,-0.38939173434239094,118,0.9004795969941574,0.05591942132945575,0.0030195053268233796
EUW,overall,-0.38637222901556745,118,0.9043362764193807,0.05591942132945575,0.0030195053268233796
EUW,overall,-0.38335272368874407,117,0.9080793917670409,0.05591942132945575,0.0030195053268233796
EUW,overall,-0.3803332183619206,112,0.9117089546917729,0.05591942132945575,0.0030195053268233796
EUW,overall,-0.3773137130350971,119,0.9152226731470325,0.05591942132945575,0.0030195053268233796
EUW,overall,-0.3742942077082736,125,0.9186214357971051,0.05591942132945575,0.0030195053268233796
EUW,overall,-0.3712747023814501,132,0.9219056540176054,0.05591942132945575,0.0030195053268233796
EUW,overall,-0.3682551970546266,96,0.9250750487692228,0.05591942132945575,0.0030195053268233796
EUW,overall,-0.3652356917278031,106,0.9281287821806532,0.05591942132945575,0.0030195053268233796
EUW,overall,-0.36221618640097974,125,0.9310680821561614,0.05591942132945575,0.0030195053268233796
EUW,overall,-0.35919668107415625,108,0.9338923772706694,0.05591942132945575,0.0030195053268233796
EUW,overall,-0.35617717574733276,121,0.9366031325385668,0.05591942132945575,0.0030195053268233796
EUW,overall,-0.3531576704205093,120,0.939200582369853,0.05591942132945575,0.0030195053268233796
EUW,overall,-0.3501381650936858,106,0.9416850486501976,0.05591942132945575,0.0030195053268233796
EUW,overall,-0.3471186597668623,133,0.9440582426787222,0.05591942132945575,0.0030195053268233796
EUW,overall,-0.3440991544400388,147,0.9463195726806112,0.05591942132945575,0.0030195053268233796
EUW,overall,-0.3410796491132154,138,0.9484714937258942,0.05591942132945575,0.0030195053268233796
EUW,overall,-0.33806014378639193,119,0.9505174962640043,0.05591942132945575,0.0030195053268233796
EUW,overall,-0.33504063845956844,109,0.9524573397426654,0.05591942132945575,0.0030195053268233796
EUW,overall,-0.33202113313274495,133,0.9542969108233544,0.05591942132945575,0.0030195053268233796
EUW,overall,-0.32900162780592146,122,0.9560353101063699,0.05591942132945575,0.0030195053268233796
EUW,overall,-0.32598212247909797,150,0.9576775864475651,0.05591942132945575,0.0030195053268233796
EUW,overall,-0.3229626171522745,117,0.9592300885522084,0.05591942132945575,0.0030195053268233796
EUW,overall,-0.3199431118254511,121,0.9606939434940053,0.05591942132945575,0.0030195053268233796
EUW,overall,-0.3169236064986276,135,0.9620732149778926,0.05591942132945575,0.0030195053268233796
EUW,overall,-0.3139041011718041,129,0.963374746588595,0.05591942132945575,0.0030195053268233796
EUW,overall,-0.3108845958449806,111,0.9646027976823571,0.05591942132945575,0.0030195053268233796
EUW,overall,-0.30786509051815714,126,0.9657626360187682,0.05591942132945575,0.0030195053268233796
EUW,overall,-0.30484558519133365,127,0.9668609945316381,0.05591942132945575,0.0030195053268233796
EUW,overall,-0.30182607986451016,135,0.9679025378210184,0.05591942132945575,0.0030195053268233796
EUW,overall,-0.2988065745376868,108,0.9688957012883335,0.05591942132945575,0.0030195053268233796
EUW,overall,-0.2957870692108633,133,0.9698457275127382,0.05591942132945575,0.0030195053268233796
EUW,overall,-0.2927675638840398,121,0.9707589061525274,0.05591942132945575,0.0030195053268233796
EUW,overall,-0.2897480585572163,120,0.9716406279577091,0.05591942132945575,0.0030195053268233796
EUW,overall,-0.2867285532303928,130,0.9724978412336378,0.05591942132945575,0.0030195053268233796
EUW,overall,-0.2837090479035693,144,0.9733371429214757,0.05591942132945575,0.0030195053268233796
EUW,overall,-0.28068954257674583,131,0.9741679782354032,0.05591942132945575,0.0030195053268233796
EUW,overall,-0.27767003724992245,113,0.9749924398805689,0.05591942132945575,0.0030195053268233796
EUW,overall,-0.27465053192309896,101,0.9758161000154654,0.05591942132945575,0.0030195053268233796
EUW,overall,-0.27163102659627547,102,0.9766441627608297,0.05591942132945575,0.0030195053268233796
EUW,overall,-0.268611521269452,139,0.9774821911668542,0.05591942132945575,0.0030195053268233796
EUW,overall,-0.2655920159426285,126,0.9783344128837952,0.05591942132945575,0.0030195053268233796
EUW,overall,-0.262572510615805,116,0.9792055348901094,0.05591942132945575,0.0030195053268233796
EUW,overall,-0.2595530052889815,113,0.9800968570458723,0.05591942132945575,0.0030195053268233796
EUW,overall,-0.25653349996215813,113,0.9810094389907421,0.05591942132945575,0.0030195053268233796
EUW,overall,-0.25351399463533464,108,0.9819478020046148,0.05591942132945575,0.0030195053268233796
EUW,overall,-0.25049448930851115,133,0.9829099750101729,0.05591942132945575,0.0030195053268233796
EUW,overall,-0.24747498398168766,117,0.9839008364254531,0.05591942132945575,0.0030195053268233796
EUW,overall,-0.24445547865486417,137,0.9849180512952448,0.05591942132945575,0.0030195053268233796
EUW,overall,-0.24143597332804068,123,0.9859584671692253,0.05591942132945575,0.0030195053268233796
EUW,overall,-0.23841646800121719,128,0.9870234858512983,0.05591942132945575,0.0030195053268233796
EUW,overall,-0.2353969626743937,119,0.988109606692916,0.05591942132945575,0.0030195053268233796
EUW,overall,-0.2323774573475702,159,0.9892126095365815,0.05591942132945575,0.0030195053268233796
EUW,overall,-0.22935795202074682,115,0.9903316933231244,0.05591942132945575,0.0030195053268233796
EUW,overall,-0.22633844669392333,114,0.9914596552325229,0.05591942132945575,0.0030195053268233796
EUW,overall,-0.22331894136709984,114,0.9925922917408001,0.05591942132945575,0.0030195053268233796
EUW,overall,-0.22029943604027635,116,0.9937251362103218,0.05591942132945575,0.0030195053268233796
EUW,overall,-0.21727993071345286,128,0.9948519184331233,0.05591942132945575,0.0030195053268233796
EUW,overall,-0.21426042538662937,125,0.9959662011106825,0.05591942132945575,0.0030195053268233796
EUW,overall,-0.21124092005980588,134,0.9970602593466976,0.05591942132945575,0.0030195053268233796
EUW,overall,-0.2082214147329825,109,0.998129447285761,0.05591942132945575,0.0030195053268233796
EUW,overall,-0.205201909406159,131,0.9991663283476965,0.05591942132945575,0.0030195053268233796
EUW,overall,-0.20218240407933552,137,1.0001613991046996,0.05591942132945575,0.0030195053268233796
EUW,overall,-0.19916289875251203,125,1.001108359893747,0.05591942132945575,0.0030195053268233796
EUW,overall,-0.19614339342568854,143,1.002001612025592,0.05591942132945575,0.0030195053268233796
EUW,overall,-0.19312388809886505,109,1.0028326135566346,0.05591942132945575,0.0030195053268233796
EUW,overall,-0.19010438277204156,135,1.0035935288994802,0.05591942132945575,0.0030195053268233796
EUW,overall,-0.18708487744521818,109,1.0042777212411065,0.05591942132945575,0.0030195053268233796
EUW,overall,-0.1840653721183947,145,1.0048782762093975,0.05591942132945575,0.0030195053268233796
EUW,overall,-0.1810458667915712,146,1.005389221233916,0.05591942132945575,0.0030195053268233796
EUW,overall,-0.1780263614647477,132,1.00580420872231,0.05591942132945575,0.0030195053268233796
EUW,overall,-0.17500685613792422,131,1.0061164007021448,0.05591942132945575,0.0030195053268233796
EUW,overall,-0.17198735081110073,135,1.0063197353186988,0.05591942132945575,0.0030195053268233796
EUW,overall,-0.16896784548427723,161,1.0064114483804967,0.05591942132945575,0.0030195053268233796
EUW,overall,-0.16594834015745386,128,1.0063850106192278,0.05591942132945575,0.0030195053268233796
EUW,overall,-0.16292883483063036,128,1.0062360985079388,0.05591942132945575,0.0030195053268233796
EUW,overall,-0.15990932950380687,133,1.005961968230902,0.05591942132945575,0.0030195053268233796
EUW,overall,-0.15688982417698338,138,1.0055588022326163,0.05591942132945575,0.0030195053268233796
EUW,overall,-0.1538703188501599,120,1.005024790941084,0.05591942132945575,0.0030195053268233796
EUW,overall,-0.1508508135233364,105,1.0043571159667692,0.05591942132945575,0.0030195053268233796
EUW,overall,-0.1478313081965129,128,1.00355390827909,0.05591942132945575,0.0030195053268233796
EUW,overall,-0.14481180286968953,125,1.0026150070952422,0.05591942132945575,0.0030195053268233796
EUW,overall,-0.14179229754286604,121,1.0015416462127087,0.05591942132945575,0.0030195053268233796
EUW,overall,-0.13877279221604255,130,1.0003316893016763,0.05591942132945575,0.0030195053268233796
EUW,overall,-0.13575328688921906,131,0.9989861391558211,0.05591942132945575,0.0030195053268233796
EUW,overall,-0.13273378156239557,142,0.9975073585807122,0.05591942132945575,0.0030195053268233796
EUW,overall,-0.12971427623557208,133,0.9958949866320497,0.05591942132945575,0.0030195053268233796
EUW,overall,-0.1266947709087486,147,0.994153228158861,0.05591942132945575,0.0030195053268233796
EUW,overall,-0.12367526558192521,135,0.9922857273684582,0.05591942132945575,0.0030195053268233796
EUW,overall,-0.12065576025510172,126,0.9902919230358602,0.05591942132945575,0.0030195053268233796
EUW,overall,-0.11763625492827823,122,0.988176094605324,0.05591942132945575,0.0030195053268233796
EUW,overall,-0.11461674960145474,136,0.9859445549572039,0.05591942132945575,0.0030195053268233796
EUW,overall,-0.11159724427463125,127,0.9836009889354294,0.05591942132945575,0.0030195053268233796
EUW,overall,-0.10857773894780776,140,0.9811485722585831,0.05591942132945575,0.0030195053268233796
EUW,overall,-0.10555823362098427,118,0.9785909850486002,0.05591942132945575,0.0030195053268233796
EUW,overall,-0.10253872829416077,107,0.9759354835195563,0.05591942132945575,0.0030195053268233796
EUW,overall,-0.09951922296733728,152,0.9731847547978484,0.05591942132945575,0.0030195053268233796
EUW,overall,-0.0964997176405139,116,0.9703463329227245,0.05591942132945575,0.0030195053268233796
EUW,overall,-0.09348021231369041,130,0.9674237052693402,0.05591942132945575,0.0030195053268233796
EUW,overall,-0.09046070698686692,122,0.9644223307222588,0.05591942132945575,0.0030195053268233796
EUW,overall,-0.08744120166004343,124,0.9613472176242928,0.05591942132945575,0.0030195053268233796
EUW,overall,-0.08442169633321994,108,0.9582053396923562,0.05591942132945575,0.0030195053268233796
EUW,overall,-0.08140219100639645,139,0.9550007263478735,0.05591942132945575,0.0030195053268233796
EUW,overall,-0.07838268567957296,97,0.9517374769047585,0.05591942132945575,0.0030195053268233796
EUW,overall,-0.07536318035274958,122,0.9484220425504541,0.05591942132945575,0.0030195053268233796
EUW,overall,-0.07234367502592609,121,0.9450598124499613,0.05591942132945575,0.0030195053268233796
EUW,overall,-0.0693241696991026,117,0.9416528906037709,0.05591942132945575,0.0030195053268233796
EUW,overall,-0.06630466437227911,112,0.938207775962067,0.05591942132945575,0.0030195053268233796
EUW,overall,-0.06328515904545562,110,0.9347283615296766,0.05591942132945575,0.0030195053268233796
EUW,overall,-0.06026565371863213,108,0.9312166427922521,0.05591942132945575,0.0030195053268233796
EUW,overall,-0.05724614839180864,142,0.9276776211016238,0.05591942132945575,0.0030195053268233796
EUW,overall,-0.05422664306498526,133,0.924115622462058,0.05591942132945575,0.0030195053268233796
EUW,overall,-0.05120713773816177,122,0.9205347274175794,0.05591942132945575,0.0030195053268233796
EUW,overall,-0.04818763241133828,101,0.9169359700900732,0.05591942132945575,0.0030195053268233796
EUW,overall,-0.045168127084514786,110,0.9133216693462831,0.05591942132945575,0.0030195053268233796
EUW,overall,-0.042148621757691296,119,0.90969221565052,0.05591942132945575,0.0030195053268233796
EUW,overall,-0.039129116430867805,137,0.9060512916122719,0.05591942132945575,0.0030195053268233796
EUW,overall,-0.036109611104044315,119,0.9024027688888802,0.05591942132945575,0.0030195053268233796
EUW,overall,-0.033090105777220935,102,0.8987453855481159,0.05591942132945575,0.0030195053268233796
EUW,overall,-0.030070600450397444,109,0.8950807105810268,0.05591942132945575,0.0030195053268233796
EUW,overall,-0.027051095123573954,98,0.8914100947600012,0.05591942132945575,0.0030195053268233796
EUW,overall,-0.024031589796750463,114,0.8877325127953464,0.05591942132945575,0.0030195053268233796
EUW,overall,-0.021012084469926973,108,0.8840482986838702,0.05591942132945575,0.0030195053268233796
EUW,overall,-0.017992579143103482,98,0.8803578573853617,0.05591942132945575,0.0030195053268233796
EUW,overall,-0.014973073816279991,119,0.876662833713501,0.05591942132945575,0.0030195053268233796
EUW,overall,-0.011953568489456612,106,0.8729614135150384,0.05591942132945575,0.0030195053268233796
EUW,overall,-0.008934063162633121,114,0.8692535541646597,0.05591942132945575,0.0030195053268233796
EUW,overall,-0.005914557835809631,123,0.8655342074526472,0.05591942132945575,0.0030195053268233796
EUW,overall,-0.00289505250898614,110,0.8618086323874615,0.05591942132945575,0.0030195053268233796
EUW,overall,0.00012445281783735052,99,0.8580728181340711,0.05591942132945575,0.0030195053268233796
EUW,overall,0.003143958144660841,116,0.8543262523711889,0.05591942132945575,0.0030195053268233796
EUW,overall,0.006163463471484332,104,0.8505668986223633,0.05591942132945575,0.0030195053268233796
EUW,overall,0.009182968798307711,121,0.8467941525561093,0.05591942132945575,0.0030195053268233796
EUW,overall,0.012202474125131202,91,0.8430060493050135,0.05591942132945575,0.0030195053268233796
EUW,overall,0.015221979451954692,120,0.8392015551717248,0.05591942132945575,0.0030195053268233796
EUW,overall,0.018241484778778183,112,0.8353809017180104,0.05591942132945575,0.0030195053268233796
EUW,overall,0.021260990105601674,114,0.8315406742264604,0.05591942132945575,0.0030195053268233796
EUW,overall,0.024280495432425164,103,0.8276803569706631,0.05591942132945575,0.0030195053268233796
EUW,overall,0.027300000759248655,98,0.8238002648988896,0.05591942132945575,0.0030195053268233796
EUW,overall,0.030319506086072145,97,0.8198969036215447,0.05591942132945575,0.0030195053268233796
EUW,overall,0.033339011412895636,102,0.8159728755423821,0.05591942132945575,0.0030195053268233796
EUW,overall,0.036358516739719016,100,0.8120238359644811,0.05591942132945575,0.0030195053268233796
EUW,overall,0.039378022066542506,94,0.8080512657839033,0.05591942132945575,0.0030195053268233796
EUW,overall,0.042397527393366,104,0.8040531973175322,0.05591942132945575,0.0030195053268233796
EUW,overall,0.04541703272018949,110,0.8000293229044957,0.05591942132945575,0.0030195053268233796
EUW,overall,0.04843653804701298,103,0.7959815997004142,0.05591942132945575,0.0030195053268233796
EUW,overall,0.05145604337383647,94,0.791908417182613,0.05591942132945575,0.0030195053268233796
EUW,overall,0.05447554870065996,112,0.7878110487899372,0.05591942132945575,0.0030195053268233796
EUW,overall,0.05749505402748334,98,0.7836882166935063,0.05591942132945575,0.0030195053268233796
EUW,overall,0.06051455935430683,102,0.7795439196997151,0.05591942132945575,0.0030195053268233796
EUW,overall,0.06353406468113032,107,0.7753764133086996,0.05591942132945575,0.0030195053268233796
EUW,overall,0.06655357000795381,98,0.7711876322419338,0.05591942132945575,0.0030195053268233796
EUW,overall,0.0695730753347773,101,0.7669778716403894,0.05591942132945575,0.0030195053268233796
EUW,overall,0.07259258066160079,100,0.7627509784502088,0.05591942132945575,0.0030195053268233796
EUW,overall,0.07561208598842428,90,0.7585086881956514,0.05591942132945575,0.0030195053268233796
EUW,overall,0.07863159131524766,95,0.7542499697790546,0.05591942132945575,0.0030195053268233796
EUW,overall,0.08165109664207115,91,0.7499798942476253,0.05591942132945575,0.0030195053268233796
EUW,overall,0.08467060196889464,91,0.7457007888190967,0.05591942132945575,0.0030195053268233796
EUW,overall,0.08769010729571813,101,0.7414144558261154,0.05591942132945575,0.0030195053268233796
EUW,overall,0.09070961262254162,96,0.7371235013265097,0.05591942132945575,0.0030195053268233796
EUW,overall,0.09372911794936511,83,0.7328316619074555,0.05591942132945575,0.0030195053268233796
EUW,overall,0.0967486232761886,94,0.728542204304177,0.05591942132945575,0.0030195053268233796
EUW,overall,0.09976812860301199,110,0.7242559621151403,0.05591942132945575,0.0030195053268233796
EUW,overall,0.10278763392983548,95,0.7199801340395593,0.05591942132945575,0.0030195053268233796
EUW,overall,0.10580713925665897,82,0.7157159934935381,0.05591942132945575,0.0030195053268233796
EUW,overall,0.10882664458348246,95,0.7114666298009463,0.05591942132945575,0.0030195053268233796
EUW,overall,0.11184614991030595,92,0.7072339651456635,0.05591942132945575,0.0030195053268233796
EUW,overall,0.11486565523712944,79,0.7030231775492961,0.05591942132945575,0.0030195053268233796
EUW,overall,0.11788516056395293,81,0.6988366334838872,0.05591942132945575,0.0030195053268233796
EUW,overall,0.12090466589077631,92,0.6946778773156745,0.05591942132945575,0.0030195053268233796
EUW,overall,0.1239241712175998,94,0.6905493288086008,0.05591942132945575,0.0030195053268233796
EUW,overall,0.1269436765444233,83,0.6864504911915043,0.05591942132945575,0.0030195053268233796
EUW,overall,0.12996318187124678,80,0.6823890457189743,0.05591942132945575,0.0030195053268233796
EUW,overall,0.13298268719807027,88,0.6783647685600376,0.05591942132945575,0.0030195053268233796
EUW,overall,0.13600219252489376,71,0.6743795205470485,0.05591942132945575,0.0030195053268233796
EUW,overall,0.13902169785171725,79,0.6704347773170826,0.05591942132945575,0.0030195053268233796
EUW,overall,0.14204120317854063,95,0.6665326467601271,0.05591942132945575,0.0030195053268233796
EUW,overall,0.14506070850536412,76,0.6626722231912526,0.05591942132945575,0.0030195053268233796
EUW,overall,0.1480802138321876,92,0.6588588961578397,0.05591942132945575,0.0030195053268233796
EUW,overall,0.1510997191590111,85,0.6550876808042443,0.05591942132945575,0.0030195053268233796
EUW,overall,0.1541192244858346,82,0.6513619638365103,0.05591942132945575,0.0030195053268233796
EUW,overall,0.15713872981265808,81,0.6476808628428744,0.05591942132945575,0.0030195053268233796
EUW,overall,0.16015823513948158,86,0.6440442555333512,0.05591942132945575,0.0030195053268233796
EUW,overall,0.16317774046630495,65,0.6404506299142788,0.05591942132945575,0.0030195053268233796
EUW,overall,0.16619724579312845,73,0.6368998512190118,0.05591942132945575,0.0030195053268233796
EUW,overall,0.16921675111995194,72,0.6333893064151408,0.05591942132945575,0.0030195053268233796
EUW,overall,0.17223625644677543,87,0.6299188486400199,0.05591942132945575,0.0030195053268233796
EUW,overall,0.17525576177359892,76,0.6264869573151717,0.05591942132945575,0.0030195053268233796
EUW,overall,0.1782752671004224,76,0.6230922977340051,0.05591942132945575,0.0030195053268233796
EUW,overall,0.1812947724272459,73,0.619731085317346,0.05591942132945575,0.0030195053268233796
EUW,overall,0.1843142777540694,55,0.6164010795108488,0.05591942132945575,0.0030195053268233796
EUW,overall,0.18733378308089288,86,0.613100493421769,0.05591942132945575,0.0030195053268233796
EUW,overall,0.19035328840771626,74,0.609829128087801,0.05591942132945575,0.0030195053268233796
EUW,overall,0.19337279373453975,77,0.6065828669278798,0.05591942132945575,0.0030195053268233796
EUW,overall,0.19639229906136324,86,0.6033589137267917,0.05591942132945575,0.0030195053268233796
EUW,overall,0.19941180438818673,92,0.6001556830453109,0.05591942132945575,0.0030195053268233796
EUW,overall,0.20243130971501022,61,0.5969702326941533,0.05591942132945575,0.0030195053268233796
EUW,overall,0.2054508150418337,76,0.593800723331306,0.05591942132945575,0.0030195053268233796
EUW,overall,0.2084703203686572,90,0.5906460993743642,0.05591942132945575,0.0030195053268233796
EUW,overall,0.21148982569548058,95,0.587501372822446,0.05591942132945575,0.0030195053268233796
EUW,overall,0.21450933102230407,96,0.5843665769732465,0.05591942132945575,0.0030195053268233796
EUW,overall,0.21752883634912756,63,0.5812400385883084,0.05591942132945575,0.0030195053268233796
EUW,overall,0.22054834167595105,69,0.5781191233705879,0.05591942132945575,0.0030195053268233796
EUW,overall,0.22356784700277454,65,0.5750036125475431,0.05591942132945575,0.0030195053268233796
EUW,overall,0.22658735232959804,73,0.5718915674449527,0.05591942132945575,0.0030195053268233796
EUW,overall,0.22960685765642153,66,0.5687801252142968,0.05591942132945575,0.0030195053268233796
EUW,overall,0.2326263629832449,79,0.5656693928214876,0.05591942132945575,0.0030195053268233796
EUW,overall,0.2356458683100684,63,0.5625584496973706,0.05591942132945575,0.0030195053268233796
EUW,overall,0.2386653736368919,65,0.5594472929636208,0.05591942132945575,0.0030195053268233796
EUW,overall,0.24168487896371538,64,0.5563316647544253,0.05591942132945575,0.0030195053268233796
EUW,overall,0.24470438429053887,68,0.5532137236441511,0.05591942132945575,0.0030195053268233796
EUW,overall,0.24772388961736236,66,0.5500921761039446,0.05591942132945575,0.0030195053268233796
EUW,overall,0.25074339494418585,74,0.5469671403034907,0.05591942132945575,0.0030195053268233796
EUW,overall,0.25376290027100923,64,0.5438374603776839,0.05591942132945575,0.0030195053268233796
EUW,overall,0.2567824055978327,72,0.5407026062375401,0.05591942132945575,0.0030195053268233796
EUW,overall,0.2598019109246562,71,0.5375612102889085,0.05591942132945575,0.0030195053268233796
EUW,overall,0.2628214162514797,60,0.5344132507864987,0.05591942132945575,0.0030195053268233796
EUW,overall,0.2658409215783032,80,0.531259675572154,0.05591942132945575,0.0030195053268233796
EUW,overall,0.2688604269051267,61,0.5280984467836702,0.05591942132945575,0.0030195053268233796
EUW,overall,0.27187993223195017,70,0.524929694569597,0.05591942132945575,0.0030195053268233796
EUW,overall,0.27489943755877355,61,0.5217542610886049,0.05591942132945575,0.0030195053268233796
EUW,overall,0.27791894288559704,75,0.518571094576958,0.05591942132945575,0.0030195053268233796
EUW,overall,0.28093844821242053,72,0.5153784928104962,0.05591942132945575,0.0030195053268233796
EUW,overall,0.283957953539244,74,0.5121795736468155,0.05591942132945575,0.0030195053268233796
EUW,overall,0.2869774588660675,61,0.5089709461673423,0.05591942132945575,0.0030195053268233796
EUW,overall,0.289996964192891,67,0.5057531959575746,0.05591942132945575,0.0030195053268233796
EUW,overall,0.2930164695197145,51,0.5025268020842959,0.05591942132945575,0.0030195053268233796
EUW,overall,0.2960359748465379,57,0.4992910486684073,0.05591942132945575,0.0030195053268233796
EUW,overall,0.29905548017336137,65,0.4960459936889584,0.05591942132945575,0.0030195053268233796
EUW,overall,0.30207498550018486,50,0.4927921614016147,0.05591942132945575,0.0030195053268233796
EUW,overall,0.30509449082700835,61,0.48952950091567204,0.05591942132945575,0.0030195053268233796
EUW,overall,0.30811399615383184,67,0.4862582037262855,0.05591942132945575,0.0030195053268233796
EUW,overall,0.31113350148065533,68,0.4829782038993753,0.05591942132945575,0.0030195053268233796
EUW,overall,0.3141530068074788,57,0.47968903786962686,0.05591942132945575,0.0030195053268233796
EUW,overall,0.3171725121343023,70,0.4763935399547683,0.05591942132945575,0.0030195053268233796
EUW,overall,0.3201920174611258,66,0.4730909487135062,0.05591942132945575,0.0030195053268233796
EUW,overall,0.3232115227879492,43,0.46978195491290065,0.05591942132945575,0.0030195053268233796
EUW,overall,0.32623102811477267,71,0.4664675057807666,0.05591942132945575,0.0030195053268233796
EUW,overall,0.32925053344159616,64,0.463149770185967,0.05591942132945575,0.0030195053268233796
EUW,overall,0.33227003876841965,61,0.459829420592717,0.05591942132945575,0.0030195053268233796
EUW,overall,0.33528954409524314,51,0.4565072205887301,0.05591942132945575,0.0030195053268233796
EUW,overall,0.33830904942206663,57,0.45318442831105654,0.05591942132945575,0.0030195053268233796
EUW,overall,0.3413285547488901,69,0.4498644216004375,0.05591942132945575,0.0030195053268233796
EUW,overall,0.3443480600757135,58,0.446546687898984,0.05591942132945575,0.0030195053268233796
EUW,overall,0.347367565402537,55,0.44323340809902967,0.05591942132945575,0.0030195053268233796
EUW,overall,0.3503870707293605,45,0.43992592079749904,0.05591942132945575,0.0030195053268233796
EUW,overall,0.353406576056184,55,0.43662743287406885,0.05591942132945575,0.0030195053268233796
EUW,overall,0.35642608138300746,68,0.43333928305880715,0.05591942132945575,0.0030195053268233796
EUW,overall,0.35944558670983096,56,0.4300625976901782,0.05591942132945575,0.0030195053268233796
EUW,overall,0.36246509203665445,52,0.42680034806875033,0.05591942132945575,0.0030195053268233796
EUW,overall,0.3654845973634778,46,0.4235539721123772,0.05591942132945575,0.0030195053268233796
EUW,overall,0.3685041026903013,47,0.4203238249876048,0.05591942132945575,0.0030195053268233796
EUW,overall,0.3715236080171248,63,0.4171144744185853,0.05591942132945575,0.0030195053268233796
EUW,overall,0.3745431133439483,42,0.41392467319677634,0.05591942132945575,0.0030195053268233796
EUW,overall,0.3775626186707718,55,0.41075751102951086,0.05591942132945575,0.0030195053268233796
EUW,overall,0.3805821239975953,50,0.40761407959618523,0.05591942132945575,0.0030195053268233796
EUW,overall,0.38360162932441877,51,0.4044954762857112,0.05591942132945575,0.0030195053268233796
EUW,overall,0.38662113465124215,41,0.4014035249656202,0.05591942132945575,0.0030195053268233796
EUW,overall,0.38964063997806564,48,0.39833947808760944,0.05591942132945575,0.0030195053268233796
EUW,overall,0.39266014530488913,59,0.3953032269058183,0.05591942132945575,0.0030195053268233796
EUW,overall,0.3956796506317126,50,0.3922963139995925,0.05591942132945575,0.0030195053268233796
EUW,overall,0.3986991559585361,46,0.3893182285682846,0.05591942132945575,0.0030195053268233796
EUW,overall,0.4017186612853596,46,0.38637130814761966,0.05591942132945575,0.0030195053268233796
EUW,overall,0.4047381666121831,43,0.38345465466381173,0.05591942132945575,0.0030195053268233796
EUW,overall,0.40775767193900647,37,0.38056826639241337,0.05591942132945575,0.0030195053268233796
EUW,overall,0.41077717726582996,46,0.3777136168171737,0.05591942132945575,0.0030195053268233796
EUW,overall,0.41379668259265345,58,0.37488783830334055,0.05591942132945575,0.0030195053268233796
EUW,overall,0.41681618791947694,41,0.37209338426196825,0.05591942132945575,0.0030195053268233796
EUW,overall,0.41983569324630043,42,0.3693291077033875,0.05591942132945575,0.0030195053268233796
EUW,overall,0.4228551985731239,40,0.3665942252964411,0.05591942132945575,0.0030195053268233796
EUW,overall,0.4258747038999474,51,0.3638880121572175,0.05591942132945575,0.0030195053268233796
EUW,overall,0.4288942092267708,46,0.3612120264438546,0.05591942132945575,0.0030195053268233796
EUW,overall,0.4319137145535943,59,0.3585631650693954,0.05591942132945575,0.0030195053268233796
EUW,overall,0.4349332198804178,45,0.35594140312168077,0.05591942132945575,0.0030195053268233796
EUW,overall,0.43795272520724127,37,0.35334618155378583,0.05591942132945575,0.0030195053268233796
EUW,overall,0.44097223053406476,53,0.3507765892738986,0.05591942132945575,0.0030195053268233796
EUW,overall,0.44399173586088825,49,0.3482339469264261,0.05591942132945575,0.0030195053268233796
EUW,overall,0.44701124118771174,50,0.3457149900010155,0.05591942132945575,0.0030195053268233796
EUW,overall,0.45003074651453523,46,0.3432191923784635,0.05591942132945575,0.0030195053268233796
EUW,overall,0.4530502518413587,40,0.34074534960924746,0.05591942132945575,0.0030195053268233796
EUW,overall,0.4560697571681821,31,0.3382936253895592,0.05591942132945575,0.0030195053268233796
EUW,overall,0.4590892624950056,52,0.33586193021021216,0.05591942132945575,0.0030195053268233796
EUW,overall,0.4621087678218291,44,0.3334506618521847,0.05591942132945575,0.0030195053268233796
EUW,overall,0.46512827314865257,31,0.33105844081349706,0.05591942132945575,0.0030195053268233796
EUW,overall,0.46814777847547606,36,0.3286839704987522,0.05591942132945575,0.0030195053268233796
EUW,overall,0.47116728380229955,39,0.3263269740928087,0.05591942132945575,0.0030195053268233796
EUW,overall,0.47418678912912304,43,0.32398649065152124,0.05591942132945575,0.0030195053268233796
EUW,overall,0.4772062944559464,42,0.32166169644515863,0.05591942132945575,0.0030195053268233796
EUW,overall,0.4802257997827699,44,0.31935190879078507,0.05591942132945575,0.0030195053268233796
EUW,overall,0.4832453051095934,34,0.31705643892969804,0.05591942132945575,0.0030195053268233796
EUW,overall,0.4862648104364169,26,0.3147750935011086,0.05591942132945575,0.0030195053268233796
EUW,overall,0.4892843157632404,40,0.312506791716111,0.05591942132945575,0.0030195053268233796
EUW,overall,0.4923038210900639,36,0.3102499026371978,0.05591942132945575,0.0030195053268233796
EUW,overall,0.49532332641688737,36,0.30800619048964667,0.05591942132945575,0.0030195053268233796
EUW,overall,0.49834283174371075,45,0.30577344113281446,0.05591942132945575,0.0030195053268233796
EUW,overall,0.5013623370705342,39,0.3035518842026586,0.05591942132945575,0.0030195053268233796
EUW,overall,0.5043818423973577,33,0.3013402866985302,0.05591942132945575,0.0030195053268233796
EUW,overall,0.5074013477241812,58,0.2991395889308005,0.05591942132945575,0.0030195053268233796
EUW,overall,0.5104208530510047,40,0.2969490860064371,0.05591942132945575,0.0030195053268233796
EUW,overall,0.5134403583778282,39,0.2947694310826594,0.05591942132945575,0.0030195053268233796
EUW,overall,0.5164598637046517,37,0.2925993014641634,0.05591942132945575,0.0030195053268233796
EUW,overall,0.5194793690314751,36,0.29043944849790926,0.05591942132945575,0.0030195053268233796
EUW,overall,0.5224988743582986,33,0.28828956708006925,0.05591942132945575,0.0030195053268233796
EUW,overall,0.525518379685122,32,0.28614921591492326,0.05591942132945575,0.0030195053268233796
EUW,overall,0.5285378850119455,42,0.2840205023445443,0.05591942132945575,0.0030195053268233796
EUW,overall,0.531557390338769,41,0.2819023927057921,0.05591942132945575,0.0030195053268233796
EUW,overall,0.5345768956655925,37,0.2797949938568358,0.05591942132945575,0.0030195053268233796
EUW,overall,0.537596400992416,26,0.2776992350714722,0.05591942132945575,0.0030195053268233796
EUW,overall,0.5406159063192394,43,0.2756167047011633,0.05591942132945575,0.0030195053268233796
EUW,overall,0.5436354116460629,26,0.27354632814848895,0.05591942132945575,0.0030195053268233796
EUW,overall,0.5466549169728864,32,0.27148952741097876,0.05591942132945575,0.0030195053268233796
EUW,overall,0.5496744222997099,39,0.26944838983035324,0.05591942132945575,0.0030195053268233796
EUW,overall,0.5526939276265335,36,0.26742069090165294,0.05591942132945575,0.0030195053268233796
EUW,overall,0.5557134329533568,29,0.2654092378596661,0.05591942132945575,0.0030195053268233796
EUW,overall,0.5587329382801802,37,0.2634146230653482,0.05591942132945575,0.0030195053268233796
EUW,overall,0.5617524436070038,25,0.26143733031436733,0.05591942132945575,0.0030195053268233796
EUW,overall,0.5647719489338272,40,0.25947783707303257,0.05591942132945575,0.0030195053268233796
EUW,overall,0.5677914542606506,29,0.2575366704743998,0.05591942132945575,0.0030195053268233796
EUW,overall,0.5708109595874742,35,0.25561502559758276,0.05591942132945575,0.0030195053268233796
EUW,overall,0.5738304649142978,23,0.2537137198962635,0.05591942132945575,0.0030195053268233796
EUW,overall,0.5768499702411212,27,0.25183268123257485,0.05591942132945575,0.0030195053268233796
EUW,overall,0.5798694755679445,30,0.2499717949370607,0.05591942132945575,0.0030195053268233796
EUW,overall,0.5828889808947681,29,0.24813162179347234,0.05591942132945575,0.0030195053268233796
EUW,overall,0.5859084862215915,26,0.24631353613486748,0.05591942132945575,0.0030195053268233796
EUW,overall,0.5889279915484149,40,0.24451756031186178,0.05591942132945575,0.0030195053268233796
EUW,overall,0.5919474968752385,31,0.24274322302056475,0.05591942132945575,0.0030195053268233796
EUW,overall,0.5949670022020621,42,0.24099082088612397,0.05591942132945575,0.0030195053268233796
EUW,overall,0.5979865075288855,32,0.23925931236717018,0.05591942132945575,0.0030195053268233796
EUW,overall,0.6010060128557089,29,0.23754987635891428,0.05591942132945575,0.0030195053268233796
EUW,overall,0.6040255181825325,25,0.23586077641779596,0.05591942132945575,0.0030195053268233796
EUW,overall,0.6070450235093559,20,0.23419275740646575,0.05591942132945575,0.0030195053268233796
EUW,overall,0.6100645288361792,32,0.23254473724736988,0.05591942132945575,0.0030195053268233796
EUW,overall,0.6130840341630028,23,0.23091645865846586,0.05591942132945575,0.0030195053268233796
EUW,overall,0.6161035394898264,25,0.22930670559058164,0.05591942132945575,0.0030195053268233796
EUW,overall,0.6191230448166498,31,0.22771429504357893,0.05591942132945575,0.0030195053268233796
EUW,overall,0.6221425501434732,29,0.22614007995519292,0.05591942132945575,0.0030195053268233796
EUW,overall,0.6251620554702968,36,0.2245821286959433,0.05591942132945575,0.0030195053268233796
EUW,overall,0.6281815607971202,31,0.22303995954520772,0.05591942132945575,0.0030195053268233796
EUW,overall,0.6312010661239436,21,0.2215122459145273,0.05591942132945575,0.0030195053268233796
EUW,overall,0.6342205714507672,26,0.219997997908386,0.05591942132945575,0.0030195053268233796
EUW,overall,0.6372400767775908,24,0.21849571902374504,0.05591942132945575,0.0030195053268233796
EUW,overall,0.6402595821044141,28,0.2170044389389035,0.05591942132945575,0.0030195053268233796
EUW,overall,0.6432790874312375,31,0.21552441894697213,0.05591942132945575,0.0030195053268233796
EUW,overall,0.6462985927580611,31,0.21405369629045773,0.05591942132945575,0.0030195053268233796
EUW,overall,0.6493180980848845,23,0.2125907113499776,0.05591942132945575,0.0030195053268233796
EUW,overall,0.6523376034117079,23,0.2111346058302041,0.05591942132945575,0.0030195053268233796
EUW,overall,0.6553571087385315,23,0.20968447384809696,0.05591942132945575,0.0030195053268233796
EUW,overall,0.6583766140653551,31,0.2082389561340418,0.05591942132945575,0.0030195053268233796
EUW,overall,0.6613961193921785,31,0.20679797499264155,0.05591942132945575,0.0030195053268233796
EUW,overall,0.6644156247190018,25,0.20536084167843754,0.05591942132945575,0.0030195053268233796
EUW,overall,0.6674351300458254,30,0.2039248722637661,0.05591942132945575,0.0030195053268233796
EUW,overall,0.670454635372649,29,0.20249026950394172,0.05591942132945575,0.0030195053268233796
EUW,overall,0.6734741406994724,24,0.20105601546198978,0.05591942132945575,0.0030195053268233796
EUW,overall,0.6764936460262958,24,0.19962180488941927,0.05591942132945575,0.0030195053268233796
EUW,overall,0.6795131513531194,28,0.19818748877806525,0.05591942132945575,0.0030195053268233796
EUW,overall,0.6825326566799428,27,0.19675134000805533,0.05591942132945575,0.0030195053268233796
EUW,overall,0.6855521620067662,22,0.19531240720236234,0.05591942132945575,0.0030195053268233796
EUW,overall,0.6885716673335898,26,0.19387091027524025,0.05591942132945575,0.0030195053268233796
EUW,overall,0.6915911726604134,18,0.19242718927868202,0.05591942132945575,0.0030195053268233796
EUW,overall,0.6946106779872367,25,0.19098018600292324,0.05591942132945575,0.0030195053268233796
EUW,overall,0.6976301833140601,22,0.18952940402605217,0.05591942132945575,0.0030195053268233796
EUW,overall,0.7006496886408837,27,0.1880746816726574,0.05591942132945575,0.0030195053268233796
EUW,overall,0.7036691939677071,16,0.18661680710285883,0.05591942132945575,0.0030195053268233796
EUW,overall,0.7066886992945305,24,0.18515474775980587,0.05591942132945575,0.0030195053268233796
EUW,overall,0.7097082046213541,30,0.18369015907762987,0.05591942132945575,0.0030195053268233796
EUW,overall,0.7127277099481777,19,0.182222513409924,0.05591942132945575,0.0030195053268233796
EUW,overall,0.7157472152750011,19,0.1807516185506692,0.05591942132945575,0.0030195053268233796
EUW,overall,0.7187667206018244,24,0.17927843184906583,0.05591942132945575,0.0030195053268233796
EUW,overall,0.721786225928648,24,0.1778041179096111,0.05591942132945575,0.0030195053268233796
EUW,overall,0.7248057312554714,19,0.17632815203852054,0.05591942132945575,0.0030195053268233796
EUW,overall,0.7278252365822948,20,0.1748520448273955,0.05591942132945575,0.0030195053268233796
EUW,overall,0.7308447419091184,26,0.17337746124469758,0.05591942132945575,0.0030195053268233796
EUW,overall,0.733864247235942,27,0.17190307325369125,0.05591942132945575,0.0030195053268233796
EUW,overall,0.7368837525627654,29,0.17043240652832523,0.05591942132945575,0.0030195053268233796
EUW,overall,0.7399032578895888,26,0.1689655867708911,0.05591942132945575,0.0030195053268233796
EUW,overall,0.7429227632164124,17,0.16750389365610782,0.05591942132945575,0.0030195053268233796
EUW,overall,0.7459422685432358,23,0.16604839685873862,0.05591942132945575,0.0030195053268233796
EUW,overall,0.7489617738700591,17,0.16460073733361866,0.05591942132945575,0.0030195053268233796
EUW,overall,0.7519812791968827,24,0.16316203713952782,0.05591942132945575,0.0030195053268233796
EUW,overall,0.7550007845237063,29,0.16173324662635635,0.05591942132945575,0.0030195053268233796
EUW,overall,0.7580202898505297,21,0.160315951270147,0.05591942132945575,0.0030195053268233796
EUW,overall,0.7610397951773531,17,0.15891166035209767,0.05591942132945575,0.0030195053268233796
EUW,overall,0.7640593005041767,22,0.157522262240282,0.05591942132945575,0.0030195053268233796
EUW,overall,0.7670788058310001,18,0.15614740559394882,0.05591942132945575,0.0030195053268233796
EUW,overall,0.7700983111578235,12,0.15479020408990002,0.05591942132945575,0.0030195053268233796
EUW,overall,0.7731178164846471,17,0.1534503240856229,0.05591942132945575,0.0030195053268233796
EUW,overall,0.7761373218114707,15,0.15212867804840138,0.05591942132945575,0.0030195053268233796
EUW,overall,0.779156827138294,16,0.15082713090035854,0.05591942132945575,0.0030195053268233796
EUW,overall,0.7821763324651174,19,0.14954564031960238,0.05591942132945575,0.0030195053268233796
EUW,overall,0.785195837791941,12,0.1482848544474164,0.05591942132945575,0.0030195053268233796
EUW,overall,0.7882153431187644,17,0.14704614975164737,0.05591942132945575,0.0030195053268233796
EUW,overall,0.7912348484455878,22,0.14582856029103725,0.05591942132945575,0.0030195053268233796
EUW,overall,0.7942543537724114,15,0.1446338959324975,0.05591942132945575,0.0030195053268233796
EUW,overall,0.797273859099235,22,0.143460724384792,0.05591942132945575,0.0030195053268233796
EUW,overall,0.8002933644260584,12,0.1423103448422482,0.05591942132945575,0.0030195053268233796
EUW,overall,0.8033128697528817,12,0.14118156325835862,0.05591942132945575,0.0030195053268233796
EUW,overall,0.8063323750797053,16,0.1400739188046362,0.05591942132945575,0.0030195053268233796
EUW,overall,0.8093518804065287,16,0.1389870040469667,0.05591942132945575,0.0030195053268233796
EUW,overall,0.8123713857333521,22,0.13792011874904844,0.05591942132945575,0.0030195053268233796
EUW,overall,0.8153908910601757,16,0.13687214674830564,0.05591942132945575,0.0030195053268233796
EUW,overall,0.8184103963869993,23,0.13584290629516727,0.05591942132945575,0.0030195053268233796
EUW,overall,0.8214299017138227,24,0.13483039685589193,0.05591942132945575,0.0030195053268233796
EUW,overall,0.8244494070406461,16,0.13383443029139383,0.05591942132945575,0.0030195053268233796
EUW,overall,0.8274689123674697,16,0.13285319374084814,0.05591942132945575,0.0030195053268233796
EUW,overall,0.830488417694293,19,0.13188598933296572,0.05591942132945575,0.0030195053268233796
EUW,overall,0.8335079230211164,17,0.13093064288039868,0.05591942132945575,0.0030195053268233796
EUW,overall,0.83652742834794,12,0.1299855842862176,0.05591942132945575,0.0030195053268233796
EUW,overall,0.8395469336747636,14,0.12905062315007282,0.05591942132945575,0.0030195053268233796
EUW,overall,0.842566439001587,10,0.12812336228900667,0.05591942132945575,0.0030195053268233796
EUW,overall,0.8455859443284104,18,0.12720240743186073,0.05591942132945575,0.0030195053268233796
EUW,overall,0.848605449655234,12,0.12628679103863905,0.05591942132945575,0.0030195053268233796
EUW,overall,0.8516249549820574,19,0.12537481803976658,0.05591942132945575,0.0030195053268233796
EUW,overall,0.8546444603088807,16,0.12446587510949017,0.05591942132945575,0.0030195053268233796
EUW,overall,0.8576639656357044,12,0.12355909014032436,0.05591942132945575,0.0030195053268233796
EUW,overall,0.860683470962528,14,0.12265238880821966,0.05591942132945575,0.0030195053268233796
EUW,overall,0.8637029762893513,18,0.1217453304740258,0.05591942132945575,0.0030195053268233796
EUW,overall,0.8667224816161747,19,0.1208367589432006,0.05591942132945575,0.0030195053268233796
EUW,overall,0.8697419869429983,22,0.11992607425096168,0.05591942132945575,0.0030195053268233796
EUW,overall,0.8727614922698217,13,0.1190125381282512,0.05591942132945575,0.0030195053268233796
EUW,overall,0.8757809975966451,20,0.11809619214079713,0.05591942132945575,0.0030195053268233796
EUW,overall,0.8788005029234687,13,0.11717596607213245,0.05591942132945575,0.0030195053268233796
EUW,overall,0.8818200082502923,17,0.1162515541233823,0.05591942132945575,0.0030195053268233796
EUW,overall,0.8848395135771157,12,0.11532279532113135,0.05591942132945575,0.0030195053268233796
EUW,overall,0.887859018903939,20,0.11438985862353027,0.05591942132945575,0.0030195053268233796
EUW,overall,0.8908785242307626,16,0.11345325091141245,0.05591942132945575,0.0030195053268233796
EUW,overall,0.893898029557586,12,0.1125122019209991,0.05591942132945575,0.0030195053268233796
EUW,overall,0.8969175348844094,10,0.11156790311364112,0.05591942132945575,0.0030195053268233796
EUW,overall,0.899937040211233,12,0.1106204057888149,0.05591942132945575,0.0030195053268233796
EUW,overall,0.9029565455380566,22,0.10967020107840948,0.05591942132945575,0.0030195053268233796
EUW,overall,0.90597605086488,9,0.10871774447029067,0.05591942132945575,0.0030195053268233796
EUW,overall,0.9089955561917034,17,0.10776345728274049,0.05591942132945575,0.0030195053268233796
EUW,overall,0.912015061518527,8,0.10680864922219796,0.05591942132945575,0.0030195053268233796
EUW,overall,0.9150345668453503,11,0.10585356932728103,0.05591942132945575,0.0030195053268233796
EUW,overall,0.9180540721721737,17,0.10489945723611492,0.05591942132945575,0.0030195053268233796
EUW,overall,0.9210735774989973,14,0.1039459971134432,0.05591942132945575,0.0030195053268233796
EUW,overall,0.9240930828258209,11,0.10299511359605615,0.05591942132945575,0.0030195053268233796
EUW,overall,0.9271125881526443,18,0.10204682897769156,0.05591942132945575,0.0030195053268233796
EUW,overall,0.9301320934794677,7,0.10110348300622377,0.05591942132945575,0.0030195053268233796
EUW,overall,0.9331515988062913,14,0.10016422389053234,0.05591942132945575,0.0030195053268233796
EUW,overall,0.9361711041331147,9,0.09923035066590354,0.05591942132945575,0.0030195053268233796
EUW,overall,0.939190609459938,14,0.09830347079915049,0.05591942132945575,0.0030195053268233796
EUW,overall,0.9422101147867616,9,0.09738397056955964,0.05591942132945575,0.0030195053268233796
EUW,overall,0.9452296201135852,19,0.09647208157422092,0.05591942132945575,0.0030195053268233796
EUW,overall,0.9482491254404086,13,0.09556872705286738,0.05591942132945575,0.0030195053268233796
EUW,overall,0.951268630767232,7,0.09467483019451846,0.05591942132945575,0.0030195053268233796
EUW,overall,0.9542881360940556,17,0.09379088980281632,0.05591942132945575,0.0030195053268233796
EUW,overall,0.9573076414208792,11,0.09291716851148168,0.05591942132945575,0.0030195053268233796
EUW,overall,0.9603271467477026,10,0.09205430672518818,0.05591942132945575,0.0030195053268233796
EUW,overall,0.963346652074526,9,0.09120326694024876,0.05591942132945575,0.0030195053268233796
EUW,overall,0.9663661574013496,9,0.09036404299948189,0.05591942132945575,0.0030195053268233796
EUW,overall,0.969385662728173,7,0.08953762941210448,0.05591942132945575,0.0030195053268233796
EUW,overall,0.9724051680549963,10,0.08872351186236471,0.05591942132945575,0.0030195053268233796
EUW,overall,0.9754246733818199,11,0.08792246881912265,0.05591942132945575,0.0030195053268233796
EUW,overall,0.9784441787086435,14,0.08713385371317312,0.05591942132945575,0.0030195053268233796
EUW,overall,0.9814636840354669,10,0.08635833277802087,0.05591942132945575,0.0030195053268233796
EUW,overall,0.9844831893622903,8,0.08559639110503642,0.05591942132945575,0.0030195053268233796
EUW,overall,0.9875026946891139,12,0.0848481763534184,0.05591942132945575,0.0030195053268233796
EUW,overall,0.9905222000159373,12,0.08411294415260677,0.05591942132945575,0.0030195053268233796
EUW,overall,0.9935417053427607,15,0.08339105169988133,0.05591942132945575,0.0030195053268233796
EUW,overall,0.9965612106695843,14,0.0826823169352431,0.05591942132945575,0.0030195053268233796
EUW,overall,0.9995807159964079,11,0.08198644246192507,0.05591942132945575,0.0030195053268233796
EUW,overall,1.0026002213232312,16,0.08130338341627245,0.05591942132945575,0.0030195053268233796
EUW,overall,1.0056197266500546,3,0.08063308948568945,0.05591942132945575,0.0030195053268233796
EUW,overall,1.0086392319768782,6,0.07997499007681642,0.05591942132945575,0.0030195053268233796
EUW,overall,1.0116587373037016,6,0.0793291127488197,0.05591942132945575,0.0030195053268233796
EUW,overall,1.014678242630525,7,0.07869486478623279,0.05591942132945575,0.0030195053268233796
EUW,overall,1.0176977479573486,12,0.07807152266266028,0.05591942132945575,0.0030195053268233796
EUW,overall,1.0207172532841722,6,0.07745953512706734,0.05591942132945575,0.0030195053268233796
EUW,overall,1.0237367586109956,10,0.07685752770498468,0.05591942132945575,0.0030195053268233796
EUW,overall,1.026756263937819,12,0.07626609881982986,0.05591942132945575,0.0030195053268233796
EUW,overall,1.0297757692646425,11,0.07568397721354579,0.05591942132945575,0.0030195053268233796
EUW,overall,1.032795274591466,9,0.07511084487518845,0.05591942132945575,0.0030195053268233796
EUW,overall,1.0358147799182893,6,0.07454639683144329,0.05591942132945575,0.0030195053268233796
EUW,overall,1.038834285245113,13,0.07398933313864034,0.05591942132945575,0.0030195053268233796
EUW,overall,1.0418537905719365,11,0.0734402213355631,0.05591942132945575,0.0030195053268233796
EUW,overall,1.0448732958987599,11,0.07289770154971807,0.05591942132945575,0.0030195053268233796
EUW,overall,1.0478928012255833,9,0.07236156945160396,0.05591942132945575,0.0030195053268233796
EUW,overall,1.0509123065524069,5,0.07183134725064452,0.05591942132945575,0.0030195053268233796
EUW,overall,1.0539318118792302,12,0.0713064166087412,0.05591942132945575,0.0030195053268233796
EUW,overall,1.0569513172060536,3,0.07078577488596136,0.05591942132945575,0.0030195053268233796
EUW,overall,1.0599708225328772,7,0.07026916138154155,0.05591942132945575,0.0030195053268233796
EUW,overall,1.0629903278597008,12,0.0697564230598926,0.05591942132945575,0.0030195053268233796
EUW,overall,1.0660098331865242,9,0.06924636154638486,0.05591942132945575,0.0030195053268233796
EUW,overall,1.0690293385133476,9,0.0687391590875813,0.05591942132945575,0.0030195053268233796
EUW,overall,1.0720488438401712,8,0.06823346027535038,0.05591942132945575,0.0030195053268233796
EUW,overall,1.0750683491669946,8,0.06772971954905457,0.05591942132945575,0.0030195053268233796
EUW,overall,1.078087854493818,8,0.06722671117735061,0.05591942132945575,0.0030195053268233796
EUW,overall,1.0811073598206415,10,0.06672516636828783,0.05591942132945575,0.0030195053268233796
EUW,overall,1.0841268651474651,8,0.06622401713635204,0.05591942132945575,0.0030195053268233796
EUW,overall,1.0871463704742885,9,0.06572294380286434,0.05591942132945575,0.0030195053268233796
EUW,overall,1.090165875801112,10,0.06522175664297632,0.05591942132945575,0.0030195053268233796
EUW,overall,1.0931853811279355,12,0.06472035539246596,0.05591942132945575,0.0030195053268233796
EUW,overall,1.0962048864547589,9,0.06421862946816802,0.05591942132945575,0.0030195053268233796
EUW,overall,1.0992243917815823,10,0.06371704186761173,0.05591942132945575,0.0030195053268233796
EUW,overall,1.1022438971084059,7,0.06321473453916818,0.05591942132945575,0.0030195053268233796
EUW,overall,1.1052634024352295,4,0.06271229230614726,0.05591942132945575,0.0030195053268233796
EUW,overall,1.1082829077620528,8,0.06220940817182183,0.05591942132945575,0.0030195053268233796
EUW,overall,1.1113024130888762,7,0.06170674611520574,0.05591942132945575,0.0030195053268233796
EUW,overall,1.1143219184156998,9,0.06120380192832534,0.05591942132945575,0.0030195053268233796
EUW,overall,1.1173414237425232,4,0.060701288285086405,0.05591942132945575,0.0030195053268233796
EUW,overall,1.1203609290693466,10,0.0601995859128396,0.05591942132945575,0.0030195053268233796
EUW,overall,1.1233804343961702,6,0.05969900962208658,0.05591942132945575,0.0030195053268233796
EUW,overall,1.1263999397229938,8,0.05919952594579383,0.05591942132945575,0.0030195053268233796
EUW,overall,1.1294194450498172,11,0.05870134619982368,0.05591942132945575,0.0030195053268233796
EUW,overall,1.1324389503766406,5,0.058205800822506586,0.05591942132945575,0.0030195053268233796
EUW,overall,1.1354584557034642,8,0.0577124212113793,0.05591942132945575,0.0030195053268233796
EUW,overall,1.1384779610302875,10,0.05722221658784378,0.05591942132945575,0.0030195053268233796
EUW,overall,1.141497466357111,9,0.05673570559552846,0.05591942132945575,0.0030195053268233796
EUW,overall,1.1445169716839345,2,0.05625267770286956,0.05591942132945575,0.0030195053268233796
EUW,overall,1.1475364770107581,6,0.0557742288608144,0.05591942132945575,0.0030195053268233796
EUW,overall,1.1505559823375815,2,0.055301025789918315,0.05591942132945575,0.0030195053268233796
EUW,overall,1.1535754876644049,11,0.05483273714479246,0.05591942132945575,0.0030195053268233796
EUW,overall,1.1565949929912285,6,0.05437103845749415,0.05591942132945575,0.0030195053268233796
EUW,overall,1.1596144983180519,7,0.05391504607375181,0.05591942132945575,0.0030195053268233796
EUW,overall,1.1626340036448752,7,0.053465923852629146,0.05591942132945575,0.0030195053268233796
EUW,overall,1.1656535089716988,11,0.05302350689340571,0.05591942132945575,0.0030195053268233796
EUW,overall,1.1686730142985224,9,0.052588678224886824,0.05591942132945575,0.0030195053268233796
EUW,overall,1.1716925196253458,6,0.052160901563728185,0.05591942132945575,0.0030195053268233796
EUW,overall,1.1747120249521692,4,0.051741574149658735,0.05591942132945575,0.0030195053268233796
EUW,overall,1.1777315302789928,6,0.05133051060822255,0.05591942132945575,0.0030195053268233796
EUW,overall,1.1807510356058162,6,0.050927070674118606,0.05591942132945575,0.0030195053268233796
EUW,overall,1.1837705409326396,3,0.050532216342692886,0.05591942132945575,0.0030195053268233796
EUW,overall,1.1867900462594632,10,0.05014565903239905,0.05591942132945575,0.0030195053268233796
EUW,overall,1.1898095515862868,4,0.049767111607347404,0.05591942132945575,0.0030195053268233796
EUW,overall,1.1928290569131101,6,0.04939653488084249,0.05591942132945575,0.0030195053268233796
EUW,overall,1.1958485622399335,7,0.04903389852812743,0.05591942132945575,0.0030195053268233796
EUW,overall,1.1988680675667571,6,0.048678783364836574,0.05591942132945575,0.0030195053268233796
EUW,overall,1.2018875728935805,2,0.04833093488282237,0.05591942132945575,0.0030195053268233796
EUW,overall,1.2049070782204039,5,0.04798970090932802,0.05591942132945575,0.0030195053268233796
EUW,overall,1.2079265835472275,3,0.047655231412127914,0.05591942132945575,0.0030195053268233796
EUW,overall,1.210946088874051,8,0.04732713626712698,0.05591942132945575,0.0030195053268233796
EUW,overall,1.2139655942008745,7,0.047004237751880985,0.05591942132945575,0.0030195053268233796
EUW,overall,1.2169850995276978,5,0.04668668397247058,0.05591942132945575,0.0030195053268233796
EUW,overall,1.2200046048545214,1,0.04637381082462129,0.05591942132945575,0.0030195053268233796
EUW,overall,1.223024110181345,5,0.046065120283827636,0.05591942132945575,0.0030195053268233796
EUW,overall,1.2260436155081684,4,0.04576045136341972,0.05591942132945575,0.0030195053268233796
EUW,overall,1.2290631208349918,9,0.04545853809555794,0.05591942132945575,0.0030195053268233796
EUW,overall,1.2320826261618154,9,0.045159914339082306,0.05591942132945575,0.0030195053268233796
EUW,overall,1.2351021314886388,6,0.04486346626398766,0.05591942132945575,0.0030195053268233796
EUW,overall,1.2381216368154622,10,0.044568640640773365,0.05591942132945575,0.0030195053268233796
EUW,overall,1.2411411421422858,6,0.044275319620157565,0.05591942132945575,0.0030195053268233796
EUW,overall,1.2441606474691094,7,0.043982675271500536,0.05591942132945575,0.0030195053268233796
EUW,overall,1.2471801527959328,4,0.04369110726008685,0.05591942132945575,0.0030195053268233796
EUW,overall,1.2501996581227561,5,0.043399835698507555,0.05591942132945575,0.0030195053268233796
EUW,overall,1.2532191634495797,2,0.043108796676498806,0.05591942132945575,0.0030195053268233796
EUW,overall,1.2562386687764031,6,0.04281811652764321,0.05591942132945575,0.0030195053268233796
EUW,overall,1.2592581741032265,9,0.04252764759933297,0.05591942132945575,0.0030195053268233796
EUW,overall,1.26227767943005,3,0.0422372090261589,0.05591942132945575,0.0030195053268233796
EUW,overall,1.2652971847568737,7,0.04194657537202769,0.05591942132945575,0.0030195053268233796
EUW,overall,1.268316690083697,8,0.041656207056560646,0.05591942132945575,0.0030195053268233796
EUW,overall,1.2713361954105205,9,0.041366323349021204,0.05591942132945575,0.0030195053268233796
EUW,overall,1.274355700737344,4,0.04107675053859205,0.05591942132945575,0.0030195053268233796
EUW,overall,1.2773752060641674,7,0.04078786665081845,0.05591942132945575,0.0030195053268233796
EUW,overall,1.2803947113909908,4,0.040499368488912384,0.05591942132945575,0.0030195053268233796
EUW,overall,1.2834142167178144,2,0.040212405211835826,0.05591942132945575,0.0030195053268233796
EUW,overall,1.286433722044638,5,0.0399263004308621,0.05591942132945575,0.0030195053268233796
EUW,overall,1.2894532273714614,2,0.03964154556289196,0.05591942132945575,0.0030195053268233796
EUW,overall,1.2924727326982848,6,0.03935847033894977,0.05591942132945575,0.0030195053268233796
EUW,overall,1.2954922380251084,4,0.03907723983345532,0.05591942132945575,0.0030195053268233796
EUW,overall,1.2985117433519318,5,0.0387980759469092,0.05591942132945575,0.0030195053268233796
EUW,overall,1.3015312486787551,3,0.03852124111007973,0.05591942132945575,0.0030195053268233796
EUW,overall,1.3045507540055787,11,0.03824676993000611,0.05591942132945575,0.0030195053268233796
EUW,overall,1.3075702593324023,4,0.03797460009107986,0.05591942132945575,0.0030195053268233796
EUW,overall,1.3105897646592257,3,0.037704853001917074,0.05591942132945575,0.0030195053268233796
EUW,overall,1.313609269986049,4,0.03743732316938701,0.05591942132945575,0.0030195053268233796
EUW,overall,1.3166287753128727,3,0.0371719783207444,0.05591942132945575,0.0030195053268233796
EUW,overall,1.319648280639696,4,0.03690880917290858,0.05591942132945575,0.0030195053268233796
EUW,overall,1.3226677859665195,4,0.03664778959797082,0.05591942132945575,0.0030195053268233796
EUW,overall,1.325687291293343,4,0.036388466557243294,0.05591942132945575,0.0030195053268233796
EUW,overall,1.3287067966201667,1,0.036130870103469166,0.05591942132945575,0.0030195053268233796
EUW,overall,1.33172630194699,2,0.035874439644841064,0.05591942132945575,0.0030195053268233796
EUW,overall,1.3347458072738134,4,0.035618608971858416,0.05591942132945575,0.0030195053268233796
EUW,overall,1.337765312600637,5,0.03536315177327863,0.05591942132945575,0.0030195053268233796
EUW,overall,1.3407848179274604,3,0.03510764991384423,0.05591942132945575,0.0030195053268233796
EUW,overall,1.3438043232542838,4,0.03485179182086134,0.05591942132945575,0.0030195053268233796
EUW,overall,1.3468238285811074,7,0.034594641318888605,0.05591942132945575,0.0030195053268233796
EUW,overall,1.349843333907931,6,0.03433625111157552,0.05591942132945575,0.0030195053268233796
EUW,overall,1.3528628392347544,8,0.03407599801028995,0.05591942132945575,0.0030195053268233796
EUW,overall,1.3558823445615777,5,0.033812967131487535,0.05591942132945575,0.0030195053268233796
EUW,overall,1.3589018498884013,6,0.03354744045800196,0.05591942132945575,0.0030195053268233796
EUW,overall,1.3619213552152247,1,0.03327845974068915,0.05591942132945575,0.0030195053268233796
EUW,overall,1.364940860542048,9,0.03300587780670725,0.05591942132945575,0.0030195053268233796
EUW,overall,1.3679603658688717,5,0.03272935566735041,0.05591942132945575,0.0030195053268233796
EUW,overall,1.3709798711956953,4,0.03244902098563016,0.05591942132945575,0.0030195053268233796
EUW,overall,1.3739993765225187,7,0.032163609539734996,0.05591942132945575,0.0030195053268233796
EUW,overall,1.377018881849342,4,0.031873505298436126,0.05591942132945575,0.0030195053268233796
EUW,overall,1.3800383871761657,7,0.03157795733901941,0.05591942132945575,0.0030195053268233796
EUW,overall,1.383057892502989,3,0.03127767252465113,0.05591942132945575,0.0030195053268233796
EUW,overall,1.3860773978298124,2,0.030972356230022296,0.05591942132945575,0.0030195053268233796
EUW,overall,1.389096903156636,1,0.030661956014190386,0.05591942132945575,0.0030195053268233796
EUW,overall,1.3921164084834596,1,0.030346322187799483,0.05591942132945575,0.0030195053268233796
EUW,overall,1.395135913810283,0,0.03002597548008841,0.05591942132945575,0.0030195053268233796
EUW,overall,1.3981554191371064,5,0.02970139010435365,0.05591942132945575,0.0030195053268233796
EUW,overall,1.40117492446393,4,0.02937259618192171,0.05591942132945575,0.0030195053268233796
EUW,overall,1.4041944297907534,4,0.029039804573321996,0.05591942132945575,0.0030195053268233796
EUW,overall,1.4072139351175768,5,0.02870350194598233,0.05591942132945575,0.0030195053268233796
EUW,overall,1.4102334404444004,6,0.028364358284099455,0.05591942132945575,0.0030195053268233796
EUW,overall,1.413252945771224,3,0.028022647868653196,0.05591942132945575,0.0030195053268233796
EUW,overall,1.4162724510980473,3,0.0276793974549276,0.05591942132945575,0.0030195053268233796
EUW,overall,1.4192919564248707,4,0.027334740189651627,0.05591942132945575,0.0030195053268233796
EUW,overall,1.4223114617516943,6,0.02698957023566856,0.05591942132945575,0.0030195053268233796
EUW,overall,1.4253309670785177,6,0.026644479802845924,0.05591942132945575,0.0030195053268233796
EUW,overall,1.428350472405341,2,0.026300584818047656,0.05591942132945575,0.0030195053268233796
EUW,overall,1.4313699777321647,2,0.025958070235085833,0.05591942132945575,0.0030195053268233796
EUW,overall,1.4343894830589883,5,0.02561818051568144,0.05591942132945575,0.0030195053268233796
EUW,overall,1.4374089883858117,0,0.025281316063654097,0.05591942132945575,0.0030195053268233796
EUW,overall,1.440428493712635,3,0.02494854411139565,0.05591942132945575,0.0030195053268233796
EUW,overall,1.4434479990394586,5,0.024620501929091793,0.05591942132945575,0.0030195053268233796
EUW,overall,1.446467504366282,3,0.02429827715396523,0.05591942132945575,0.0030195053268233796
EUW,overall,1.4494870096931054,6,0.023982228377766878,0.05591942132945575,0.0030195053268233796
EUW,overall,1.452506515019929,2,0.023673090172572124,0.05591942132945575,0.0030195053268233796
EUW,overall,1.4555260203467526,1,0.02337139752856063,0.05591942132945575,0.0030195053268233796
EUW,overall,1.458545525673576,4,0.023078018331727946,0.05591942132945575,0.0030195053268233796
EUW,overall,1.4615650310003994,1,0.02279378681447992,0.05591942132945575,0.0030195053268233796
EUW,overall,1.464584536327223,4,0.022518786325334564,0.05591942132945575,0.0030195053268233796
EUW,overall,1.4676040416540463,1,0.02225396283165728,0.05591942132945575,0.0030195053268233796
EUW,overall,1.4706235469808697,1,0.021999698935178558,0.05591942132945575,0.0030195053268233796
EUW,overall,1.4736430523076933,1,0.02175620327565728,0.05591942132945575,0.0030195053268233796
EUW,overall,1.476662557634517,1,0.02152375582439463,0.05591942132945575,0.0030195053268233796
EUW,overall,1.4796820629613403,3,0.02130268035255146,0.05591942132945575,0.0030195053268233796
EUW,overall,1.4827015682881637,3,0.02109276580853043,0.05591942132945575,0.0030195053268233796
EUW,overall,1.4857210736149873,0,0.020894223982977685,0.05591942132945575,0.0030195053268233796
EUW,overall,1.4887405789418107,2,0.020707499622829584,0.05591942132945575,0.0030195053268233796
EUW,overall,1.491760084268634,2,0.020531987439431458,0.05591942132945575,0.0030195053268233796
EUW,overall,1.4947795895954576,6,0.02036777473106648,0.05591942132945575,0.0030195053268233796
EUW,overall,1.4977990949222812,2,0.020214655558021665,0.05591942132945575,0.0030195053268233796
EUW,overall,1.5008186002491046,1,0.020072634041513493,0.05591942132945575,0.0030195053268233796
EUW,overall,1.503838105575928,1,0.019940766245429356,0.05591942132945575,0.0030195053268233796
EUW,overall,1.5068576109027516,3,0.019819031767084275,0.05591942132945575,0.0030195053268233796
EUW,overall,1.5098771162295752,1,0.019706811210652313,0.05591942132945575,0.0030195053268233796
EUW,overall,1.5128966215563986,4,0.01960335998427687,0.05591942132945575,0.0030195053268233796
EUW,overall,1.515916126883222,1,0.019508455838130597,0.05591942132945575,0.0030195053268233796
EUW,overall,1.5189356322100456,1,0.01942100317351187,0.05591942132945575,0.0030195053268233796
EUW,overall,1.521955137536869,1,0.019340691694936796,0.05591942132945575,0.0030195053268233796
EUW,overall,1.5249746428636923,4,0.019266821569321354,0.05591942132945575,0.0030195053268233796
EUW,overall,1.527994148190516,5,0.019198670283125045,0.05591942132945575,0.0030195053268233796
EUW,overall,1.5310136535173395,5,0.019134825180182436,0.05591942132945575,0.0030195053268233796
EUW,overall,1.534033158844163,3,0.019075543161955682,0.05591942132945575,0.0030195053268233796
EUW,overall,1.5370526641709863,1,0.019019595784877934,0.05591942132945575,0.0030195053268233796
EUW,overall,1.54007216949781,0,0.018966101287515802,0.05591942132945575,0.0030195053268233796
EUW,overall,1.5430916748246333,2,0.018914329419568835,0.05591942132945575,0.0030195053268233796
EUW,overall,1.5461111801514567,2,0.01886339541132746,0.05591942132945575,0.0030195053268233796
EUW,overall,1.5491306854782803,2,0.01881264324922381,0.05591942132945575,0.0030195053268233796
EUW,overall,1.5521501908051039,4,0.018761503947339626,0.05591942132945575,0.0030195053268233796
EUW,overall,1.5551696961319272,2,0.018709322492585837,0.05591942132945575,0.0030195053268233796
EUW,overall,1.5581892014587506,3,0.01865492378534272,0.05591942132945575,0.0030195053268233796
EUW,overall,1.5612087067855742,2,0.01859791789003876,0.05591942132945575,0.0030195053268233796
EUW,overall,1.5642282121123976,4,0.018537600297120333,0.05591942132945575,0.0030195053268233796
EUW,overall,1.567247717439221,2,0.018473580219356484,0.05591942132945575,0.0030195053268233796
EUW,overall,1.5702672227660446,2,0.01840520987317197,0.05591942132945575,0.0030195053268233796
EUW,overall,1.5732867280928682,2,0.018331860767679432,0.05591942132945575,0.0030195053268233796
EUW,overall,1.5763062334196916,5,0.018253177182227406,0.05591942132945575,0.0030195053268233796
EUW,overall,1.579325738746515,0,0.018168744698318116,0.05591942132945575,0.0030195053268233796
EUW,overall,1.5823452440733385,1,0.018078347307706827,0.05591942132945575,0.0030195053268233796
EUW,overall,1.585364749400162,1,0.01798161473576373,0.05591942132945575,0.0030195053268233796
EUW,overall,1.5883842547269853,4,0.017878427796734705,0.05591942132945575,0.0030195053268233796
EUW,overall,1.591403760053809,4,0.017768203248132032,0.05591942132945575,0.0030195053268233796
EUW,overall,1.5944232653806325,7,0.017650959843069608,0.05591942132945575,0.0030195053268233796
EUW,overall,1.5974427707074559,2,0.017526700071612965,0.05591942132945575,0.0030195053268233796
EUW,overall,1.6004622760342793,1,0.01739513260683113,0.05591942132945575,0.0030195053268233796
EUW,overall,1.6034817813611029,1,0.017256627952367685,0.05591942132945575,0.0030195053268233796
EUW,overall,1.6065012866879262,2,0.017110828192600947,0.05591942132945575,0.0030195053268233796
EUW,overall,1.6095207920147496,4,0.016958243475955377,0.05591942132945575,0.0030195053268233796
EUW,overall,1.6125402973415732,3,0.016798793782620444,0.05591942132945575,0.0030195053268233796
EUW,overall,1.6155598026683968,1,0.01663272614156609,0.05591942132945575,0.0030195053268233796
EUW,overall,1.6185793079952202,0,0.01646024357876537,0.05591942132945575,0.0030195053268233796
EUW,overall,1.6215988133220436,3,0.016281699218285095,0.05591942132945575,0.0030195053268233796
EUW,overall,1.6246183186488672,2,0.016097328384675796,0.05591942132945575,0.0030195053268233796
EUW,overall,1.6276378239756906,2,0.01590754525404702,0.05591942132945575,0.0030195053268233796
EUW,overall,1.630657329302514,1,0.015712918939723146,0.05591942132945575,0.0030195053268233796
EUW,overall,1.6336768346293375,1,0.015513768826540753,0.05591942132945575,0.0030195053268233796
EUW,overall,1.6366963399561612,5,0.015310771236999657,0.05591942132945575,0.0030195053268233796
EUW,overall,1.6397158452829845,4,0.015104453581782347,0.05591942132945575,0.0030195053268233796
EUW,overall,1.642735350609808,2,0.01489536433081335,0.05591942132945575,0.0030195053268233796
EUW,overall,1.6457548559366315,3,0.01468400915147138,0.05591942132945575,0.0030195053268233796
EUW,overall,1.648774361263455,0,0.014470913441712608,0.05591942132945575,0.0030195053268233796
EUW,overall,1.6517938665902783,2,0.014256985552604132,0.05591942132945575,0.0030195053268233796
EUW,overall,1.6548133719171019,0,0.014042909449616477,0.05591942132945575,0.0030195053268233796
EUW,overall,1.6578328772439255,2,0.013829106201128571,0.05591942132945575,0.0030195053268233796
EUW,overall,1.6608523825707489,3,0.013616262715313328,0.05591942132945575,0.0030195053268233796
EUW,overall,1.6638718878975722,3,0.01340523694704145,0.05591942132945575,0.0030195053268233796
EUW,overall,1.6668913932243958,0,0.013196409849535637,0.05591942132945575,0.0030195053268233796
EUW,overall,1.6699108985512192,2,0.012990456521854233,0.05591942132945575,0.0030195053268233796
EUW,overall,1.6729304038780426,4,0.012788204874792312,0.05591942132945575,0.0030195053268233796
EUW,overall,1.6759499092048662,1,0.012589941140253993,0.05591942132945575,0.0030195053268233796
EUW,overall,1.6789694145316898,1,0.012396808113216912,0.05591942132945575,0.0030195053268233796
EUW,overall,1.6819889198585132,0,0.012208850933243112,0.05591942132945575,0.0030195053268233796
EUW,overall,1.6850084251853366,1,0.012026511089927758,0.05591942132945575,0.0030195053268233796
EUW,overall,1.6880279305121602,0,0.01185060790686453,0.05591942132945575,0.0030195053268233796
EUW,overall,1.6910474358389835,0,0.011681246647955246,0.05591942132945575,0.0030195053268233796
EUW,overall,1.694066941165807,4,0.011518986946599225,0.05591942132945575,0.0030195053268233796
EUW,overall,1.6970864464926305,1,0.011364000597002872,0.05591942132945575,0.0030195053268233796
EUW,overall,1.7001059518194541,2,0.011216468898066068,0.05591942132945575,0.0030195053268233796
EUW,overall,1.7031254571462775,1,0.011076729134331562,0.05591942132945575,0.0030195053268233796
EUW,overall,1.7061449624731009,0,0.010944710554287446,0.05591942132945575,0.0030195053268233796
EUW,overall,1.7091644677999245,0,0.010820576669532024,0.05591942132945575,0.0030195053268233796
EUW,overall,1.7121839731267479,0,0.010704335777448558,0.05591942132945575,0.0030195053268233796
EUW,overall,1.7152034784535712,0,0.0105957367790394,0.05591942132945575,0.0030195053268233796
EUW,overall,1.7182229837803948,1,0.010494750544806636,0.05591942132945575,0.0030195053268233796
EUW,overall,1.7212424891072184,2,0.010401100659880907,0.05591942132945575,0.0030195053268233796
EUW,overall,1.7242619944340418,3,0.010314787074126268,0.05591942132945575,0.0030195053268233796
EUW,overall,1.7272814997608652,1,0.010235299825464811,0.05591942132945575,0.0030195053268233796
EUW,overall,1.7303010050876888,1,0.010162321447262562,0.05591942132945575,0.0030195053268233796
EUW,overall,1.7333205104145122,0,0.010095304205834342,0.05591942132945575,0.0030195053268233796
EUW,overall,1.7363400157413356,0,0.010034120706028622,0.05591942132945575,0.0030195053268233796
EUW,overall,1.7393595210681592,1,0.009977828962910744,0.05591942132945575,0.0030195053268233796
EUW,overall,1.7423790263949828,0,0.009926320228665764,0.05591942132945575,0.0030195053268233796
EUW,overall,1.7453985317218061,0,0.009878890652139751,0.05591942132945575,0.0030195053268233796
EUW,overall,1.7484180370486295,3,0.009834995250169513,0.05591942132945575,0.0030195053268233796
EUW,overall,1.7514375423754531,3,0.009793883190672828,0.05591942132945575,0.0030195053268233796
EUW,overall,1.7544570477022765,0,0.009755223463004854,0.05591942132945575,0.0030195053268233796
EUW,overall,1.7574765530290999,2,0.009718413579871283,0.05591942132945575,0.0030195053268233796
EUW,overall,1.7604960583559235,2,0.009683106887667707,0.05591942132945575,0.0030195053268233796
EUW,overall,1.763515563682747,2,0.009648715974545023,0.05591942132945575,0.0030195053268233796
EUW,overall,1.7665350690095705,1,0.00961479876471647,0.05591942132945575,0.0030195053268233796
EUW,overall,1.7695545743363938,0,0.009580485499979424,0.05591942132945575,0.0030195053268233796
EUW,overall,1.7725740796632175,0,0.009545662690959585,0.05591942132945575,0.0030195053268233796
EUW,overall,1.7755935849900408,3,0.009509841072772973,0.05591942132945575,0.0030195053268233796
EUW,overall,1.7786130903168642,4,0.0094726311396211,0.05591942132945575,0.0030195053268233796
EUW,overall,1.7816325956436878,0,0.009433999953997928,0.05591942132945575,0.0030195053268233796
EUW,overall,1.7846521009705114,2,0.009393553089384993,0.05591942132945575,0.0030195053268233796
EUW,overall,1.7876716062973348,1,0.00935109913378105,0.05591942132945575,0.0030195053268233796
EUW,overall,1.7906911116241582,1,0.009306336860491137,0.05591942132945575,0.0030195053268233796
EUW,overall,1.7937106169509818,2,0.009259429082209456,0.05591942132945575,0.0030195053268233796
EUW,overall,1.7967301222778054,2,0.009210223166667858,0.05591942132945575,0.0030195053268233796
EUW,overall,1.7997496276046288,0,0.0091588480509847,0.05591942132945575,0.0030195053268233796
EUW,overall,1.8027691329314521,1,0.009105020423481493,0.05591942132945575,0.0030195053268233796
EUW,overall,1.8057886382582757,0,0.00904945674882029,0.05591942132945575,0.0030195053268233796
EUW,overall,1.8088081435850991,2,0.008991770067926909,0.05591942132945575,0.0030195053268233796
EUW,overall,1.8118276489119225,1,0.008932300854854164,0.05591942132945575,0.0030195053268233796
EUW,overall,1.814847154238746,5,0.008871189520825648,0.05591942132945575,0.0030195053268233796
EUW,overall,1.8178666595655697,0,0.008808752345219483,0.05591942132945575,0.0030195053268233796
EUW,overall,1.820886164892393,1,0.008745165553845888,0.05591942132945575,0.0030195053268233796
EUW,overall,1.8239056702192165,1,0.008681176475963233,0.05591942132945575,0.0030195053268233796
EUW,overall,1.82692517554604,2,0.00861674754443007,0.05591942132945575,0.0030195053268233796
EUW,overall,1.8299446808728634,1,0.008552300702031014,0.05591942132945575,0.0030195053268233796
EUW,overall,1.8329641861996868,1,0.008487962025624468,0.05591942132945575,0.0030195053268233796
EUW,overall,1.8359836915265104,0,0.008424001504177426,0.05591942132945575,0.0030195053268233796
EUW,overall,1.839003196853334,0,0.00836093053085318,0.05591942132945575,0.0030195053268233796
EUW,overall,1.8420227021801574,0,0.008299250433665285,0.05591942132945575,0.0030195053268233796
EUW,overall,1.8450422075069808,0,0.00823886504028974,0.05591942132945575,0.0030195053268233796
EUW,overall,1.8480617128338044,3,0.008180035239907568,0.05591942132945575,0.0030195053268233796
EUW,overall,1.8510812181606278,0,0.008123166343117254,0.05591942132945575,0.0030195053268233796
EUW,overall,1.8541007234874511,1,0.008068348949695263,0.05591942132945575,0.0030195053268233796
EUW,overall,1.8571202288142747,0,0.008015908189769622,0.05591942132945575,0.0030195053268233796
EUW,overall,1.8601397341410983,2,0.00796582750316649,0.05591942132945575,0.0030195053268233796
EUW,overall,1.8631592394679217,0,0.007918134398549112,0.05591942132945575,0.0030195053268233796
EUW,overall,1.866178744794745,1,0.00787312892989976,0.05591942132945575,0.0030195053268233796
EUW,overall,1.8691982501215687,1,0.007830825065075571,0.05591942132945575,0.0030195053268233796
EUW,overall,1.872217755448392,0,0.00779111101048989,0.05591942132945575,0.0030195053268233796
EUW,overall,1.8752372607752155,2,0.007754209741383863,0.05591942132945575,0.0030195053268233796
EUW,overall,1.878256766102039,1,0.00771969220654258,0.05591942132945575,0.0030195053268233796
EUW,overall,1.8812762714288627,0,0.0076877756077668585,0.05591942132945575,0.0030195053268233796
EUW,overall,1.884295776755686,2,0.0076580262925337456,0.05591942132945575,0.0030195053268233796
EUW,overall,1.8873152820825094,0,0.007630405508393463,0.05591942132945575,0.0030195053268233796
EUW,overall,1.890334787409333,1,0.00760478946585103,0.05591942132945575,0.0030195053268233796
EUW,overall,1.8933542927361564,1,0.007581114555478692,0.05591942132945575,0.0030195053268233796
EUW,overall,1.8963737980629798,1,0.007558955614057345,0.05591942132945575,0.0030195053268233796
EUW,overall,1.8993933033898034,0,0.0075380542446384655,0.05591942132945575,0.0030195053268233796
EUW,overall,1.902412808716627,3,0.007518357660479754,0.05591942132945575,0.0030195053268233796
EUW,overall,1.9054323140434504,0,0.007499483891419039,0.05591942132945575,0.0030195053268233796
EUW,overall,1.9084518193702737,0,0.007481276587864822,0.05591942132945575,0.0030195053268233796
EUW,overall,1.9114713246970974,1,0.00746326749508768,0.05591942132945575,0.0030195053268233796
EUW,overall,1.9144908300239207,2,0.007445402694735002,0.05591942132945575,0.0030195053268233796
EUW,overall,1.917510335350744,1,0.00742732292277786,0.05591942132945575,0.0030195053268233796
EUW,overall,1.9205298406775677,1,0.007408535879860068,0.05591942132945575,0.0030195053268233796
EUW,overall,1.9235493460043913,0,0.007389210907079301,0.05591942132945575,0.0030195053268233796
EUW,overall,1.9265688513312147,2,0.007368898179657972,0.05591942132945575,0.0030195053268233796
EUW,overall,1.929588356658038,2,0.007347543093078932,0.05591942132945575,0.0030195053268233796
EUW,overall,1.9326078619848617,2,0.007324833894964093,0.05591942132945575,0.0030195053268233796
EUW,overall,1.935627367311685,0,0.007300581390291577,0.05591942132945575,0.0030195053268233796
EUW,overall,1.9386468726385084,0,0.007274626685227824,0.05591942132945575,0.0030195053268233796
EUW,overall,1.941666377965332,0,0.00724694688976423,0.05591942132945575,0.0030195053268233796
EUW,overall,1.9446858832921556,2,0.007217173379692818,0.05591942132945575,0.0030195053268233796
EUW,overall,1.947705388618979,1,0.007185429031018374,0.05591942132945575,0.0030195053268233796
EUW,overall,1.9507248939458024,0,0.007151443406199194,0.05591942132945575,0.0030195053268233796
EUW,overall,1.953744399272626,1,0.0071154044855463,0.05591942132945575,0.0030195053268233796
EUW,overall,1.9567639045994494,1,0.007077166291191465,0.05591942132945575,0.0030195053268233796
EUW,overall,1.9597834099262728,3,0.007036766040865741,0.05591942132945575,0.0030195053268233796
EUW,overall,1.9628029152530964,1,0.006994216139797988,0.05591942132945575,0.0030195053268233796
EUW,overall,1.96582242057992,1,0.006949398500399809,0.05591942132945575,0.0030195053268233796
EUW,overall,1.9688419259067433,1,0.006902510235226668,0.05591942132945575,0.0030195053268233796
EUW,overall,1.9718614312335667,1,0.006853557244549851,0.05591942132945575,0.0030195053268233796
EUW,overall,1.9748809365603903,0,0.006802477278168119,0.05591942132945575,0.0030195053268233796
EUW,overall,1.9779004418872137,1,0.006749527606306071,0.05591942132945575,0.0030195053268233796
EUW,overall,1.980919947214037,0,0.0066949429023188765,0.05591942132945575,0.0030195053268233796
EUW,overall,1.9839394525408607,1,0.006638566410334865,0.05591942132945575,0.0030195053268233796
EUW,overall,1.9869589578676843,1,0.006580626327798518,0.05591942132945575,0.0030195053268233796
EUW,overall,1.9899784631945077,3,0.006521239982788966,0.05591942132945575,0.0030195053268233796
EUW,overall,1.992997968521331,0,0.006460690335840531,0.05591942132945575,0.0030195053268233796
EUW,overall,1.9960174738481546,1,0.006398943704053344,0.05591942132945575,0.0030195053268233796
EUW,overall,1.9990369791749782,0,0.006336117358905473,0.05591942132945575,0.0030195053268233796
EUW,overall,2.0020564845018014,0,0.0062721979003842665,0.05591942132945575,0.0030195053268233796
EUW,overall,2.005075989828625,1,0.006207429424574478,0.05591942132945575,0.0030195053268233796
EUW,overall,2.0080954951554486,2,0.006142167908738046,0.05591942132945575,0.0030195053268233796
EUW,overall,2.0111150004822718,1,0.006076262130319383,0.05591942132945575,0.0030195053268233796
EUW,overall,2.0141345058090954,0,0.006009877898397109,0.05591942132945575,0.0030195053268233796
EUW,overall,2.017154011135919,0,0.0059430478180611205,0.05591942132945575,0.0030195053268233796
EUW,overall,2.020173516462742,0,0.005875864523068509,0.05591942132945575,0.0030195053268233796
EUW,overall,2.0231930217895657,2,0.00580846921880435,0.05591942132945575,0.0030195053268233796
EUW,overall,2.0262125271163893,0,0.005741031569642529,0.05591942132945575,0.0030195053268233796
EUW,overall,2.029232032443213,2,0.005673462949429927,0.05591942132945575,0.0030195053268233796
EUW,overall,2.0322515377700365,0,0.005605932675455291,0.05591942132945575,0.0030195053268233796
EUW,overall,2.0352710430968597,0,0.005538408230357116,0.05591942132945575,0.0030195053268233796
EUW,overall,2.0382905484236833,1,0.005471000885253538,0.05591942132945575,0.0030195053268233796
EUW,overall,2.041310053750507,0,0.005403562003459587,0.05591942132945575,0.0030195053268233796
EUW,overall,2.04432955907733,0,0.005336651656151587,0.05591942132945575,0.0030195053268233796
EUW,overall,2.0473490644041537,1,0.005269877801913239,0.05591942132945575,0.0030195053268233796
EUW,overall,2.0503685697309773,0,0.00520338744522618,0.05591942132945575,0.0030195053268233796
EUW,overall,2.0533880750578004,2,0.0051371754952440046,0.05591942132945575,0.0030195053268233796
EUW,overall,2.056407580384624,1,0.005071386057695129,0.05591942132945575,0.0030195053268233796
EUW,overall,2.0594270857114476,0,0.00500600414736742,0.05591942132945575,0.0030195053268233796
EUW,overall,2.0624465910382708,0,0.00494112109292914,0.05591942132945575,0.0030195053268233796
EUW,overall,2.0654660963650944,3,0.004876728188417056,0.05591942132945575,0.0030195053268233796
EUW,overall,2.068485601691918,0,0.004812877354048442,0.05591942132945575,0.0030195053268233796
EUW,overall,2.0715051070187416,1,0.004749623701455412,0.05591942132945575,0.0030195053268233796
EUW,overall,2.074524612345565,1,0.004686885983830017,0.05591942132945575,0.0030195053268233796
EUW,overall,2.0775441176723883,0,0.004625034040434912,0.05591942132945575,0.0030195053268233796
EUW,overall,2.080563622999212,1,0.004563914623081989,0.05591942132945575,0.0030195053268233796
EUW,overall,2.0835831283260355,0,0.00450370085903451,0.05591942132945575,0.0030195053268233796
EUW,overall,2.0866026336528587,1,0.004444315649735321,0.05591942132945575,0.0030195053268233796
EUW,overall,2.0896221389796823,1,0.0043860406658899715,0.05591942132945575,0.0030195053268233796
EUW,overall,2.092641644306506,0,0.004328792780945839,0.05591942132945575,0.0030195053268233796
EUW,overall,2.095661149633329,0,0.004272708341971208,0.05591942132945575,0.0030195053268233796
EUW,overall,2.0986806549601527,1,0.004217912967469732,0.05591942132945575,0.0030195053268233796
EUW,overall,2.1017001602869763,0,0.004164336060748331,0.05591942132945575,0.0030195053268233796
EUW,overall,2.1047196656138,1,0.004112214609154791,0.05591942132945575,0.0030195053268233796
EUW,overall,2.1077391709406235,0,0.004061611468463223,0.05591942132945575,0.0030195053268233796
EUW,overall,2.1107586762674466,0,0.004012447608880758,0.05591942132945575,0.0030195053268233796
EUW,overall,2.1137781815942702,0,0.003964994442213839,0.05591942132945575,0.0030195053268233796
EUW,overall,2.116797686921094,0,0.003919149618486795,0.05591942132945575,0.0030195053268233796
EUW,overall,2.119817192247917,1,0.0038750208012399098,0.05591942132945575,0.0030195053268233796
EUW,overall,2.1228366975747406,1,0.003832648482124618,0.05591942132945575,0.0030195053268233796
EUW,overall,2.125856202901564,0,0.003792109317831131,0.05591942132945575,0.0030195053268233796
EUW,overall,2.1288757082283873,0,0.0037532259232666483,0.05591942132945575,0.0030195053268233796
EUW,overall,2.131895213555211,1,0.003716313090749291,0.05591942132945575,0.0030195053268233796
EUW,overall,2.1349147188820345,0,0.003681249286964014,0.05591942132945575,0.0030195053268233796
EUW,overall,2.1379342242088577,1,0.00364786509459023,0.05591942132945575,0.0030195053268233796
EUW,overall,2.1409537295356813,1,0.0036161803462396083,0.05591942132945575,0.0030195053268233796
EUW,overall,2.143973234862505,0,0.003586301455847992,0.05591942132945575,0.0030195053268233796
EUW,overall,2.1469927401893285,0,0.003557998412617888,0.05591942132945575,0.0030195053268233796
EUW,overall,2.150012245516152,0,0.003531278283155801,0.05591942132945575,0.0030195053268233796
EUW,overall,2.1530317508429753,1,0.0035058890475901426,0.05591942132945575,0.0030195053268233796
EUW,overall,2.156051256169799,0,0.0034818246624611525,0.05591942132945575,0.0030195053268233796
EUW,overall,2.1590707614966225,0,0.0034589473751100706,0.05591942132945575,0.0030195053268233796
EUW,overall,2.1620902668234456,0,0.003437197379087926,0.05591942132945575,0.0030195053268233796
EUW,overall,2.1651097721502692,2,0.0034162953020443892,0.05591942132945575,0.0030195053268233796
EUW,overall,2.168129277477093,0,0.0033960633017703318,0.05591942132945575,0.0030195053268233796
EUW,overall,2.171148782803916,2,0.0033762172209676087,0.05591942132945575,0.0030195053268233796
EUW,overall,2.1741682881307396,0,0.0033567129999132203,0.05591942132945575,0.0030195053268233796
EUW,overall,2.177187793457563,0,0.003337325817447183,0.05591942132945575,0.0030195053268233796
EUW,overall,2.1802072987843863,0,0.0033177321479257267,0.05591942132945575,0.0030195053268233796
EUW,overall,2.18322680411121,0,0.003297821062108281,0.05591942132945575,0.0030195053268233796
EUW,overall,2.1862463094380336,1,0.003277167355902912,0.05591942132945575,0.0030195053268233796
EUW,overall,2.189265814764857,0,0.0032557926523118577,0.05591942132945575,0.0030195053268233796
EUW,overall,2.1922853200916808,0,0.0032333538779774564,0.05591942132945575,0.0030195053268233796
EUW,overall,2.195304825418504,0,0.0032096285112017176,0.05591942132945575,0.0030195053268233796
EUW,overall,2.1983243307453275,0,0.003184459419075551,0.05591942132945575,0.0030195053268233796
EUW,overall,2.201343836072151,0,0.00315758635736581,0.05591942132945575,0.0030195053268233796
EUW,overall,2.2043633413989743,0,0.0031287622072391393,0.05591942132945575,0.0030195053268233796
EUW,overall,2.207382846725798,0,0.0030979737344895304,0.05591942132945575,0.0030195053268233796
EUW,overall,2.2104023520526215,0,0.003064917154770865,0.05591942132945575,0.0030195053268233796
EUW,overall,2.2134218573794446,0,0.003029458989752171,0.05591942132945575,0.0030195053268233796
EUW,overall,2.2164413627062682,2,0.002991498519476203,0.05591942132945575,0.0030195053268233796
EUW,overall,2.219460868033092,1,0.002951156802057673,0.05591942132945575,0.0030195053268233796
EUW,overall,2.222480373359915,1,0.002908102198225039,0.05591942132945575,0.0030195053268233796
EUW,overall,2.2254998786867386,1,0.0028624569972723218,0.05591942132945575,0.0030195053268233796
EUW,overall,2.228519384013562,1,0.0028141664539802,0.05591942132945575,0.0030195053268233796
EUW,overall,2.231538889340386,1,0.002763217538857121,0.05591942132945575,0.0030195053268233796
EUW,overall,2.2345583946672094,2,0.0027096838631008708,0.05591942132945575,0.0030195053268233796
EUW,overall,2.2375778999940326,1,0.0026537613284124666,0.05591942132945575,0.0030195053268233796
EUW,overall,2.240597405320856,0,0.0025955629971705246,0.05591942132945575,0.0030195053268233796
EUW,overall,2.2436169106476798,0,0.0025351869789625348,0.05591942132945575,0.0030195053268233796
EUW,overall,2.246636415974503,0,0.002472817192046274,0.05591942132945575,0.0030195053268233796
EUW,overall,2.2496559213013265,0,0.0024085704513821856,0.05591942132945575,0.0030195053268233796
EUW,overall,2.25267542662815,0,0.0023428858990729522,0.05591942132945575,0.0030195053268233796
EUW,overall,2.2556949319549733,0,0.0022758688915728727,0.05591942132945575,0.0030195053268233796
EUW,overall,2.258714437281797,1,0.0022078977378073806,0.05591942132945575,0.0030195053268233796
EUW,overall,2.2617339426086205,0,0.0021391956469496444,0.05591942132945575,0.0030195053268233796
EUW,overall,2.2647534479354436,0,0.0020700210665191526,0.05591942132945575,0.0030195053268233796
EUW,overall,2.2677729532622672,1,0.0020007908388870303,0.05591942132945575,0.0030195053268233796
EUW,overall,2.270792458589091,0,0.0019317675729470663,0.05591942132945575,0.0030195053268233796
EUW,overall,2.2738119639159144,0,0.0018632274666421787,0.05591942132945575,0.0030195053268233796
EUW,overall,2.276831469242738,0,0.001795594621489674,0.05591942132945575,0.0030195053268233796
EUW,overall,2.279850974569561,0,0.0017290351538894252,0.05591942132945575,0.0030195053268233796
EUW,overall,2.282870479896385,0,0.0016640166930122517,0.05591942132945575,0.0030195053268233796
EUW,overall,2.2858899852232084,0,0.0016008246494545342,0.05591942132945575,0.0030195053268233796
EUW,overall,2.2889094905500316,0,0.0015397439220342305,0.05591942132945575,0.0030195053268233796
EUW,overall,2.291928995876855,0,0.0014808003885829445,0.05591942132945575,0.0030195053268233796
EUW,overall,2.2949485012036788,0,0.0014245969675572327,0.05591942132945575,0.0030195053268233796
EUW,overall,2.297968006530502,0,0.0013712574348261643,0.05591942132945575,0.0030195053268233796
EUW,overall,2.3009875118573255,0,0.0013209542209519723,0.05591942132945575,0.0030195053268233796
EUW,overall,2.304007017184149,0,0.0012738021525582513,0.05591942132945575,0.0030195053268233796
EUW,overall,2.3070265225109723,0,0.0012299463481503152,0.05591942132945575,0.0030195053268233796
EUW,overall,2.310046027837796,0,0.0011896189789721728,0.05591942132945575,0.0030195053268233796
EUW,overall,2.3130655331646195,0,0.001152818343182814,0.05591942132945575,0.0030195053268233796
EUW,overall,2.316085038491443,0,0.0011196758279157833,0.05591942132945575,0.0030195053268233796
EUW,overall,2.3191045438182667,0,0.001090284724398561,0.05591942132945575,0.0030195053268233796
EUW,overall,2.32212404914509,0,0.0010646094735530052,0.05591942132945575,0.0030195053268233796
EUW,overall,2.3251435544719135,0,0.0010425997764733886,0.05591942132945575,0.0030195053268233796
EUW,overall,2.328163059798737,0,0.0010243293737873212,0.05591942132945575,0.0030195053268233796
EUW,overall,2.33118256512556,0,0.0010097573007296866,0.05591942132945575,0.0030195053268233796
EUW,overall,2.334202070452384,0,0.0009988229502309012,0.05591942132945575,0.0030195053268233796
EUW,overall,2.3372215757792074,0,0.000991262939729901,0.05591942132945575,0.0030195053268233796
EUW,overall,2.3402410811060306,0,0.0009871155432554237,0.05591942132945575,0.0030195053268233796
EUW,overall,2.343260586432854,0,0.000986206275900625,0.05591942132945575,0.0030195053268233796
EUW,overall,2.3462800917596778,0,0.000988287613642284,0.05591942132945575,0.0030195053268233796
EUW,overall,2.3492995970865014,0,0.0009933034485931913,0.05591942132945575,0.0030195053268233796
EUW,overall,2.352319102413325,0,0.0010011284727342521,0.05591942132945575,0.0030195053268233796
EUW,overall,2.355338607740148,0,0.0010115255275458114,0.05591942132945575,0.0030195053268233796
EUW,overall,2.3583581130669717,1,0.0010242609225468383,0.05591942132945575,0.0030195053268233796
EUW,overall,2.3613776183937953,0,0.001039244172991446,0.05591942132945575,0.0030195053268233796
EUW,overall,2.3643971237206185,0,0.001056174080890335,0.05591942132945575,0.0030195053268233796
EUW,overall,2.367416629047442,1,0.0010749076652771374,0.05591942132945575,0.0030195053268233796
EUW,overall,2.3704361343742657,0,0.0010954064916241957,0.05591942132945575,0.0030195053268233796
EUW,overall,2.373455639701089,0,0.0011172113014987183,0.05591942132945575,0.0030195053268233796
EUW,overall,2.3764751450279125,0,0.0011402221007096864,0.05591942132945575,0.0030195053268233796
EUW,overall,2.379494650354736,0,0.0011642037169159805,0.05591942132945575,0.0030195053268233796
EUW,overall,2.382514155681559,0,0.0011890763862253586,0.05591942132945575,0.0030195053268233796
EUW,overall,2.385533661008383,0,0.0012146080437729703,0.05591942132945575,0.0030195053268233796
EUW,overall,2.3885531663352064,0,0.001240633656777208,0.05591942132945575,0.0030195053268233796
EUW,overall,2.39157267166203,0,0.0012669052850896537,0.05591942132945575,0.0030195053268233796
EUW,overall,2.3945921769888536,0,0.0012934847471117257,0.05591942132945575,0.0030195053268233796
EUW,overall,2.397611682315677,0,0.0013200909614128988,0.05591942132945575,0.0030195053268233796
EUW,overall,2.4006311876425004,0,0.0013467103069233037,0.05591942132945575,0.0030195053268233796
EUW,overall,2.403650692969324,0,0.0013732302520316061,0.05591942132945575,0.0030195053268233796
EUW,overall,2.406670198296147,1,0.001399462161450211,0.05591942132945575,0.0030195053268233796
EUW,overall,2.4096897036229707,0,0.0014253816581651212,0.05591942132945575,0.0030195053268233796
EUW,overall,2.4127092089497943,0,0.0014508864826486682,0.05591942132945575,0.0030195053268233796
EUW,overall,2.4157287142766175,0,0.0014760389216742463,0.05591942132945575,0.0030195053268233796
EUW,overall,2.418748219603441,0,0.00150075645094246,0.05591942132945575,0.0030195053268233796
EUW,overall,2.4217677249302647,1,0.0015250292967765562,0.05591942132945575,0.0030195053268233796
EUW,overall,2.424787230257088,0,0.0015488618761721551,0.05591942132945575,0.0030195053268233796
EUW,overall,2.4278067355839115,0,0.0015722719587160834,0.05591942132945575,0.0030195053268233796
EUW,overall,2.430826240910735,1,0.001595289604595167,0.05591942132945575,0.0030195053268233796
EUW,overall,2.4338457462375587,1,0.0016179558861288972,0.05591942132945575,0.0030195053268233796
EUW,overall,2.4368652515643823,0,0.001640321404740826,0.05591942132945575,0.0030195053268233796
EUW,overall,2.4398847568912054,1,0.0016624446199087247,0.05591942132945575,0.0030195053268233796
EUW,overall,2.442904262218029,1,0.001684296742136556,0.05591942132945575,0.0030195053268233796
EUW,overall,2.4459237675448526,0,0.001706162573974329,0.05591942132945575,0.0030195053268233796
EUW,overall,2.448943272871676,0,0.0017279512229040723,0.05591942132945575,0.0030195053268233796
EUW,overall,2.4519627781984994,0,0.0017497789743968755,0.05591942132945575,0.0030195053268233796
EUW,overall,2.454982283525323,0,0.0017717133515031585,0.05591942132945575,0.0030195053268233796
EUW,overall,2.458001788852146,0,0.001793817517162054,0.05591942132945575,0.0030195053268233796
EUW,overall,2.4610212941789698,0,0.0018161014538595778,0.05591942132945575,0.0030195053268233796
EUW,overall,2.4640407995057934,0,0.0018387156181758737,0.05591942132945575,0.0030195053268233796
EUW,overall,2.4670603048326165,0,0.0018616864210268273,0.05591942132945575,0.0030195053268233796
EUW,overall,2.47007981015944,0,0.001884983263589243,0.05591942132945575,0.0030195053268233796
EUW,overall,2.4730993154862637,0,0.0019086190671994824,0.05591942132945575,0.0030195053268233796
EUW,overall,2.4761188208130873,0,0.0019325910356862697,0.05591942132945575,0.0030195053268233796
EUW,overall,2.479138326139911,1,0.001956879628101062,0.05591942132945575,0.0030195053268233796
EUW,overall,2.482157831466734,0,0.0019814478197423806,0.05591942132945575,0.0030195053268233796
EUW,overall,2.4851773367935577,0,0.0020061940381428268,0.05591942132945575,0.0030195053268233796
EUW,overall,2.4881968421203813,0,0.002031147810963798,0.05591942132945575,0.0030195053268233796
EUW,overall,2.4912163474472044,0,0.0020562187584399452,0.05591942132945575,0.0030195053268233796
EUW,overall,2.494235852774028,0,0.0020811505306372576,0.05591942132945575,0.0030195053268233796
EUW,overall,2.4972553581008516,0,0.0021059687058995673,0.05591942132945575,0.0030195053268233796
EUW,overall,2.500274863427675,0,0.0021304770799048835,0.05591942132945575,0.0030195053268233796
EUW,overall,2.5032943687544984,0,0.0021545237794518323,0.05591942132945575,0.0030195053268233796
EUW,overall,2.506313874081322,0,0.0021779451169642427,0.05591942132945575,0.0030195053268233796
EUW,overall,2.509333379408145,0,0.0022005676334020214,0.05591942132945575,0.0030195053268233796
EUW,overall,2.5123528847349688,1,0.002222268293601305,0.05591942132945575,0.0030195053268233796
EUW,overall,2.5153723900617924,0,0.0022427589497964035,0.05591942132945575,0.0030195053268233796
EUW,overall,2.518391895388616,0,0.0022618980667168526,0.05591942132945575,0.0030195053268233796
EUW,overall,2.5214114007154396,2,0.002279497585175666,0.05591942132945575,0.0030195053268233796
EUW,overall,2.5244309060422627,2,0.0022953722021167968,0.05591942132945575,0.0030195053268233796
EUW,overall,2.5274504113690863,0,0.002309341998297585,0.05591942132945575,0.0030195053268233796
EUW,overall,2.53046991669591,0,0.0023212350021608623,0.05591942132945575,0.0030195053268233796
EUW,overall,2.533489422022733,0,0.0023308896457176712,0.05591942132945575,0.0030195053268233796
EUW,overall,2.5365089273495567,0,0.002338157071003504,0.05591942132945575,0.0030195053268233796
EUW,overall,2.5395284326763803,0,0.002342903249235619,0.05591942132945575,0.0030195053268233796
EUW,overall,2.5425479380032034,0,0.0023450108790789817,0.05591942132945575,0.0030195053268233796
EUW,overall,2.545567443330027,0,0.002344381035301204,0.05591942132945575,0.0030195053268233796
EUW,overall,2.5485869486568506,0,0.0023409345444292246,0.05591942132945575,0.0030195053268233796
EUW,overall,2.551606453983674,0,0.0023346130696720946,0.05591942132945575,0.0030195053268233796
EUW,overall,2.5546259593104974,2,0.0023253798932023357,0.05591942132945575,0.0030195053268233796
EUW,overall,2.557645464637321,2,0.002313220389751193,0.05591942132945575,0.0030195053268233796
EUW,overall,2.560664969964144,0,0.0022981421912347047,0.05591942132945575,0.0030195053268233796
EUW,overall,2.5636844752909678,1,0.002280175047660112,0.05591942132945575,0.0030195053268233796
EUW,overall,2.5667039806177914,1,0.002259370394750387,0.05591942132945575,0.0030195053268233796
EUW,overall,2.5697234859446145,0,0.002235800643467402,0.05591942132945575,0.0030195053268233796
EUW,overall,2.572742991271438,0,0.002209558210827216,0.05591942132945575,0.0030195053268233796
EUW,overall,2.5757624965982617,0,0.002180754315017812,0.05591942132945575,0.0030195053268233796
EUW,overall,2.578782001925085,0,0.002149517560803146,0.05591942132945575,0.0030195053268233796
EUW,overall,2.5818015072519085,0,0.002115992343499595,0.05591942132945575,0.0030195053268233796
EUW,overall,2.584821012578732,0,0.002080290466868776,0.05591942132945575,0.0030195053268233796
EUW,overall,2.5878405179055557,0,0.002042685027748779,0.05591942132945575,0.0030195053268233796
EUW,overall,2.5908600232323793,0,0.0020032992739287586,0.05591942132945575,0.0030195053268233796
EUW,overall,2.5938795285592025,2,0.001962275909167985,0.05591942132945575,0.0030195053268233796
EUW,overall,2.596899033886026,0,0.0019199128606940767,0.05591942132945575,0.0030195053268233796
EUW,overall,2.5999185392128497,0,0.0018763520574168145,0.05591942132945575,0.0030195053268233796
EUW,overall,2.602938044539673,0,0.0018318533234706921,0.05591942132945575,0.0030195053268233796
EUW,overall,2.6059575498664964,0,0.0017865165312305816,0.05591942132945575,0.0030195053268233796
EUW,overall,2.60897705519332,0,0.001740588917304804,0.05591942132945575,0.0030195053268233796
EUW,overall,2.611996560520143,0,0.001694267555082543,0.05591942132945575,0.0030195053268233796
EUW,overall,2.6150160658469668,0,0.0016477443259995917,0.05591942132945575,0.0030195053268233796
EUW,overall,2.6180355711737904,0,0.001601204382342932,0.05591942132945575,0.0030195053268233796
EUW,overall,2.6210550765006135,1,0.0015548826972395006,0.05591942132945575,0.0030195053268233796
EUW,overall,2.624074581827437,0,0.0015088448671510292,0.05591942132945575,0.0030195053268233796
EUW,overall,2.6270940871542607,1,0.0014632952105445266,0.05591942132945575,0.0030195053268233796
EUW,overall,2.6301135924810843,0,0.0014183800898003626,0.05591942132945575,0.0030195053268233796
EUW,overall,2.633133097807908,0,0.0013741871489263277,0.05591942132945575,0.0030195053268233796
EUW,overall,2.636152603134731,0,0.0013309404675526618,0.05591942132945575,0.0030195053268233796
EUW,overall,2.6391721084615547,0,0.0012886909397865519,0.05591942132945575,0.0030195053268233796
EUW,overall,2.6421916137883783,0,0.0012475339525932585,0.05591942132945575,0.0030195053268233796
EUW,overall,2.6452111191152015,0,0.001207551322706255,0.05591942132945575,0.0030195053268233796
EUW,overall,2.648230624442025,0,0.0011687646961154217,0.05591942132945575,0.0030195053268233796
EUW,overall,2.6512501297688487,0,0.001131331476478823,0.05591942132945575,0.0030195053268233796
EUW,overall,2.654269635095672,0,0.0010952359502058263,0.05591942132945575,0.0030195053268233796
EUW,overall,2.6572891404224954,0,0.0010604610427824388,0.05591942132945575,0.0030195053268233796
EUW,overall,2.660308645749319,0,0.0010270800478414238,0.05591942132945575,0.0030195053268233796
EUW,overall,2.663328151076142,0,0.0009951438605240118,0.05591942132945575,0.0030195053268233796
EUW,overall,2.666347656402966,0,0.0009645438739507087,0.05591942132945575,0.0030195053268233796
EUW,overall,2.6693671617297894,1,0.0009353219559630198,0.05591942132945575,0.0030195053268233796
EUW,overall,2.672386667056613,0,0.0009074999992185143,0.05591942132945575,0.0030195053268233796
EUW,overall,2.6754061723834366,0,0.0008809896805227645,0.05591942132945575,0.0030195053268233796
EUW,overall,2.6784256777102597,0,0.0008557535086385744,0.05591942132945575,0.0030195053268233796
EUW,overall,2.6814451830370833,0,0.000831747954950148,0.05591942132945575,0.0030195053268233796
EUW,overall,2.684464688363907,0,0.00080892454867726,0.05591942132945575,0.0030195053268233796
EUW,overall,2.68748419369073,0,0.0007872309738773367,0.05591942132945575,0.0030195053268233796
EUW,overall,2.6905036990175537,0,0.0007666121542553798,0.05591942132945575,0.0030195053268233796
EUW,overall,2.6935232043443773,0,0.0007470113117216704,0.05591942132945575,0.0030195053268233796
EUW,overall,2.6965427096712005,0,0.0007283709847249253,0.05591942132945575,0.0030195053268233796
EUW,overall,2.699562214998024,0,0.0007106339926703604,0.05591942132945575,0.0030195053268233796
EUW,overall,2.7025817203248477,0,0.0006937443332312598,0.05591942132945575,0.0030195053268233796
EUW,overall,2.705601225651671,0,0.0006776013655339247,0.05591942132945575,0.0030195053268233796
EUW,overall,2.7086207309784944,0,0.0006622562897076145,0.05591942132945575,0.0030195053268233796
EUW,overall,2.711640236305318,0,0.000647603587908013,0.05591942132945575,0.0030195053268233796
EUW,overall,2.7146597416321416,1,0.0006335994956744255,0.05591942132945575,0.0030195053268233796
EUW,overall,2.7176792469589652,0,0.0006202044599718546,0.05591942132945575,0.0030195053268233796
EUW,overall,2.7206987522857884,0,0.0006073834230875514,0.05591942132945575,0.0030195053268233796
EUW,overall,2.723718257612612,0,0.000595105980570816,0.05591942132945575,0.0030195053268233796
EUW,overall,2.7267377629394356,0,0.0005833464127059318,0.05591942132945575,0.0030195053268233796
EUW,overall,2.7297572682662588,0,0.000572083591415317,0.05591942132945575,0.0030195053268233796
EUW,overall,2.7327767735930824,0,0.0005613007669532853,0.05591942132945575,0.0030195053268233796
EUW,overall,2.735796278919906,1,0.0005510431902147721,0.05591942132945575,0.0030195053268233796
EUW,overall,2.738815784246729,0,0.0005411531011920615,0.05591942132945575,0.0030195053268233796
EUW,overall,2.7418352895735527,0,0.0005317741537765177,0.05591942132945575,0.0030195053268233796
EUW,overall,2.7448547949003763,0,0.0005228458883192019,0.05591942132945575,0.0030195053268233796
EUW,overall,2.7478743002271995,0,0.0005142744005845675,0.05591942132945575,0.0030195053268233796
EUW,overall,2.750893805554023,0,0.0005061719403119169,0.05591942132945575,0.0030195053268233796
EUW,overall,2.7539133108808467,0,0.0004986293309578153,0.05591942132945575,0.0030195053268233796
EUW,overall,2.7569328162076703,0,0.0004915327865290868,0.05591942132945575,0.0030195053268233796
EUW,overall,2.759952321534494,0,0.0004848832267661763,0.05591942132945575,0.0030195053268233796
EUW,overall,2.762971826861317,0,0.00047867972503167047,0.05591942132945575,0.0030195053268233796
EUW,overall,2.7659913321881406,0,0.00047291889811215644,0.05591942132945575,0.0030195053268233796
EUW,overall,2.7690108375149642,0,0.00046759435779905584,0.05591942132945575,0.0030195053268233796
EUW,overall,2.7720303428417874,0,0.00046269624056939596,0.05591942132945575,0.0030195053268233796
EUW,overall,2.775049848168611,0,0.00045821082971456937,0.05591942132945575,0.0030195053268233796
EUW,overall,2.7780693534954346,0,0.00045412028191191376,0.05591942132945575,0.0030195053268233796
EUW,overall,2.7810888588222578,0,0.0004503091984280402,0.05591942132945575,0.0030195053268233796
EUW,overall,2.7841083641490814,0,0.00044686282213278537,0.05591942132945575,0.0030195053268233796
EUW,overall,2.787127869475905,0,0.0004438402581911728,0.05591942132945575,0.0030195053268233796
EUW,overall,2.7901473748027286,0,0.0004410455897855885,0.05591942132945575,0.0030195053268233796
EUW,overall,2.793166880129552,0,0.000438497354971753,0.05591942132945575,0.0030195053268233796
EUW,overall,2.7961863854563753,0,0.0004361996907375745,0.05591942132945575,0.0030195053268233796
EUW,overall,2.799205890783199,0,0.00043405167841005765,0.05591942132945575,0.0030195053268233796
EUW,overall,2.8022253961100225,0,0.00043200802151291634,0.05591942132945575,0.0030195053268233796
EUW,overall,2.8052449014368457,0,0.0004300218492926254,0.05591942132945575,0.0030195053268233796
EUW,overall,2.8082644067636693,0,0.0004280455247253018,0.05591942132945575,0.0030195053268233796
EUW,overall,2.811283912090493,0,0.0004260314899750519,0.05591942132945575,0.0030195053268233796
EUW,overall,2.814303417417316,0,0.0004239331300320006,0.05591942132945575,0.0030195053268233796
EUW,overall,2.8173229227441396,0,0.00042170563452110295,0.05591942132945575,0.0030195053268233796
EUW,overall,2.8203424280709632,0,0.00041921356833559553,0.05591942132945575,0.0030195053268233796
EUW,overall,2.8233619333977864,0,0.0004166231751282175,0.05591942132945575,0.0030195053268233796
EUW,overall,2.82638143872461,1,0.00041378474529790677,0.05591942132945575,0.0030195053268233796
EUW,overall,2.8294009440514336,0,0.0004106691859793981,0.05591942132945575,0.0030195053268233796
EUW,overall,2.832420449378257,0,0.000407252703871448,0.05591942132945575,0.0030195053268233796
EUW,overall,2.835439954705081,0,0.0004035172756925181,0.05591942132945575,0.0030195053268233796
EUW,overall,2.838459460031904,0,0.00039945099737388366,0.05591942132945575,0.0030195053268233796
EUW,overall,2.8414789653587276,0,0.0003950483039565136,0.05591942132945575,0.0030195053268233796
EUW,overall,2.844498470685551,1,0.00039031005521153174,0.05591942132945575,0.0030195053268233796
EUW,overall,2.8475179760123743,0,0.0003851968506130723,0.05591942132945575,0.0030195053268233796
EUW,overall,2.850537481339198,0,0.0003798245970285286,0.05591942132945575,0.0030195053268233796
EUW,overall,2.8535569866660215,0,0.0003741083744657047,0.05591942132945575,0.0030195053268233796
EUW,overall,2.8565764919928447,0,0.00036817570703486863,0.05591942132945575,0.0030195053268233796
EUW,overall,2.8595959973196683,0,0.00036199888824361954,0.05591942132945575,0.0030195053268233796
EUW,overall,2.862615502646492,0,0.0003556122954133128,0.05591942132945575,0.0030195053268233796
EUW,overall,2.865635007973315,0,0.00034905372284322884,0.05591942132945575,0.0030195053268233796
EUW,overall,2.8686545133001387,0,0.00034236359502759256,0.05591942132945575,0.0030195053268233796
EUW,overall,2.8716740186269623,0,0.00033558412948190934,0.05591942132945575,0.0030195053268233796
EUW,overall,2.874693523953786,0,0.000328758468651139,0.05591942132945575,0.0030195053268233796
EUW,overall,2.8777130292806095,0,0.0003219298008067627,0.05591942132945575,0.0030195053268233796
EUW,overall,2.8807325346074326,0,0.00031514048979193,0.05591942132945575,0.0030195053268233796
EUW,overall,2.883752039934256,0,0.00030843123295330906,0.05591942132945575,0.0030195053268233796
EUW,overall,2.88677154526108,0,0.0003018402656265761,0.05591942132945575,0.0030195053268233796
EUW,overall,2.889791050587903,0,0.0002954026291522933,0.05591942132945575,0.0030195053268233796
EUW,overall,2.8928105559147266,0,0.0002891495176327837,0.05591942132945575,0.0030195053268233796
EUW,overall,2.89583006124155,0,0.00028306108198565566,0.05591942132945575,0.0030195053268233796
EUW,overall,2.8988495665683733,0,0.0002772617240194353,0.05591942132945575,0.0030195053268233796
EUW,overall,2.901869071895197,0,0.0002717105640737909,0.05591942132945575,0.0030195053268233796
EUW,overall,2.9048885772220205,0,0.00026641916532989604,0.05591942132945575,0.0030195053268233796
EUW,overall,2.9079080825488437,0,0.0002613934808898574,0.05591942132945575,0.0030195053268233796
EUW,overall,2.9109275878756673,0,0.00025663386782470113,0.05591942132945575,0.0030195053268233796
EUW,overall,2.913947093202491,0,0.0002521352165673013,0.05591942132945575,0.0030195053268233796
EUW,overall,2.9169665985293145,0,0.00024788719046204253,0.05591942132945575,0.0030195053268233796
EUW,overall,2.919986103856138,0,0.00024387456790506294,0.05591942132945575,0.0030195053268233796
EUW,overall,2.9230056091829613,0,0.00024007767737209678,0.05591942132945575,0.0030195053268233796
EUW,overall,2.926025114509785,0,0.00023647291378033094,0.05591942132945575,0.0030195053268233796
EUW,overall,2.9290446198366085,0,0.00023303332310301575,0.05591942132945575,0.0030195053268233796
EUW,overall,2.9320641251634316,0,0.00022972924097842203,0.05591942132945575,0.0030195053268233796
EUW,overall,2.9350836304902552,0,0.00022652897024619397,0.05591942132945575,0.0030195053268233796
EUW,overall,2.938103135817079,0,0.00022339948191257212,0.05591942132945575,0.0030195053268233796
EUW,overall,2.941122641143902,0,0.0002202604894261338,0.05591942132945575,0.0030195053268233796
EUW,overall,2.9441421464707256,0,0.00021718090298247672,0.05591942132945575,0.0030195053268233796
EUW,overall,2.947161651797549,0,0.00021407032460928708,0.05591942132945575,0.0030195053268233796
EUW,overall,2.9501811571243723,0,0.00021089764801688251,0.05591942132945575,0.0030195053268233796
EUW,overall,2.953200662451196,0,0.00020763371421462368,0.05591942132945575,0.0030195053268233796
EUW,overall,2.9562201677780195,0,0.00020425185625822393,0.05591942132945575,0.0030195053268233796
EUW,overall,2.959239673104843,1,0.0002007283750639112,0.05591942132945575,0.0030195053268233796
EUW,overall,2.9622591784316668,0,0.0001969963045087156,0.05591942132945575,0.0030195053268233796
EUW,overall,2.96527868375849,0,0.00019314148250617366,0.05591942132945575,0.0030195053268233796
EUW,overall,2.9682981890853135,0,0.00018909360011330967,0.05591942132945575,0.0030195053268233796
EUW,overall,2.971317694412137,0,0.00018484430496930405,0.05591942132945575,0.0030195053268233796
EUW,overall,2.9743371997389603,0,0.00018038932305592244,0.05591942132945575,0.0030195053268233796
EUW,overall,2.977356705065784,0,0.00017572844546752978,0.05591942132945575,0.0030195053268233796
EUW,overall,2.9803762103926075,0,0.0001708654354456913,0.05591942132945575,0.0030195053268233796
EUW,overall,2.9833957157194306,0,0.00016580786145310286,0.05591942132945575,0.0030195053268233796
EUW,overall,2.9864152210462542,0,0.00016056686337392366,0.05591942132945575,0.0030195053268233796
EUW,overall,2.989434726373078,0,0.00015515686001179934,0.05591942132945575,0.0030195053268233796
EUW,overall,2.992454231699901,0,0.00014959520689730897,0.05591942132945575,0.0030195053268233796
EUW,overall,2.9954737370267246,0,0.0001439018140046612,0.05591942132945575,0.0030195053268233796
EUW,overall,2.998493242353548,0,0.0001380987333116334,0.05591942132945575,0.0030195053268233796
EUW,overall,3.001512747680372,0,0.00013220972622216836,0.05591942132945575,0.0030195053268233796
EUW,overall,3.0045322530071954,0,0.0001262598207191937,0.05591942132945575,0.0030195053268233796
EUW,overall,3.0075517583340186,0,0.00012027486774325387,0.05591942132945575,0.0030195053268233796
EUW,overall,3.010571263660842,0,0.00011428110572250558,0.05591942132945575,0.0030195053268233796
EUW,overall,3.0135907689876658,0,0.00010830474143761595,0.05591942132945575,0.0030195053268233796
EUW,overall,3.016610274314489,0,0.00010237155452028495,0.05591942132945575,0.0030195053268233796
EUW,overall,3.0196297796413125,0,9.650653188773293e-05,0.05591942132945575,0.0030195053268233796
EUW,overall,3.022649284968136,0,9.073353733984237e-05,0.05591942132945575,0.0030195053268233796
EUW,overall,3.0256687902949593,0,8.507502042308558e-05,0.05591942132945575,0.0030195053268233796
EUW,overall,3.028688295621783,0,7.955176752739296e-05,0.05591942132945575,0.0030195053268233796
EUW,overall,3.0317078009486065,0,7.418269705847725e-05,0.05591942132945575,0.0030195053268233796
EUW,overall,3.0347273062754296,0,6.898469944610802e-05,0.05591942132945575,0.0030195053268233796
EUW,overall,3.0377468116022532,0,6.397252173259879e-05,0.05591942132945575,0.0030195053268233796
EUW,overall,3.040766316929077,0,5.915869555590998e-05,0.05591942132945575,0.0030195053268233796
EUW,overall,3.0437858222559004,0,5.4553506514930826e-05,0.05591942132945575,0.0030195053268233796
EUW,overall,3.046805327582724,0,5.0165002193208314e-05,0.05591942132945575,0.0030195053268233796
EUW,overall,3.049824832909547,0,4.6056984531855795e-05,0.05591942132945575,0.0030195053268233796
EUW,overall,3.052844338236371,0,4.208450409206098e-05,0.05591942132945575,0.0030195053268233796
EUW,overall,3.0558638435631944,0,3.8398910806621205e-05,0.05591942132945575,0.0030195053268233796
EUW,overall,3.0588833488900176,0,3.494305474574061e-05,0.05591942132945575,0.0030195053268233796
EUW,overall,3.061902854216841,0,3.171603484800151e-05,0.05591942132945575,0.0030195053268233796
EUW,overall,3.0649223595436648,0,2.8715432714354012e-05,0.05591942132945575,0.0030195053268233796
EUW,overall,3.067941864870488,0,2.593750605932488e-05,0.05591942132945575,0.0030195053268233796
EUW,overall,3.0709613701973115,0,2.3330754343233032e-05,0.05591942132945575,0.0030195053268233796
EUW,overall,3.073980875524135,0,2.0991874887178914e-05,0.05591942132945575,0.0030195053268233796
EUW,overall,3.0770003808509587,0,1.8856781448584126e-05,0.05591942132945575,0.0030195053268233796
EUW,overall,3.0800198861777823,0,1.6918759828162408e-05,0.05591942132945575,0.0030195053268233796
EUW,overall,3.0830393915046055,0,1.5170721190744845e-05,0.05591942132945575,0.0030195053268233796
EUW,overall,3.086058896831429,0,1.3605395007228398e-05,0.05591942132945575,0.0030195053268233796
EUW,overall,3.0890784021582527,0,1.2215510753196712e-05,0.05591942132945575,0.0030195053268233796
EUW,overall,3.092097907485076,0,1.099396683968533e-05,0.05591942132945575,0.0030195053268233796
EUW,overall,3.0951174128118994,0,9.933985563948144e-06,0.05591942132945575,0.0030195053268233796
EUW,overall,3.098136918138723,0,9.029253148318032e-06,0.05591942132945575,0.0030195053268233796
EUW,overall,3.101156423465546,0,8.274044178808897e-06,0.05591942132945575,0.0030195053268233796
EUW,overall,3.10417592879237,0,7.663329959408013e-06,0.05591942132945575,0.0030195053268233796
EUW,overall,3.1071954341191934,0,7.192870462410503e-06,0.05591942132945575,0.0030195053268233796
EUW,overall,3.1102149394460166,0,6.859289680832506e-06,0.05591942132945575,0.0030195053268233796
EUW,overall,3.11323444477284,0,6.6601342787691966e-06,0.05591942132945575,0.0030195053268233796
EUW,overall,3.1162539500996638,0,6.593915493895524e-06,0.05591942132945575,0.0030195053268233796
EUW,overall,3.1192734554264874,0,6.6601342787691966e-06,0.05591942132945575,0.0030195053268233796
EUW,overall,3.122292960753311,0,6.859289680832506e-06,0.05591942132945575,0.0030195053268233796
EUW,overall,3.125312466080134,0,7.192870462410503e-06,0.05591942132945575,0.0030195053268233796
EUW,overall,3.1283319714069577,0,7.663329959408013e-06,0.05591942132945575,0.0030195053268233796
EUW,overall,3.1313514767337813,0,8.274044178808897e-06,0.05591942132945575,0.0030195053268233796
EUW,overall,3.1343709820606045,0,9.029253148318032e-06,0.05591942132945575,0.0030195053268233796
EUW,overall,3.137390487387428,0,9.933985563948144e-06,0.05591942132945575,0.0030195053268233796
EUW,overall,3.1404099927142517,0,1.099396683968533e-05,0.05591942132945575,0.0030195053268233796
EUW,overall,3.143429498041075,0,1.2215510753196712e-05,0.05591942132945575,0.0030195053268233796
EUW,overall,3.1464490033678985,0,1.3605395007228398e-05,0.05591942132945575,0.0030195053268233796
EUW,overall,3.149468508694722,0,1.5170721190744845e-05,0.05591942132945575,0.0030195053268233796
EUW,overall,3.152488014021545,0,1.6918759828162408e-05,0.05591942132945575,0.0030195053268233796
EUW,overall,3.155507519348369,0,1.8856781448584126e-05,0.05591942132945575,0.0030195053268233796
EUW,overall,3.1585270246751924,0,2.0991874887178914e-05,0.05591942132945575,0.0030195053268233796
EUW,overall,3.161546530002016,0,2.3330754343233032e-05,0.05591942132945575,0.0030195053268233796
EUW,overall,3.1645660353288396,0,2.5879557057455618e-05,0.05591942132945575,0.0030195053268233796
EUW,overall,3.167585540655663,0,2.8643633826507084e-05,0.05591942132945575,0.0030195053268233796
EUW,overall,3.1706050459824864,0,3.1627334935396035e-05,0.05591942132945575,0.0030195053268233796
EUW,overall,3.17362455130931,0,3.483379444683121e-05,0.05591942132945575,0.0030195053268233796
EUW,overall,3.176644056636133,0,3.826471612809872e-05,0.05591942132945575,0.0030195053268233796
EUW,overall,3.1796635619629567,0,4.1920164607002886e-05,0.05591942132945575,0.0030195053268233796
EUW,overall,3.1826830672897803,0,4.579836561487169e-05,0.05591942132945575,0.0030195053268233796
EUW,overall,3.1857025726166035,0,4.9848884818674365e-05,0.05591942132945575,0.0030195053268233796
EUW,overall,3.188722077943427,0,5.416821140796337e-05,0.05591942132945575,0.0030195053268233796
EUW,overall,3.1917415832702507,0,5.869042603225484e-05,0.05591942132945575,0.0030195053268233796
EUW,overall,3.194761088597074,0,6.340503490160676e-05,0.05591942132945575,0.0030195053268233796
EUW,overall,3.1977805939238975,0,6.829893747431658e-05,0.05591942132945575,0.0030195053268233796
EUW,overall,3.200800099250721,0,7.335637576284386e-05,0.05591942132945575,0.0030195053268233796
EUW,overall,3.2038196045775447,0,7.85589197912619e-05,0.05591942132945575,0.0030195053268233796
EUW,overall,3.2068391099043683,0,8.388549225363019e-05,0.05591942132945575,0.0030195053268233796
EUW,overall,3.2098586152311914,0,8.931243482594737e-05,0.05591942132945575,0.0030195053268233796
EUW,overall,3.212878120558015,0,9.481361788445859e-05,0.05591942132945575,0.0030195053268233796
EUW,overall,3.2158976258848386,0,0.00010036059459152827,0.05591942132945575,0.0030195053268233796
EUW,overall,3.218917131211662,0,0.00010592279944208537,0.05591942132945575,0.0030195053268233796
EUW,overall,3.2219366365384854,0,0.00011146779043716233,0.05591942132945575,0.0030195053268233796
EUW,overall,3.224956141865309,0,0.00011696153308755701,0.05591942132945575,0.0030195053268233796
EUW,overall,3.227975647192132,0,0.0001223687234738538,0.05591942132945575,0.0030195053268233796
EUW,overall,3.2309951525189557,0,0.00012765314662441582,0.05591942132945575,0.0030195053268233796
EUW,overall,3.2340146578457794,0,0.00013277806554703154,0.05591942132945575,0.0030195053268233796
EUW,overall,3.2370341631726025,0,0.00013770663538942014,0.05591942132945575,0.0030195053268233796
EUW,overall,3.240053668499426,0,0.00014240233643489846,0.05591942132945575,0.0030195053268233796
EUW,overall,3.2430731738262497,0,0.0001468294189867999,0.05591942132945575,0.0030195053268233796
EUW,overall,3.2460926791530733,0,0.00015095335268094746,0.05591942132945575,0.0030195053268233796
EUW,overall,3.249112184479897,0,0.00015474127240864186,0.05591942132945575,0.0030195053268233796
EUW,overall,3.25213168980672,0,0.00015816241284831388,0.05591942132945575,0.0030195053268233796
EUW,overall,3.2551511951335437,0,0.0001611885236027088,0.05591942132945575,0.0030195053268233796
EUW,overall,3.2581707004603673,0,0.00016379425712565845,0.05591942132945575,0.0030195053268233796
EUW,overall,3.2611902057871904,0,0.0001659575219981982,0.05591942132945575,0.0030195053268233796
EUW,overall,3.264209711114014,0,0.00016765979467251262,0.05591942132945575,0.0030195053268233796
EUW,overall,3.2672292164408376,0,0.00016888638353296757,0.05591942132945575,0.0030195053268233796
EUW,overall,3.270248721767661,0,0.0001696266400100783,0.05591942132945575,0.0030195053268233796
EUW,overall,3.2732682270944844,1,0.00016987411250463309,0.05591942132945575,0.0030195053268233796
EUW,overall,3.276287732421308,0,0.0001696266400100783,0.05591942132945575,0.0030195053268233796
EUW,overall,3.279307237748131,0,0.00016888638353296757,0.05591942132945575,0.0030195053268233796
EUW,overall,3.2823267430749548,0,0.00016765979467251262,0.05591942132945575,0.0030195053268233796
EUW,overall,3.2853462484017784,0,0.0001659575219981982,0.05591942132945575,0.0030195053268233796
EUW,overall,3.288365753728602,0,0.00016379425712565845,0.05591942132945575,0.0030195053268233796
EUW,overall,3.2913852590554256,0,0.0001611885236027088,0.05591942132945575,0.0030195053268233796
EUW,overall,3.2944047643822487,0,0.00015816241284831388,0.05591942132945575,0.0030195053268233796
EUW,overall,3.2974242697090723,0,0.00015474127240864186,0.05591942132945575,0.0030195053268233796
EUW,overall,3.300443775035896,0,0.00015095335268094746,0.05591942132945575,0.0030195053268233796
EUW,overall,3.303463280362719,0,0.0001468294189867999,0.05591942132945575,0.0030195053268233796
EUW,overall,3.3064827856895427,0,0.00014240233643489846,0.05591942132945575,0.0030195053268233796
EUW,overall,3.3095022910163663,0,0.00013770663538942014,0.05591942132945575,0.0030195053268233796
EUW,overall,3.3125217963431894,0,0.00013277806554703154,0.05591942132945575,0.0030195053268233796
EUW,overall,3.315541301670013,0,0.00012765314662441582,0.05591942132945575,0.0030195053268233796
EUW,overall,3.3185608069968366,0,0.0001223687234738538,0.05591942132945575,0.0030195053268233796
EUW,overall,3.32158031232366,0,0.00011696153308755701,0.05591942132945575,0.0030195053268233796
EUW,overall,3.3245998176504834,0,0.00011146779043716233,0.05591942132945575,0.0030195053268233796
EUW,overall,3.327619322977307,0,0.00010592279944208537,0.05591942132945575,0.0030195053268233796
EUW,overall,3.3306388283041306,0,0.00010036059459152827,0.05591942132945575,0.0030195053268233796
EUW,overall,3.333658333630954,0,9.481361788445859e-05,0.05591942132945575,0.0030195053268233796
EUW,overall,3.3366778389577774,0,8.931243482594737e-05,0.05591942132945575,0.0030195053268233796
EUW,overall,3.339697344284601,0,8.388549225363019e-05,0.05591942132945575,0.0030195053268233796
EUW,overall,3.3427168496114246,0,7.85589197912619e-05,0.05591942132945575,0.0030195053268233796
EUW,overall,3.3457363549382477,0,7.335637576284386e-05,0.05591942132945575,0.0030195053268233796
EUW,overall,3.3487558602650713,0,6.829893747431658e-05,0.05591942132945575,0.0030195053268233796
EUW,overall,3.351775365591895,0,6.340503490160676e-05,0.05591942132945575,0.0030195053268233796
EUW,overall,3.354794870918718,0,5.869042603225484e-05,0.05591942132945575,0.0030195053268233796
EUW,overall,3.3578143762455417,0,5.416821140796337e-05,0.05591942132945575,0.0030195053268233796
EUW,overall,3.3608338815723653,0,4.9848884818674365e-05,0.05591942132945575,0.0030195053268233796
EUW,overall,3.363853386899189,0,4.574041661300243e-05,0.05591942132945575,0.0030195053268233796
EUW,overall,3.3668728922260125,0,4.1848365719155965e-05,0.05591942132945575,0.0030195053268233796
EUW,overall,3.3698923975528357,0,3.817601621549324e-05,0.05591942132945575,0.0030195053268233796
EUW,overall,3.3729119028796593,0,3.472453414792181e-05,0.05591942132945575,0.0030195053268233796
EUW,overall,3.375931408206483,0,3.1493140256873544e-05,0.05591942132945575,0.0030195053268233796
EUW,overall,3.378950913533306,0,2.847929434144899e-05,0.05591942132945575,0.0030195053268233796
EUW,overall,3.3819704188601296,0,2.5678887142340777e-05,0.05591942132945575,0.0030195053268233796
KR,overall,-1.4462185987306073,0,0.0001667499789279145,0.05591942132945575,0.0030195053268233796
KR,overall,-1.443199093403784,0,0.0001788160027685978,0.05591942132945575,0.0030195053268233796
KR,overall,-1.4401795880769606,0,0.00019128676509188181,0.05591942132945575,0.0030195053268233796
KR,overall,-1.437160082750137,0,0.00020413480911590044,0.05591942132945575,0.0030195053268233796
KR,overall,-1.4341405774233134,0,0.00021732995729595265,0.05591942132945575,0.0030195053268233796
KR,overall,-1.43112107209649,0,0.00023083967532625134,0.05591942132945575,0.0030195053268233796
KR,overall,-1.4281015667696666,0,0.0002446294909670236,0.05591942132945575,0.0030195053268233796
KR,overall,-1.425082061442843,0,0.0002586634609157369,0.05591942132945575,0.0030195053268233796
KR,overall,-1.4220625561160196,0,0.000272904677284174,0.05591942132945575,0.0030195053268233796
KR,overall,-1.4190430507891962,0,0.00028731580370970405,0.05591942132945575,0.0030195053268233796
KR,overall,-1.4160235454623726,0,0.00030185962977447744,0.05591942132945575,0.0030195053268233796
KR,overall,-1.413004040135549,0,0.0003164996312834719,0.05591942132945575,0.0030195053268233796
KR,overall,-1.4099845348087257,0,0.0003312005231104128,0.05591942132945575,0.0030195053268233796
KR,overall,-1.4069650294819023,0,0.0003459287908026422,0.05591942132945575,0.0030195053268233796
KR,overall,-1.4039455241550787,0,0.00036071113639213787,0.05591942132945575,0.0030195053268233796
KR,overall,-1.4009260188282553,0,0.00037541697816613186,0.05591942132945575,0.0030195053268233796
KR,overall,-1.397906513501432,0,0.0003901259831565352,0.05591942132945575,0.0030195053268233796
KR,overall,-1.3948870081746083,0,0.00040471468888743345,0.05591942132945575,0.0030195053268233796
KR,overall,-1.3918675028477847,0,0.00041921257623831084,0.05591942132945575,0.0030195053268233796
KR,overall,-1.3888479975209613,0,0.0004336064757171242,0.05591942132945575,0.0030195053268233796
KR,overall,-1.385828492194138,0,0.00044794521480516215,0.05591942132945575,0.0030195053268233796
KR,overall,-1.3828089868673143,1,0.0004621216315718589,0.05591942132945575,0.0030195053268233796
KR,overall,-1.379789481540491,0,0.00047618163021468106,0.05591942132945575,0.0030195053268233796
KR,overall,-1.3767699762136676,0,0.0004901281946663675,0.05591942132945575,0.0030195053268233796
KR,overall,-1.373750470886844,0,0.0005039676941182924,0.05591942132945575,0.0030195053268233796
KR,overall,-1.3707309655600204,1,0.0005177094630365447,0.05591942132945575,0.0030195053268233796
KR,overall,-1.367711460233197,0,0.0005313652997916533,0.05591942132945575,0.0030195053268233796
KR,overall,-1.3646919549063736,0,0.000544948895553434,0.05591942132945575,0.0030195053268233796
KR,overall,-1.36167244957955,0,0.0005584752072506462,0.05591942132945575,0.0030195053268233796
KR,overall,-1.3586529442527266,0,0.000571959790190138,0.05591942132945575,0.0030195053268233796
KR,overall,-1.3556334389259033,0,0.0005854760567219666,0.05591942132945575,0.0030195053268233796
KR,overall,-1.3526139335990797,0,0.0005989366323232793,0.05591942132945575,0.0030195053268233796
KR,overall,-1.349594428272256,0,0.00061245981925091,0.05591942132945575,0.0030195053268233796
KR,overall,-1.3465749229454327,0,0.0006259552545306031,0.05591942132945575,0.0030195053268233796
KR,overall,-1.3435554176186093,0,0.0006394791522787407,0.05591942132945575,0.0030195053268233796
KR,overall,-1.3405359122917857,0,0.0006530380378060901,0.05591942132945575,0.0030195053268233796
KR,overall,-1.337516406964962,0,0.0006666349530973247,0.05591942132945575,0.0030195053268233796
KR,overall,-1.334496901638139,0,0.0006802691221771017,0.05591942132945575,0.0030195053268233796
KR,overall,-1.3314773963113153,0,0.0006939357212178195,0.05591942132945575,0.0030195053268233796
KR,overall,-1.3284578909844917,0,0.000707683709863401,0.05591942132945575,0.0030195053268233796
KR,overall,-1.3254383856576684,0,0.0007213978811860351,0.05591942132945575,0.0030195053268233796
KR,overall,-1.322418880330845,0,0.0007351661227908611,0.05591942132945575,0.0030195053268233796
KR,overall,-1.3193993750040214,0,0.0007488659550082918,0.05591942132945575,0.0030195053268233796
KR,overall,-1.316379869677198,0,0.0007625207127403957,0.05591942132945575,0.0030195053268233796
KR,overall,-1.3133603643503746,0,0.000776104253059202,0.05591942132945575,0.0030195053268233796
KR,overall,-1.310340859023551,0,0.0007896460910356178,0.05591942132945575,0.0030195053268233796
KR,overall,-1.3073213536967274,0,0.0008030140788807577,0.05591942132945575,0.0030195053268233796
KR,overall,-1.304301848369904,0,0.0008162242891956072,0.05591942132945575,0.0030195053268233796
KR,overall,-1.3012823430430807,0,0.0008293039486074352,0.05591942132945575,0.0030195053268233796
KR,overall,-1.298262837716257,0,0.000842236784717165,0.05591942132945575,0.0030195053268233796
KR,overall,-1.2952433323894335,0,0.000854895041143037,0.05591942132945575,0.0030195053268233796
KR,overall,-1.29222382706261,1,0.0008673608277592661,0.05591942132945575,0.0030195053268233796
KR,overall,-1.2892043217357867,1,0.0008795132455798598,0.05591942132945575,0.0030195053268233796
KR,overall,-1.286184816408963,0,0.000891385006638382,0.05591942132945575,0.0030195053268233796
KR,overall,-1.2831653110821397,0,0.0009029094748450875,0.05591942132945575,0.0030195053268233796
KR,overall,-1.2801458057553163,0,0.0009141279760623216,0.05591942132945575,0.0030195053268233796
KR,overall,-1.2771263004284927,1,0.0009250411965069415,0.05591942132945575,0.0030195053268233796
KR,overall,-1.2741067951016691,0,0.0009356562348728334,0.05591942132945575,0.0030195053268233796
KR,overall,-1.2710872897748458,0,0.0009459869112778743,0.05591942132945575,0.0030195053268233796
KR,overall,-1.2680677844480224,0,0.0009560539628566484,0.05591942132945575,0.0030195053268233796
KR,overall,-1.2650482791211988,0,0.000965885123630423,0.05591942132945575,0.0030195053268233796
KR,overall,-1.2620287737943754,0,0.0009755150889203988,0.05591942132945575,0.0030195053268233796
KR,overall,-1.259009268467552,0,0.000984985367052211,0.05591942132945575,0.0030195053268233796
KR,overall,-1.2559897631407284,0,0.0009944019727710102,0.05591942132945575,0.0030195053268233796
KR,overall,-1.2529702578139048,0,0.0010037171228343242,0.05591942132945575,0.0030195053268233796
KR,overall,-1.2499507524870814,0,0.0010130379848427697,0.05591942132945575,0.0030195053268233796
KR,overall,-1.246931247160258,0,0.0010224304042902943,0.05591942132945575,0.0030195053268233796
KR,overall,-1.2439117418334344,0,0.0010319649505968133,0.05591942132945575,0.0030195053268233796
KR,overall,-1.240892236506611,0,0.001041832168129472,0.05591942132945575,0.0030195053268233796
KR,overall,-1.2378727311797877,1,0.0010520218841418589,0.05591942132945575,0.0030195053268233796
KR,overall,-1.234853225852964,0,0.0010625049763794757,0.05591942132945575,0.0030195053268233796
KR,overall,-1.2318337205261405,0,0.0010734595256457389,0.05591942132945575,0.0030195053268233796
KR,overall,-1.228814215199317,1,0.0010849718527999302,0.05591942132945575,0.0030195053268233796
KR,overall,-1.2257947098724937,0,0.0010972449590275037,0.05591942132945575,0.0030195053268233796
KR,overall,-1.2227752045456701,0,0.0011101619046764168,0.05591942132945575,0.0030195053268233796
KR,overall,-1.2197556992188467,0,0.0011239034862742642,0.05591942132945575,0.0030195053268233796
KR,overall,-1.2167361938920234,0,0.0011385560451853153,0.05591942132945575,0.0030195053268233796
KR,overall,-1.2137166885651998,0,0.0011542040695541034,0.05591942132945575,0.0030195053268233796
KR,overall,-1.2106971832383762,0,0.0011709295415604894,0.05591942132945575,0.0030195053268233796
KR,overall,-1.2076776779115528,0,0.001188811298414433,0.05591942132945575,0.0030195053268233796
KR,overall,-1.2046581725847294,0,0.0012079244045227336,0.05591942132945575,0.0030195053268233796
KR,overall,-1.2016386672579058,0,0.001228339531347502,0.05591942132945575,0.0030195053268233796
KR,overall,-1.1986191619310824,0,0.001250238239730735,0.05591942132945575,0.0030195053268233796
KR,overall,-1.195599656604259,0,0.0012735923662456296,0.05591942132945575,0.0030195053268233796
KR,overall,-1.1925801512774354,0,0.0012984038508283933,0.05591942132945575,0.0030195053268233796
KR,overall,-1.1895606459506118,0,0.0013247710202978695,0.05591942132945575,0.0030195053268233796
KR,overall,-1.1865411406237885,0,0.0013527389610113148,0.05591942132945575,0.0030195053268233796
KR,overall,-1.183521635296965,0,0.001382345652185463,0.05591942132945575,0.0030195053268233796
KR,overall,-1.1805021299701415,1,0.0014135635234609617,0.05591942132945575,0.0030195053268233796
KR,overall,-1.177482624643318,0,0.0014464589726959354,0.05591942132945575,0.0030195053268233796
KR,overall,-1.1744631193164947,1,0.0014811006540576214,0.05591942132945575,0.0030195053268233796
KR,overall,-1.1714436139896711,0,0.0015173876375117257,0.05591942132945575,0.0030195053268233796
KR,overall,-1.1684241086628475,0,0.001555358101753328,0.05591942132945575,0.0030195053268233796
KR,overall,-1.1654046033360241,0,0.0015951090199886088,0.05591942132945575,0.0030195053268233796
KR,overall,-1.1623850980092008,1,0.0016365223866229486,0.05591942132945575,0.0030195053268233796
KR,overall,-1.1593655926823772,0,0.0016794473662827525,0.05591942132945575,0.0030195053268233796
KR,overall,-1.1563460873555538,0,0.0017239382441951244,0.05591942132945575,0.0030195053268233796
KR,overall,-1.1533265820287304,0,0.0017699338606655438,0.05591942132945575,0.0030195053268233796
KR,overall,-1.1503070767019068,0,0.0018173508690262775,0.05591942132945575,0.0030195053268233796
KR,overall,-1.1472875713750832,0,0.0018661060530631144,0.05591942132945575,0.0030195053268233796
KR,overall,-1.1442680660482598,0,0.0019161165886652984,0.05591942132945575,0.0030195053268233796
KR,overall,-1.1412485607214364,0,0.0019673362099288947,0.05591942132945575,0.0030195053268233796
KR,overall,-1.1382290553946128,0,0.0020196537380877556,0.05591942132945575,0.0030195053268233796
KR,overall,-1.1352095500677895,0,0.002072789327599194,0.05591942132945575,0.0030195053268233796
KR,overall,-1.132190044740966,1,0.0021268226169340104,0.05591942132945575,0.0030195053268233796
KR,overall,-1.1291705394141425,0,0.0021817028178345087,0.05591942132945575,0.0030195053268233796
KR,overall,-1.1261510340873189,1,0.002236987808239132,0.05591942132945575,0.0030195053268233796
KR,overall,-1.1231315287604955,0,0.002292564153023025,0.05591942132945575,0.0030195053268233796
KR,overall,-1.120112023433672,0,0.002348381625954216,0.05591942132945575,0.0030195053268233796
KR,overall,-1.1170925181068485,0,0.0024043545931061584,0.05591942132945575,0.0030195053268233796
KR,overall,-1.1140730127800251,0,0.0024604130433611942,0.05591942132945575,0.0030195053268233796
KR,overall,-1.1110535074532017,0,0.00251627576422831,0.05591942132945575,0.0030195053268233796
KR,overall,-1.1080340021263781,0,0.002571748248575289,0.05591942132945575,0.0030195053268233796
KR,overall,-1.1050144967995545,1,0.002626918354748578,0.05591942132945575,0.0030195053268233796
KR,overall,-1.1019949914727312,0,0.002681528733994586,0.05591942132945575,0.0030195053268233796
KR,overall,-1.0989754861459078,1,0.0027354724464365085,0.05591942132945575,0.0030195053268233796
KR,overall,-1.0959559808190842,0,0.0027888863027451007,0.05591942132945575,0.0030195053268233796
KR,overall,-1.0929364754922608,0,0.002841396197037018,0.05591942132945575,0.0030195053268233796
KR,overall,-1.0899169701654374,0,0.0028931507513999494,0.05591942132945575,0.0030195053268233796
KR,overall,-1.0868974648386138,1,0.0029441912290044643,0.05591942132945575,0.0030195053268233796
KR,overall,-1.0838779595117902,0,0.002994363710034066,0.05591942132945575,0.0030195053268233796
KR,overall,-1.0808584541849668,0,0.0030437316784082905,0.05591942132945575,0.0030195053268233796
KR,overall,-1.0778389488581435,1,0.00309227631732362,0.05591942132945575,0.0030195053268233796
KR,overall,-1.0748194435313199,2,0.003140277328173521,0.05591942132945575,0.0030195053268233796
KR,overall,-1.0717999382044965,1,0.0031875099200390747,0.05591942132945575,0.0030195053268233796
KR,overall,-1.0687804328776729,2,0.0032342766181675904,0.05591942132945575,0.0030195053268233796
KR,overall,-1.0657609275508495,1,0.003280612717807354,0.05591942132945575,0.0030195053268233796
KR,overall,-1.062741422224026,1,0.0033266656017779416,0.05591942132945575,0.0030195053268233796
KR,overall,-1.0597219168972025,0,0.0033726355661694435,0.05591942132945575,0.0030195053268233796
KR,overall,-1.0567024115703791,0,0.003418809874553951,0.05591942132945575,0.0030195053268233796
KR,overall,-1.0536829062435555,0,0.0034652405248103836,0.05591942132945575,0.0030195053268233796
KR,overall,-1.0506634009167322,0,0.0035121426646234598,0.05591942132945575,0.0030195053268233796
KR,overall,-1.0476438955899086,0,0.003559845828623788,0.05591942132945575,0.0030195053268233796
KR,overall,-1.0446243902630852,0,0.0036085291059564173,0.05591942132945575,0.0030195053268233796
KR,overall,-1.0416048849362616,0,0.0036586105480750854,0.05591942132945575,0.0030195053268233796
KR,overall,-1.0385853796094382,0,0.003710090855096908,0.05591942132945575,0.0030195053268233796
KR,overall,-1.0355658742826148,0,0.0037632605035663584,0.05591942132945575,0.0030195053268233796
KR,overall,-1.0325463689557912,1,0.0038186509858028055,0.05591942132945575,0.0030195053268233796
KR,overall,-1.0295268636289678,0,0.00387604676262547,0.05591942132945575,0.0030195053268233796
KR,overall,-1.0265073583021442,0,0.003936100131883092,0.05591942132945575,0.0030195053268233796
KR,overall,-1.0234878529753209,0,0.003998916743231109,0.05591942132945575,0.0030195053268233796
KR,overall,-1.0204683476484973,0,0.004064560263708235,0.05591942132945575,0.0030195053268233796
KR,overall,-1.0174488423216739,2,0.004133448547818587,0.05591942132945575,0.0030195053268233796
KR,overall,-1.0144293369948505,2,0.004205918185723715,0.05591942132945575,0.0030195053268233796
KR,overall,-1.011409831668027,0,0.004281811326891246,0.05591942132945575,0.0030195053268233796
KR,overall,-1.0083903263412035,0,0.004361782625676162,0.05591942132945575,0.0030195053268233796
KR,overall,-1.00537082101438,0,0.00444570348211597,0.05591942132945575,0.0030195053268233796
KR,overall,-1.0023513156875565,2,0.004533728860290145,0.05591942132945575,0.0030195053268233796
KR,overall,-0.999331810360733,0,0.004626098686180352,0.05591942132945575,0.0030195053268233796
KR,overall,-0.9963123050339096,0,0.0047227588425957515,0.05591942132945575,0.0030195053268233796
KR,overall,-0.9932927997070861,0,0.004823898758383948,0.05591942132945575,0.0030195053268233796
KR,overall,-0.9902732943802626,0,0.0049295948888699965,0.05591942132945575,0.0030195053268233796
KR,overall,-0.9872537890534392,0,0.0050400197065641715,0.05591942132945575,0.0030195053268233796
KR,overall,-0.9842342837266156,0,0.005155179621461953,0.05591942132945575,0.0030195053268233796
KR,overall,-0.9812147783997922,0,0.005274937587494687,0.05591942132945575,0.0030195053268233796
KR,overall,-0.9781952730729687,0,0.005399447397568524,0.05591942132945575,0.0030195053268233796
KR,overall,-0.9751757677461452,2,0.005528707263642304,0.05591942132945575,0.0030195053268233796
KR,overall,-0.9721562624193217,2,0.005662642927026448,0.05591942132945575,0.0030195053268233796
KR,overall,-0.9691367570924982,1,0.005801153138968579,0.05591942132945575,0.0030195053268233796
KR,overall,-0.9661172517656748,1,0.005944108228184944,0.05591942132945575,0.0030195053268233796
KR,overall,-0.9630977464388513,1,0.0060917539570569295,0.05591942132945575,0.0030195053268233796
KR,overall,-0.9600782411120279,1,0.006243705194490674,0.05591942132945575,0.0030195053268233796
KR,overall,-0.9570587357852044,0,0.006399841371865688,0.05591942132945575,0.0030195053268233796
KR,overall,-0.9540392304583809,0,0.006560386432420653,0.05591942132945575,0.0030195053268233796
KR,overall,-0.9510197251315574,1,0.006724811480503249,0.05591942132945575,0.0030195053268233796
KR,overall,-0.9480002198047339,0,0.0068932937832323835,0.05591942132945575,0.0030195053268233796
KR,overall,-0.9449807144779105,0,0.007065731549239437,0.05591942132945575,0.0030195053268233796
KR,overall,-0.9419612091510869,2,0.0072418416090189505,0.05591942132945575,0.0030195053268233796
KR,overall,-0.9389417038242636,2,0.00742154901614636,0.05591942132945575,0.0030195053268233796
KR,overall,-0.93592219849744,0,0.007604805082698428,0.05591942132945575,0.0030195053268233796
KR,overall,-0.9329026931706166,1,0.007791280533086833,0.05591942132945575,0.0030195053268233796
KR,overall,-0.9298831878437931,0,0.007981113226713119,0.05591942132945575,0.0030195053268233796
KR,overall,-0.9268636825169696,0,0.00817400298735615,0.05591942132945575,0.0030195053268233796
KR,overall,-0.9238441771901462,0,0.008370134936521013,0.05591942132945575,0.0030195053268233796
KR,overall,-0.9208246718633226,1,0.008569136602385912,0.05591942132945575,0.0030195053268233796
KR,overall,-0.9178051665364992,1,0.008771217037839235,0.05591942132945575,0.0030195053268233796
KR,overall,-0.9147856612096756,2,0.008976319754211167,0.05591942132945575,0.0030195053268233796
KR,overall,-0.9117661558828523,0,0.00918475077248467,0.05591942132945575,0.0030195053268233796
KR,overall,-0.9087466505560287,2,0.009396102705887852,0.05591942132945575,0.0030195053268233796
KR,overall,-0.9057271452292053,5,0.009610422599829213,0.05591942132945575,0.0030195053268233796
KR,overall,-0.9027076399023819,2,0.009828118247352732,0.05591942132945575,0.0030195053268233796
KR,overall,-0.8996881345755583,0,0.010049067464711813,0.05591942132945575,0.0030195053268233796
KR,overall,-0.8966686292487349,0,0.010273584490678625,0.05591942132945575,0.0030195053268233796
KR,overall,-0.8936491239219113,1,0.010501811205242073,0.05591942132945575,0.0030195053268233796
KR,overall,-0.8906296185950879,3,0.010734271807794958,0.05591942132945575,0.0030195053268233796
KR,overall,-0.8876101132682643,2,0.010970609151507535,0.05591942132945575,0.0030195053268233796
KR,overall,-0.884590607941441,0,0.011211682005167378,0.05591942132945575,0.0030195053268233796
KR,overall,-0.8815711026146176,2,0.011457415185245129,0.05591942132945575,0.0030195053268233796
KR,overall,-0.878551597287794,1,0.01170848847197929,0.05591942132945575,0.0030195053268233796
KR,overall,-0.8755320919609706,0,0.011965673057303668,0.05591942132945575,0.0030195053268233796
KR,overall,-0.872512586634147,3,0.012228581849974265,0.05591942132945575,0.0030195053268233796
KR,overall,-0.8694930813073236,0,0.012498221051700713,0.05591942132945575,0.0030195053268233796
KR,overall,-0.8664735759805,1,0.012775161783518117,0.05591942132945575,0.0030195053268233796
KR,overall,-0.8634540706536766,3,0.013059508046799706,0.05591942132945575,0.0030195053268233796
KR,overall,-0.8604345653268533,2,0.013351990513514156,0.05591942132945575,0.0030195053268233796
KR,overall,-0.8574150600000296,2,0.013652984261805372,0.05591942132945575,0.0030195053268233796
KR,overall,-0.8543955546732063,1,0.013963114073446232,0.05591942132945575,0.0030195053268233796
KR,overall,-0.8513760493463827,4,0.01428322883419454,0.05591942132945575,0.0030195053268233796
KR,overall,-0.8483565440195593,1,0.014613853719113083,0.05591942132945575,0.0030195053268233796
KR,overall,-0.8453370386927357,2,0.014955361087442968,0.05591942132945575,0.0030195053268233796
KR,overall,-0.8423175333659123,2,0.015308479851087176,0.05591942132945575,0.0030195053268233796
KR,overall,-0.8392980280390888,1,0.0156742627119899,0.05591942132945575,0.0030195053268233796
KR,overall,-0.8362785227122653,0,0.01605206353372886,0.05591942132945575,0.0030195053268233796
KR,overall,-0.833259017385442,2,0.01644337202548428,0.05591942132945575,0.0030195053268233796
KR,overall,-0.8302395120586183,1,0.01684850393758514,0.05591942132945575,0.0030195053268233796
KR,overall,-0.827220006731795,1,0.0172683568680939,0.05591942132945575,0.0030195053268233796
KR,overall,-0.8242005014049714,1,0.01770332082504412,0.05591942132945575,0.0030195053268233796
KR,overall,-0.821180996078148,1,0.018153331420571423,0.05591942132945575,0.0030195053268233796
KR,overall,-0.8181614907513245,4,0.01861932892301603,0.05591942132945575,0.0030195053268233796
KR,overall,-0.815141985424501,2,0.019101939195922187,0.05591942132945575,0.0030195053268233796
KR,overall,-0.8121224800976776,1,0.019601805924332298,0.05591942132945575,0.0030195053268233796
KR,overall,-0.809102974770854,5,0.0201192500059438,0.05591942132945575,0.0030195053268233796
KR,overall,-0.8060834694440306,0,0.020654901671764602,0.05591942132945575,0.0030195053268233796
KR,overall,-0.803063964117207,3,0.021209173666261884,0.05591942132945575,0.0030195053268233796
KR,overall,-0.8000444587903837,3,0.021783141193662606,0.05591942132945575,0.0030195053268233796
KR,overall,-0.7970249534635602,0,0.02237600391485549,0.05591942132945575,0.0030195053268233796
KR,overall,-0.7940054481367367,1,0.022988968883333984,0.05591942132945575,0.0030195053268233796
KR,overall,-0.7909859428099133,4,0.023622803733458972,0.05591942132945575,0.0030195053268233796
KR,overall,-0.7879664374830897,1,0.024277992007766584,0.05591942132945575,0.0030195053268233796
KR,overall,-0.7849469321562663,5,0.024954908958866442,0.05591942132945575,0.0030195053268233796
KR,overall,-0.7819274268294427,4,0.02565448680781217,0.05591942132945575,0.0030195053268233796
KR,overall,-0.7789079215026193,4,0.02637691920389102,0.05591942132945575,0.0030195053268233796
KR,overall,-0.7758884161757957,4,0.027123039408872566,0.05591942132945575,0.0030195053268233796
KR,overall,-0.7728689108489724,2,0.027893320186188002,0.05591942132945575,0.0030195053268233796
KR,overall,-0.769849405522149,2,0.028688251339899284,0.05591942132945575,0.0030195053268233796
KR,overall,-0.7668299001953254,2,0.02950896865142194,0.05591942132945575,0.0030195053268233796
KR,overall,-0.763810394868502,4,0.030355521251792025,0.05591942132945575,0.0030195053268233796
KR,overall,-0.7607908895416784,5,0.031229038341723983,0.05591942132945575,0.0030195053268233796
KR,overall,-0.757771384214855,3,0.03212984011603957,0.05591942132945575,0.0030195053268233796
KR,overall,-0.7547518788880314,4,0.033059091580641825,0.05591942132945575,0.0030195053268233796
KR,overall,-0.751732373561208,5,0.03401749407659796,0.05591942132945575,0.0030195053268233796
KR,overall,-0.7487128682343847,5,0.03500611762231029,0.05591942132945575,0.0030195053268233796
KR,overall,-0.745693362907561,4,0.03602437128607301,0.05591942132945575,0.0030195053268233796
KR,overall,-0.7426738575807377,2,0.03707379805769951,0.05591942132945575,0.0030195053268233796
KR,overall,-0.7396543522539141,6,0.0381553836880212,0.05591942132945575,0.0030195053268233796
KR,overall,-0.7366348469270907,4,0.039269139702403276,0.05591942132945575,0.0030195053268233796
KR,overall,-0.7336153416002671,2,0.0404158248423966,0.05591942132945575,0.0030195053268233796
KR,overall,-0.7305958362734437,7,0.04159636225390714,0.05591942132945575,0.0030195053268233796
KR,overall,-0.7275763309466203,2,0.04281160432729855,0.05591942132945575,0.0030195053268233796
KR,overall,-0.7245568256197967,5,0.04406193447993519,0.05591942132945575,0.0030195053268233796
KR,overall,-0.7215373202929733,6,0.045347525223788036,0.05591942132945575,0.0030195053268233796
KR,overall,-0.7185178149661497,5,0.046669397816753055,0.05591942132945575,0.0030195053268233796
KR,overall,-0.7154983096393264,5,0.04802713119972126,0.05591942132945575,0.0030195053268233796
KR,overall,-0.7124788043125028,7,0.04942236449505827,0.05591942132945575,0.0030195053268233796
KR,overall,-0.7094592989856794,3,0.05085549069828558,0.05591942132945575,0.0030195053268233796
KR,overall,-0.7064397936588559,5,0.05232571956081482,0.05591942132945575,0.0030195053268233796
KR,overall,-0.7034202883320324,3,0.053834857407089556,0.05591942132945575,0.0030195053268233796
KR,overall,-0.700400783005209,6,0.05538177452515488,0.05591942132945575,0.0030195053268233796
KR,overall,-0.6973812776783854,3,0.056967469563877667,0.05591942132945575,0.0030195053268233796
KR,overall,-0.694361772351562,5,0.05859292555933204,0.05591942132945575,0.0030195053268233796
KR,overall,-0.6913422670247384,6,0.06025701350897362,0.05591942132945575,0.0030195053268233796
KR,overall,-0.6883227616979151,12,0.061961093357429706,0.05591942132945575,0.0030195053268233796
KR,overall,-0.6853032563710916,9,0.06370461654953499,0.05591942132945575,0.0030195053268233796
KR,overall,-0.6822837510442681,7,0.06548772475910143,0.05591942132945575,0.0030195053268233796
KR,overall,-0.6792642457174447,9,0.067311002746842,0.05591942132945575,0.0030195053268233796
KR,overall,-0.6762447403906211,8,0.06917534920852607,0.05591942132945575,0.0030195053268233796
KR,overall,-0.6732252350637977,8,0.07107986520254175,0.05591942132945575,0.0030195053268233796
KR,overall,-0.6702057297369741,8,0.0730256974872083,0.05591942132945575,0.0030195053268233796
KR,overall,-0.6671862244101507,13,0.07501269884057188,0.05591942132945575,0.0030195053268233796
KR,overall,-0.6641667190833273,6,0.0770407182993045,0.05591942132945575,0.0030195053268233796
KR,overall,-0.6611472137565038,10,0.07910984029341964,0.05591942132945575,0.0030195053268233796
KR,overall,-0.6581277084296804,6,0.08122163976239165,0.05591942132945575,0.0030195053268233796
KR,overall,-0.6551082031028568,9,0.08337539376881681,0.05591942132945575,0.0030195053268233796
KR,overall,-0.6520886977760334,16,0.08557177975004175,0.05591942132945575,0.0030195053268233796
KR,overall,-0.6490691924492098,9,0.08781090121617958,0.05591942132945575,0.0030195053268233796
KR,overall,-0.6460496871223864,11,0.09009373655073583,0.05591942132945575,0.0030195053268233796
KR,overall,-0.6430301817955629,15,0.09241907810208135,0.05591942132945575,0.0030195053268233796
KR,overall,-0.6400106764687394,11,0.09478926513824636,0.05591942132945575,0.0030195053268233796
KR,overall,-0.6369911711419161,12,0.09720381460531147,0.05591942132945575,0.0030195053268233796
KR,overall,-0.6339716658150925,8,0.09966252504968537,0.05591942132945575,0.0030195053268233796
KR,overall,-0.6309521604882691,7,0.10216699729960663,0.05591942132945575,0.0030195053268233796
KR,overall,-0.6279326551614455,12,0.10471732519313179,0.05591942132945575,0.0030195053268233796
KR,overall,-0.6249131498346221,15,0.10731280477186725,0.05591942132945575,0.0030195053268233796
KR,overall,-0.6218936445077985,12,0.10995457695271192,0.05591942132945575,0.0030195053268233796
KR,overall,-0.6188741391809751,14,0.11264306517836727,0.05591942132945575,0.0030195053268233796
KR,overall,-0.6158546338541517,22,0.11537815352727568,0.05591942132945575,0.0030195053268233796
KR,overall,-0.6128351285273281,8,0.11815980753213261,0.05591942132945575,0.0030195053268233796
KR,overall,-0.6098156232005048,12,0.12098910137328608,0.05591942132945575,0.0030195053268233796
KR,overall,-0.6067961178736812,12,0.12386506050138665,0.05591942132945575,0.0030195053268233796
KR,overall,-0.6037766125468578,18,0.1267894658290571,0.05591942132945575,0.0030195053268233796
KR,overall,-0.6007571072200342,20,0.12976112910426943,0.05591942132945575,0.0030195053268233796
KR,overall,-0.5977376018932108,11,0.1327800928516215,0.05591942132945575,0.0030195053268233796
KR,overall,-0.5947180965663874,11,0.13584711443222594,0.05591942132945575,0.0030195053268233796
KR,overall,-0.5916985912395638,13,0.13896098460040698,0.05591942132945575,0.0030195053268233796
KR,overall,-0.5886790859127404,17,0.14212188493264738,0.05591942132945575,0.0030195053268233796
KR,overall,-0.5856595805859168,17,0.14533090821551709,0.05591942132945575,0.0030195053268233796
KR,overall,-0.5826400752590934,20,0.14858617905475752,0.05591942132945575,0.0030195053268233796
KR,overall,-0.5796205699322698,19,0.1518897874738611,0.05591942132945575,0.0030195053268233796
KR,overall,-0.5766010646054465,29,0.15524080115558617,0.05591942132945575,0.0030195053268233796
KR,overall,-0.5735815592786231,14,0.15863861143881774,0.05591942132945575,0.0030195053268233796
KR,overall,-0.5705620539517995,14,0.16208230503101367,0.05591942132945575,0.0030195053268233796
KR,overall,-0.5675425486249761,20,0.16557243210852304,0.05591942132945575,0.0030195053268233796
KR,overall,-0.5645230432981525,22,0.16910869410778895,0.05591942132945575,0.0030195053268233796
KR,overall,-0.5615035379713291,19,0.17269112147747442,0.05591942132945575,0.0030195053268233796
KR,overall,-0.5584840326445055,25,0.17631999097205572,0.05591942132945575,0.0030195053268233796
KR,overall,-0.5554645273176821,23,0.1799947925755135,0.05591942132945575,0.0030195053268233796
KR,overall,-0.5524450219908587,27,0.18371483596556698,0.05591942132945575,0.0030195053268233796
KR,overall,-0.5494255166640352,24,0.18748106955693974,0.05591942132945575,0.0030195053268233796
KR,overall,-0.5464060113372118,21,0.1912927252508897,0.05591942132945575,0.0030195053268233796
KR,overall,-0.5433865060103882,27,0.19515022908345037,0.05591942132945575,0.0030195053268233796
KR,overall,-0.5403670006835648,21,0.19905324473715375,0.05591942132945575,0.0030195053268233796
KR,overall,-0.5373474953567412,24,0.2030016938254918,0.05591942132945575,0.0030195053268233796
KR,overall,-0.5343279900299178,20,0.206995910883251,0.05591942132945575,0.0030195053268233796
KR,overall,-0.5313084847030943,25,0.21103667592667733,0.05591942132945575,0.0030195053268233796
KR,overall,-0.5282889793762708,29,0.21512322206921738,0.05591942132945575,0.0030195053268233796
KR,overall,-0.5252694740494475,40,0.21925601588096308,0.05591942132945575,0.0030195053268233796
KR,overall,-0.5222499687226239,24,0.22343554470016297,0.05591942132945575,0.0030195053268233796
KR,overall,-0.5192304633958005,25,0.22766102784909964,0.05591942132945575,0.0030195053268233796
KR,overall,-0.5162109580689769,32,0.23193375872782182,0.05591942132945575,0.0030195053268233796
KR,overall,-0.5131914527421535,26,0.23625368076098574,0.05591942132945575,0.0030195053268233796
KR,overall,-0.51017194741533,23,0.24062135962077888,0.05591942132945575,0.0030195053268233796
KR,overall,-0.5071524420885065,25,0.24503655250240264,0.05591942132945575,0.0030195053268233796
KR,overall,-0.5041329367616831,32,0.24949880661276339,0.05591942132945575,0.0030195053268233796
KR,overall,-0.5011134314348595,35,0.2540104048445494,0.05591942132945575,0.0030195053268233796
KR,overall,-0.4980939261080361,29,0.25856973752005813,0.05591942132945575,0.0030195053268233796
KR,overall,-0.4950744207812126,34,0.2631766576630048,0.05591942132945575,0.0030195053268233796
KR,overall,-0.4920549154543891,24,0.2678325941087828,0.05591942132945575,0.0030195053268233796
KR,overall,-0.48903541012756563,35,0.2725365723669504,0.05591942132945575,0.0030195053268233796
KR,overall,-0.4860159048007422,42,0.2772888006938985,0.05591942132945575,0.0030195053268233796
KR,overall,-0.48299639947391876,30,0.28209018081455445,0.05591942132945575,0.0030195053268233796
KR,overall,-0.47997689414709527,44,0.2869408556156503,0.05591942132945575,0.0030195053268233796
KR,overall,-0.4769573888202718,31,0.2918385487262801,0.05591942132945575,0.0030195053268233796
KR,overall,-0.4739378834934483,33,0.2967838907010356,0.05591942132945575,0.0030195053268233796
KR,overall,-0.4709183781666248,48,0.30177699694451854,0.05591942132945575,0.0030195053268233796
KR,overall,-0.4678988728398013,35,0.30681770799510527,0.05591942132945575,0.0030195053268233796
KR,overall,-0.46487936751297787,45,0.311904034126258,0.05591942132945575,0.0030195053268233796
KR,overall,-0.46185986218615444,37,0.3170363627055188,0.05591942132945575,0.0030195053268233796
KR,overall,-0.45884035685933094,33,0.32221407280399944,0.05591942132945575,0.0030195053268233796
KR,overall,-0.45582085153250745,37,0.32743638093793465,0.05591942132945575,0.0030195053268233796
KR,overall,-0.45280134620568396,47,0.3327022020214413,0.05591942132945575,0.0030195053268233796
KR,overall,-0.4497818408788605,37,0.3380107383278793,0.05591942132945575,0.0030195053268233796
KR,overall,-0.44676233555203704,47,0.3433592202368442,0.05591942132945575,0.0030195053268233796
KR,overall,-0.44374283022521355,49,0.3487487574608805,0.05591942132945575,0.0030195053268233796
KR,overall,-0.44072332489839006,44,0.3541776347740173,0.05591942132945575,0.0030195053268233796
KR,overall,-0.43770381957156657,34,0.35964346200822184,0.05591942132945575,0.0030195053268233796
KR,overall,-0.4346843142447431,48,0.3651474129463202,0.05591942132945575,0.0030195053268233796
KR,overall,-0.4316648089179197,45,0.37068692261444147,0.05591942132945575,0.0030195053268233796
KR,overall,-0.4286453035910962,46,0.3762603723733115,0.05591942132945575,0.0030195053268233796
KR,overall,-0.4256257982642727,43,0.38186457946990043,0.05591942132945575,0.0030195053268233796
KR,overall,-0.4226062929374492,55,0.38750147839358107,0.05591942132945575,0.0030195053268233796
KR,overall,-0.41958678761062573,32,0.3931680313767341,0.05591942132945575,0.0030195053268233796
KR,overall,-0.41656728228380224,52,0.39886357186381516,0.05591942132945575,0.0030195053268233796
KR,overall,-0.41354777695697875,54,0.4045869167505045,0.05591942132945575,0.0030195053268233796
KR,overall,-0.4105282716301554,43,0.4103362318480235,0.05591942132945575,0.0030195053268233796
KR,overall,-0.4075087663033319,57,0.4161112867510299,0.05591942132945575,0.0030195053268233796
KR,overall,-0.4044892609765084,63,0.4219114885303591,0.05591942132945575,0.0030195053268233796
KR,overall,-0.4014697556496849,53,0.4277353828144866,0.05591942132945575,0.0030195053268233796
KR,overall,-0.3984502503228614,54,0.4335820277176785,0.05591942132945575,0.0030195053268233796
KR,overall,-0.3954307449960379,61,0.43945257360935275,0.05591942132945575,0.0030195053268233796
KR,overall,-0.39241123966921443,59,0.4453461419750291,0.05591942132945575,0.0030195053268233796
KR,overall,-0.38939173434239094,52,0.45126053899242147,0.05591942132945575,0.0030195053268233796
KR,overall,-0.38637222901556745,62,0.45719893425501396,0.05591942132945575,0.0030195053268233796
KR,overall,-0.38335272368874407,53,0.4631586544625942,0.05591942132945575,0.0030195053268233796
KR,overall,-0.3803332183619206,72,0.46914054704664887,0.05591942132945575,0.0030195053268233796
KR,overall,-0.3773137130350971,66,0.4751449825916298,0.05591942132945575,0.0030195053268233796
KR,overall,-0.3742942077082736,61,0.4811721001426166,0.05591942132945575,0.0030195053268233796
KR,overall,-0.3712747023814501,70,0.48722273383601145,0.05591942132945575,0.0030195053268233796
KR,overall,-0.3682551970546266,59,0.49329756711381134,0.05591942132945575,0.0030195053268233796
KR,overall,-0.3652356917278031,50,0.49939645538460387,0.05591942132945575,0.0030195053268233796
KR,overall,-0.36221618640097974,65,0.5055177994329149,0.05591942132945575,0.0030195053268233796
KR,overall,-0.35919668107415625,51,0.5116666765408985,0.05591942132945575,0.0030195053268233796
KR,overall,-0.35617717574733276,71,0.5178395827620103,0.05591942132945575,0.0030195053268233796
KR,overall,-0.3531576704205093,81,0.5240381185983741,0.05591942132945575,0.0030195053268233796
KR,overall,-0.3501381650936858,78,0.530261274703273,0.05591942132945575,0.0030195053268233796
KR,overall,-0.3471186597668623,60,0.5365097712564998,0.05591942132945575,0.0030195053268233796
KR,overall,-0.3440991544400388,62,0.5427821667493279,0.05591942132945575,0.0030195053268233796
KR,overall,-0.3410796491132154,63,0.5490785575502332,0.05591942132945575,0.0030195053268233796
KR,overall,-0.33806014378639193,62,0.5553975274171222,0.05591942132945575,0.0030195053268233796
KR,overall,-0.33504063845956844,75,0.5617385397415423,0.05591942132945575,0.0030195053268233796
KR,overall,-0.33202113313274495,74,0.5680991271418088,0.05591942132945575,0.0030195053268233796
KR,overall,-0.32900162780592146,64,0.5744782098484672,0.05591942132945575,0.0030195053268233796
KR,overall,-0.32598212247909797,74,0.5808735653524062,0.05591942132945575,0.0030195053268233796
KR,overall,-0.3229626171522745,68,0.5872820482007186,0.05591942132945575,0.0030195053268233796
KR,overall,-0.3199431118254511,73,0.5937022797567336,0.05591942132945575,0.0030195053268233796
KR,overall,-0.3169236064986276,71,0.6001304842247256,0.05591942132945575,0.0030195053268233796
KR,overall,-0.3139041011718041,69,0.6065642973043588,0.05591942132945575,0.0030195053268233796
KR,overall,-0.3108845958449806,71,0.6129985051901656,0.05591942132945575,0.0030195053268233796
KR,overall,-0.30786509051815714,82,0.6194303017081081,0.05591942132945575,0.0030195053268233796
KR,overall,-0.30484558519133365,78,0.6258572228343978,0.05591942132945575,0.0030195053268233796
KR,overall,-0.30182607986451016,80,0.6322733098127837,0.05591942132945575,0.0030195053268233796
KR,overall,-0.2988065745376868,86,0.6386743269327371,0.05591942132945575,0.0030195053268233796
KR,overall,-0.2957870692108633,73,0.645057189385471,0.05591942132945575,0.0030195053268233796
KR,overall,-0.2927675638840398,81,0.6514171005280989,0.05591942132945575,0.0030195053268233796
KR,overall,-0.2897480585572163,88,0.65774949307709,0.05591942132945575,0.0030195053268233796
KR,overall,-0.2867285532303928,94,0.6640492062806194,0.05591942132945575,0.0030195053268233796
KR,overall,-0.2837090479035693,91,0.6703139539308041,0.05591942132945575,0.0030195053268233796
KR,overall,-0.28068954257674583,83,0.676539177295268,0.05591942132945575,0.0030195053268233796
KR,overall,-0.27767003724992245,104,0.6827203439957393,0.05591942132945575,0.0030195053268233796
KR,overall,-0.27465053192309896,97,0.6888535252387205,0.05591942132945575,0.0030195053268233796
KR,overall,-0.27163102659627547,84,0.6949343886528249,0.05591942132945575,0.0030195053268233796
KR,overall,-0.268611521269452,95,0.7009600801072357,0.05591942132945575,0.0030195053268233796
KR,overall,-0.2655920159426285,87,0.7069273307401075,0.05591942132945575,0.0030195053268233796
KR,overall,-0.262572510615805,86,0.7128343503238175,0.05591942132945575,0.0030195053268233796
KR,overall,-0.2595530052889815,97,0.7186753899537643,0.05591942132945575,0.0030195053268233796
KR,overall,-0.25653349996215813,116,0.7244503152204368,0.05591942132945575,0.0030195053268233796
KR,overall,-0.25351399463533464,91,0.7301571445988023,0.05591942132945575,0.0030195053268233796
KR,overall,-0.25049448930851115,91,0.7357916006758882,0.05591942132945575,0.0030195053268233796
KR,overall,-0.24747498398168766,94,0.7413543110907528,0.05591942132945575,0.0030195053268233796
KR,overall,-0.24445547865486417,106,0.7468404065960328,0.05591942132945575,0.0030195053268233796
KR,overall,-0.24143597332804068,89,0.7522543219664513,0.05591942132945575,0.0030195053268233796
KR,overall,-0.23841646800121719,97,0.7575907943726253,0.05591942132945575,0.0030195053268233796
KR,overall,-0.2353969626743937,97,0.7628506599580743,0.05591942132945575,0.0030195053268233796
KR,overall,-0.2323774573475702,99,0.768033573108628,0.05591942132945575,0.0030195053268233796
KR,overall,-0.22935795202074682,101,0.7731371115473891,0.05591942132945575,0.0030195053268233796
KR,overall,-0.22633844669392333,103,0.7781632782356525,0.05591942132945575,0.0030195053268233796
KR,overall,-0.22331894136709984,76,0.7831121503567318,0.05591942132945575,0.0030195053268233796
KR,overall,-0.22029943604027635,94,0.7879819585957779,0.05591942132945575,0.0030195053268233796
KR,overall,-0.21727993071345286,104,0.7927740610722246,0.05591942132945575,0.0030195053268233796
KR,overall,-0.21426042538662937,82,0.7974892041363479,0.05591942132945575,0.0030195053268233796
KR,overall,-0.21124092005980588,118,0.8021295453091275,0.05591942132945575,0.0030195053268233796
KR,overall,-0.2082214147329825,118,0.8066940510145059,0.05591942132945575,0.0030195053268233796
KR,overall,-0.205201909406159,119,0.8111845151627334,0.05591942132945575,0.0030195053268233796
KR,overall,-0.20218240407933552,90,0.815601445110625,0.05591942132945575,0.0030195053268233796
KR,overall,-0.19916289875251203,111,0.8199452876097282,0.05591942132945575,0.0030195053268233796
KR,overall,-0.19614339342568854,106,0.8242184759797936,0.05591942132945575,0.0030195053268233796
KR,overall,-0.19312388809886505,113,0.8284242236092259,0.05591942132945575,0.0030195053268233796
KR,overall,-0.19010438277204156,111,0.832560954609044,0.05591942132945575,0.0030195053268233796
KR,overall,-0.18708487744521818,101,0.8366322402897982,0.05591942132945575,0.0030195053268233796
KR,overall,-0.1840653721183947,102,0.8406392626115586,0.05591942132945575,0.0030195053268233796
KR,overall,-0.1810458667915712,111,0.8445840138766888,0.05591942132945575,0.0030195053268233796
KR,overall,-0.1780263614647477,111,0.8484688464753171,0.05591942132945575,0.0030195053268233796
KR,overall,-0.17500685613792422,103,0.8522967767731547,0.05591942132945575,0.0030195053268233796
KR,overall,-0.17198735081110073,120,0.8560678290672549,0.05591942132945575,0.0030195053268233796
KR,overall,-0.16896784548427723,129,0.8597870583146925,0.05591942132945575,0.0030195053268233796
KR,overall,-0.16594834015745386,106,0.8634556653368739,0.05591942132945575,0.0030195053268233796
KR,overall,-0.16292883483063036,125,0.867076350245282,0.05591942132945575,0.0030195053268233796
KR,overall,-0.15990932950380687,110,0.8706515377288054,0.05591942132945575,0.0030195053268233796
KR,overall,-0.15688982417698338,106,0.8741836711599312,0.05591942132945575,0.0030195053268233796
KR,overall,-0.1538703188501599,110,0.8776760751432399,0.05591942132945575,0.0030195053268233796
KR,overall,-0.1508508135233364,106,0.881129579375803,0.05591942132945575,0.0030195053268233796
KR,overall,-0.1478313081965129,102,0.8845483726739956,0.05591942132945575,0.0030195053268233796
KR,overall,-0.14481180286968953,113,0.8879344038553285,0.05591942132945575,0.0030195053268233796
KR,overall,-0.14179229754286604,114,0.8912896840992721,0.05591942132945575,0.0030195053268233796
KR,overall,-0.13877279221604255,82,0.8946171661408254,0.05591942132945575,0.0030195053268233796
KR,overall,-0.13575328688921906,136,0.8979166452480137,0.05591942132945575,0.0030195053268233796
KR,overall,-0.13273378156239557,117,0.9011911289631205,0.05591942132945575,0.0030195053268233796
KR,overall,-0.12971427623557208,124,0.9044422564395221,0.05591942132945575,0.0030195053268233796
KR,overall,-0.1266947709087486,122,0.9076726909678026,0.05591942132945575,0.0030195053268233796
KR,overall,-0.12367526558192521,115,0.9108817596562686,0.05591942132945575,0.0030195053268233796
KR,overall,-0.12065576025510172,107,0.9140722913258947,0.05591942132945575,0.0030195053268233796
KR,overall,-0.11763625492827823,119,0.917242964828657,0.05591942132945575,0.0030195053268233796
KR,overall,-0.11461674960145474,116,0.9203943971279062,0.05591942132945575,0.0030195053268233796
KR,overall,-0.11159724427463125,121,0.9235285653495593,0.05591942132945575,0.0030195053268233796
KR,overall,-0.10857773894780776,116,0.9266423064944556,0.05591942132945575,0.0030195053268233796
KR,overall,-0.10555823362098427,117,0.9297373473827734,0.05591942132945575,0.0030195053268233796
KR,overall,-0.10253872829416077,121,0.9328119745671855,0.05591942132945575,0.0030195053268233796
KR,overall,-0.09951922296733728,105,0.9358643143439108,0.05591942132945575,0.0030195053268233796
KR,overall,-0.0964997176405139,116,0.9388941788293267,0.05591942132945575,0.0030195053268233796
KR,overall,-0.09348021231369041,119,0.9419000210620155,0.05591942132945575,0.0030195053268233796
KR,overall,-0.09046070698686692,126,0.944879088150089,0.05591942132945575,0.0030195053268233796
KR,overall,-0.08744120166004343,110,0.9478308990565025,0.05591942132945575,0.0030195053268233796
KR,overall,-0.08442169633321994,107,0.9507516892982985,0.05591942132945575,0.0030195053268233796
KR,overall,-0.08140219100639645,138,0.9536409074501988,0.05591942132945575,0.0030195053268233796
KR,overall,-0.07838268567957296,128,0.9564944490411329,0.05591942132945575,0.0030195053268233796
KR,overall,-0.07536318035274958,124,0.9593107965601827,0.05591942132945575,0.0030195053268233796
KR,overall,-0.07234367502592609,118,0.9620849204623478,0.05591942132945575,0.0030195053268233796
KR,overall,-0.0693241696991026,122,0.9648192251236547,0.05591942132945575,0.0030195053268233796
KR,overall,-0.06630466437227911,126,0.9675064768314833,0.05591942132945575,0.0030195053268233796
KR,overall,-0.06328515904545562,103,0.9701456083597897,0.05591942132945575,0.0030195053268233796
KR,overall,-0.06026565371863213,123,0.972733776346149,0.05591942132945575,0.0030195053268233796
KR,overall,-0.05724614839180864,137,0.9752687586314676,0.05591942132945575,0.0030195053268233796
KR,overall,-0.05422664306498526,143,0.9777496666280698,0.05591942132945575,0.0030195053268233796
KR,overall,-0.05120713773816177,142,0.9801717490300235,0.05591942132945575,0.0030195053268233796
KR,overall,-0.04818763241133828,122,0.9825349206658669,0.05591942132945575,0.0030195053268233796
KR,overall,-0.045168127084514786,127,0.9848374605926631,0.05591942132945575,0.0030195053268233796
KR,overall,-0.042148621757691296,118,0.9870765447532659,0.05591942132945575,0.0030195053268233796
KR,overall,-0.039129116430867805,151,0.9892509365471069,0.05591942132945575,0.0030195053268233796
KR,overall,-0.036109611104044315,120,0.9913585773026256,0.05591942132945575,0.0030195053268233796
KR,overall,-0.033090105777220935,120,0.9933987537629151,0.05591942132945575,0.0030195053268233796
KR,overall,-0.030070600450397444,148,0.9953675325667348,0.05591942132945575,0.0030195053268233796
KR,overall,-0.027051095123573954,106,0.9972673366992219,0.05591942132945575,0.0030195053268233796
KR,overall,-0.024031589796750463,128,0.9990962578145105,0.05591942132945575,0.0030195053268233796
KR,overall,-0.021012084469926973,97,1.0008539664080762,0.05591942132945575,0.0030195053268233796
KR,overall,-0.017992579143103482,146,1.0025373329710396,0.05591942132945575,0.0030195053268233796
KR,overall,-0.014973073816279991,132,1.0041473854853067,0.05591942132945575,0.0030195053268233796
KR,overall,-0.011953568489456612,132,1.005682862215087,0.05591942132945575,0.0030195053268233796
KR,overall,-0.008934063162633121,140,1.0071429446407447,0.05591942132945575,0.0030195053268233796
KR,overall,-0.005914557835809631,117,1.0085255337284817,0.05591942132945575,0.0030195053268233796
KR,overall,-0.00289505250898614,140,1.009832541427679,0.05591942132945575,0.0030195053268233796
KR,overall,0.00012445281783735052,141,1.011060331171993,0.05591942132945575,0.0030195053268233796
KR,overall,0.003143958144660841,125,1.012211844570476,0.05591942132945575,0.0030195053268233796
KR,overall,0.006163463471484332,121,1.013281439544744,0.05591942132945575,0.0030195053268233796
KR,overall,0.009182968798307711,116,1.0142688463805347,0.05591942132945575,0.0030195053268233796
KR,overall,0.012202474125131202,135,1.0151730992385937,0.05591942132945575,0.0030195053268233796
KR,overall,0.015221979451954692,139,1.0159909830498275,0.05591942132945575,0.0030195053268233796
KR,overall,0.018241484778778183,140,1.0167238922983426,0.05591942132945575,0.0030195053268233796
KR,overall,0.021260990105601674,134,1.0173683785425998,0.05591942132945575,0.0030195053268233796
KR,overall,0.024280495432425164,112,1.0179243959501025,0.05591942132945575,0.0030195053268233796
KR,overall,0.027300000759248655,126,1.0183864080555651,0.05591942132945575,0.0030195053268233796
KR,overall,0.030319506086072145,137,1.0187556577403494,0.05591942132945575,0.0030195053268233796
KR,overall,0.033339011412895636,129,1.0190271021102661,0.05591942132945575,0.0030195053268233796
KR,overall,0.036358516739719016,136,1.0191995280975743,0.05591942132945575,0.0030195053268233796
KR,overall,0.039378022066542506,119,1.0192722870698194,0.05591942132945575,0.0030195053268233796
KR,overall,0.042397527393366,128,1.0192412656675054,0.05591942132945575,0.0030195053268233796
KR,overall,0.04541703272018949,131,1.0191036966072147,0.05591942132945575,0.0030195053268233796
KR,overall,0.04843653804701298,134,1.0188581799724177,0.05591942132945575,0.0030195053268233796
KR,overall,0.05145604337383647,108,1.0185028841442965,0.05591942132945575,0.0030195053268233796
KR,overall,0.05447554870065996,139,1.0180355264333885,0.05591942132945575,0.0030195053268233796
KR,overall,0.05749505402748334,134,1.01745414737171,0.05591942132945575,0.0030195053268233796
KR,overall,0.06051455935430683,130,1.0167589318458337,0.05591942132945575,0.0030195053268233796
KR,overall,0.06353406468113032,140,1.0159460076490194,0.05591942132945575,0.0030195053268233796
KR,overall,0.06655357000795381,129,1.015017046324046,0.05591942132945575,0.0030195053268233796
KR,overall,0.0695730753347773,158,1.0139709711707852,0.05591942132945575,0.0030195053268233796
KR,overall,0.07259258066160079,128,1.0128059105546428,0.05591942132945575,0.0030195053268233796
KR,overall,0.07561208598842428,136,1.01152233202138,0.05591942132945575,0.0030195053268233796
KR,overall,0.07863159131524766,147,1.010122346869448,0.05591942132945575,0.0030195053268233796
KR,overall,0.08165109664207115,133,1.008603986827776,0.05591942132945575,0.0030195053268233796
KR,overall,0.08467060196889464,139,1.0069691440375272,0.05591942132945575,0.0030195053268233796
KR,overall,0.08769010729571813,126,1.0052211991030995,0.05591942132945575,0.0030195053268233796
KR,overall,0.09070961262254162,110,1.0033575462462012,0.05591942132945575,0.0030195053268233796
KR,overall,0.09372911794936511,128,1.001383815502853,0.05591942132945575,0.0030195053268233796
KR,overall,0.0967486232761886,153,0.9993013313918709,0.05591942132945575,0.0030195053268233796
KR,overall,0.09976812860301199,129,0.9971120934544326,0.05591942132945575,0.0030195053268233796
KR,overall,0.10278763392983548,132,0.9948194374679844,0.05591942132945575,0.0030195053268233796
KR,overall,0.10580713925665897,120,0.9924275804606519,0.05591942132945575,0.0030195053268233796
KR,overall,0.10882664458348246,114,0.9899379810192044,0.05591942132945575,0.0030195053268233796
KR,overall,0.11184614991030595,141,0.9873553433413195,0.05591942132945575,0.0030195053268233796
KR,overall,0.11486565523712944,123,0.9846826792441646,0.05591942132945575,0.0030195053268233796
KR,overall,0.11788516056395293,134,0.9819238095190442,0.05591942132945575,0.0030195053268233796
KR,overall,0.12090466589077631,120,0.9790833132230744,0.05591942132945575,0.0030195053268233796
KR,overall,0.1239241712175998,113,0.9761641525075575,0.05591942132945575,0.0030195053268233796
KR,overall,0.1269436765444233,113,0.9731703479222978,0.05591942132945575,0.0030195053268233796
KR,overall,0.12996318187124678,124,0.9701054319356504,0.05591942132945575,0.0030195053268233796
KR,overall,0.13298268719807027,110,0.9669734694691255,0.05591942132945575,0.0030195053268233796
KR,overall,0.13600219252489376,126,0.9637779425251725,0.05591942132945575,0.0030195053268233796
KR,overall,0.13902169785171725,115,0.9605240587941222,0.05591942132945575,0.0030195053268233796
KR,overall,0.14204120317854063,144,0.9572147959428096,0.05591942132945575,0.0030195053268233796
KR,overall,0.14506070850536412,124,0.9538521341580272,0.05591942132945575,0.0030195053268233796
KR,overall,0.1480802138321876,131,0.9504422494236485,0.05591942132945575,0.0030195053268233796
KR,overall,0.1510997191590111,97,0.9469869203146472,0.05591942132945575,0.0030195053268233796
KR,overall,0.1541192244858346,141,0.9434903721482586,0.05591942132945575,0.0030195053268233796
KR,overall,0.15713872981265808,115,0.9399559755230228,0.05591942132945575,0.0030195053268233796
KR,overall,0.16015823513948158,118,0.9363871013838553,0.05591942132945575,0.0030195053268233796
KR,overall,0.16317774046630495,113,0.9327885522579058,0.05591942132945575,0.0030195053268233796
KR,overall,0.16619724579312845,105,0.9291606347279623,0.05591942132945575,0.0030195053268233796
KR,overall,0.16921675111995194,121,0.9255075588007006,0.05591942132945575,0.0030195053268233796
KR,overall,0.17223625644677543,115,0.9218326345154424,0.05591942132945575,0.0030195053268233796
KR,overall,0.17525576177359892,119,0.9181397788775002,0.05591942132945575,0.0030195053268233796
KR,overall,0.1782752671004224,123,0.9144339312458982,0.05591942132945575,0.0030195053268233796
KR,overall,0.1812947724272459,130,0.910715286456084,0.05591942132945575,0.0030195053268233796
KR,overall,0.1843142777540694,125,0.9069881529689594,0.05591942132945575,0.0030195053268233796
KR,overall,0.18733378308089288,118,0.9032531821893001,0.05591942132945575,0.0030195053268233796
KR,overall,0.19035328840771626,133,0.8995184310194902,0.05591942132945575,0.0030195053268233796
KR,overall,0.19337279373453975,102,0.8957850213657647,0.05591942132945575,0.0030195053268233796
KR,overall,0.19639229906136324,100,0.8920545121489437,0.05591942132945575,0.0030195053268233796
KR,overall,0.19941180438818673,108,0.8883329890261188,0.05591942132945575,0.0030195053268233796
KR,overall,0.20243130971501022,127,0.8846195093793922,0.05591942132945575,0.0030195053268233796
KR,overall,0.2054508150418337,109,0.8809208341079191,0.05591942132945575,0.0030195053268233796
KR,overall,0.2084703203686572,101,0.8772344276010899,0.05591942132945575,0.0030195053268233796
KR,overall,0.21148982569548058,110,0.8735672020364545,0.05591942132945575,0.0030195053268233796
KR,overall,0.21450933102230407,109,0.8699206910885504,0.05591942132945575,0.0030195053268233796
KR,overall,0.21752883634912756,88,0.8662957945758262,0.05591942132945575,0.0030195053268233796
KR,overall,0.22054834167595105,120,0.8626954494594414,0.05591942132945575,0.0030195053268233796
KR,overall,0.22356784700277454,99,0.8591198443213798,0.05591942132945575,0.0030195053268233796
KR,overall,0.22658735232959804,128,0.8555710754879227,0.05591942132945575,0.0030195053268233796
KR,overall,0.22960685765642153,114,0.852051384088862,0.05591942132945575,0.0030195053268233796
KR,overall,0.2326263629832449,110,0.8485607145040679,0.05591942132945575,0.0030195053268233796
KR,overall,0.2356458683100684,87,0.8450987858538809,0.05591942132945575,0.0030195053268233796
KR,overall,0.2386653736368919,91,0.8416642302111346,0.05591942132945575,0.0030195053268233796
KR,overall,0.24168487896371538,113,0.8382585472851853,0.05591942132945575,0.0030195053268233796
KR,overall,0.24470438429053887,104,0.8348820418478359,0.05591942132945575,0.0030195053268233796
KR,overall,0.24772388961736236,106,0.831531791307295,0.05591942132945575,0.0030195053268233796
KR,overall,0.25074339494418585,93,0.8282077349887158,0.05591942132945575,0.0030195053268233796
KR,overall,0.25376290027100923,117,0.8249076793554274,0.05591942132945575,0.0030195053268233796
KR,overall,0.2567824055978327,98,0.8216272584485588,0.05591942132945575,0.0030195053268233796
KR,overall,0.2598019109246562,93,0.8183677366111979,0.05591942132945575,0.0030195053268233796
KR,overall,0.2628214162514797,112,0.815125495156707,0.05591942132945575,0.0030195053268233796
KR,overall,0.2658409215783032,106,0.8118988911913341,0.05591942132945575,0.0030195053268233796
KR,overall,0.2688604269051267,98,0.8086824133797088,0.05591942132945575,0.0030195053268233796
KR,overall,0.27187993223195017,96,0.8054740795942936,0.05591942132945575,0.0030195053268233796
KR,overall,0.27489943755877355,92,0.8022714979928702,0.05591942132945575,0.0030195053268233796
KR,overall,0.27791894288559704,104,0.799073845145554,0.05591942132945575,0.0030195053268233796
KR,overall,0.28093844821242053,100,0.7958739614593346,0.05591942132945575,0.0030195053268233796
KR,overall,0.283957953539244,99,0.7926706795022933,0.05591942132945575,0.0030195053268233796
KR,overall,0.2869774588660675,91,0.7894622622846443,0.05591942132945575,0.0030195053268233796
KR,overall,0.289996964192891,100,0.7862440349686539,0.05591942132945575,0.0030195053268233796
KR,overall,0.2930164695197145,112,0.7830142318668979,0.05591942132945575,0.0030195053268233796
KR,overall,0.2960359748465379,102,0.7797692085265198,0.05591942132945575,0.0030195053268233796
KR,overall,0.29905548017336137,95,0.7765098560100258,0.05591942132945575,0.0030195053268233796
KR,overall,0.30207498550018486,121,0.7732319671014365,0.05591942132945575,0.0030195053268233796
KR,overall,0.30509449082700835,108,0.7699328406493077,0.05591942132945575,0.0030195053268233796
KR,overall,0.30811399615383184,102,0.7666131038878865,0.05591942132945575,0.0030195053268233796
KR,overall,0.31113350148065533,105,0.763270173717974,0.05591942132945575,0.0030195053268233796
KR,overall,0.3141530068074788,107,0.759902596296815,0.05591942132945575,0.0030195053268233796
KR,overall,0.3171725121343023,102,0.7565120180554401,0.05591942132945575,0.0030195053268233796
KR,overall,0.3201920174611258,105,0.7530948293112254,0.05591942132945575,0.0030195053268233796
KR,overall,0.3232115227879492,88,0.7496497837219082,0.05591942132945575,0.0030195053268233796
KR,overall,0.32623102811477267,79,0.7461814165459301,0.05591942132945575,0.0030195053268233796
KR,overall,0.32925053344159616,92,0.7426860568955529,0.05591942132945575,0.0030195053268233796
KR,overall,0.33227003876841965,88,0.7391653401935536,0.05591942132945575,0.0030195053268233796
KR,overall,0.33528954409524314,92,0.73561973700723,0.05591942132945575,0.0030195053268233796
KR,overall,0.33830904942206663,92,0.7320474980727826,0.05591942132945575,0.0030195053268233796
KR,overall,0.3413285547488901,85,0.7284523827650766,0.05591942132945575,0.0030195053268233796
KR,overall,0.3443480600757135,99,0.724832706028631,0.05591942132945575,0.0030195053268233796
KR,overall,0.347367565402537,97,0.7211908587172501,0.05591942132945575,0.0030195053268233796
KR,overall,0.3503870707293605,81,0.7175262927398006,0.05591942132945575,0.0030195053268233796
KR,overall,0.353406576056184,87,0.713839189852203,0.05591942132945575,0.0030195053268233796
KR,overall,0.35642608138300746,87,0.7101309789355795,0.05591942132945575,0.0030195053268233796
KR,overall,0.35944558670983096,84,0.7064024278678118,0.05591942132945575,0.0030195053268233796
KR,overall,0.36246509203665445,87,0.7026529804026527,0.05591942132945575,0.0030195053268233796
KR,overall,0.3654845973634778,90,0.6988844066501013,0.05591942132945575,0.0030195053268233796
KR,overall,0.3685041026903013,91,0.6950966121717014,0.05591942132945575,0.0030195053268233796
KR,overall,0.3715236080171248,98,0.6912903423260117,0.05591942132945575,0.0030195053268233796
KR,overall,0.3745431133439483,80,0.6874667581919269,0.05591942132945575,0.0030195053268233796
KR,overall,0.3775626186707718,78,0.6836268235229782,0.05591942132945575,0.0030195053268233796
KR,overall,0.3805821239975953,85,0.679768046842154,0.05591942132945575,0.0030195053268233796
KR,overall,0.38360162932441877,90,0.675894543482398,0.05591942132945575,0.0030195053268233796
KR,overall,0.38662113465124215,97,0.6720045107984894,0.05591942132945575,0.0030195053268233796
KR,overall,0.38964063997806564,89,0.6681007357995372,0.05591942132945575,0.0030195053268233796
KR,overall,0.39266014530488913,90,0.6641820133768399,0.05591942132945575,0.0030195053268233796
KR,overall,0.3956796506317126,83,0.6602492912318174,0.05591942132945575,0.0030195053268233796
KR,overall,0.3986991559585361,83,0.6563041215929203,0.05591942132945575,0.0030195053268233796
KR,overall,0.4017186612853596,98,0.6523473598186945,0.05591942132945575,0.0030195053268233796
KR,overall,0.4047381666121831,81,0.6483808222610781,0.05591942132945575,0.0030195053268233796
KR,overall,0.40775767193900647,74,0.6444059984821227,0.05591942132945575,0.0030195053268233796
KR,overall,0.41077717726582996,60,0.6404232211049614,0.05591942132945575,0.0030195053268233796
KR,overall,0.41379668259265345,77,0.6364360138491474,0.05591942132945575,0.0030195053268233796
KR,overall,0.41681618791947694,87,0.6324453960895159,0.05591942132945575,0.0030195053268233796
KR,overall,0.41983569324630043,91,0.6284550571200201,0.05591942132945575,0.0030195053268233796
KR,overall,0.4228551985731239,86,0.624464841818321,0.05591942132945575,0.0030195053268233796
KR,overall,0.4258747038999474,74,0.6204781462896223,0.05591942132945575,0.0030195053268233796
KR,overall,0.4288942092267708,86,0.6164967402388737,0.05591942132945575,0.0030195053268233796
KR,overall,0.4319137145535943,75,0.612524210447337,0.05591942132945575,0.0030195053268233796
KR,overall,0.4349332198804178,83,0.608562931052151,0.05591942132945575,0.0030195053268233796
KR,overall,0.43795272520724127,90,0.6046164228205028,0.05591942132945575,0.0030195053268233796
KR,overall,0.44097223053406476,81,0.600686562864098,0.05591942132945575,0.0030195053268233796
KR,overall,0.44399173586088825,66,0.5967782223496808,0.05591942132945575,0.0030195053268233796
KR,overall,0.44701124118771174,71,0.5928910026929025,0.05591942132945575,0.0030195053268233796
KR,overall,0.45003074651453523,67,0.5890303499178594,0.05591942132945575,0.0030195053268233796
KR,overall,0.4530502518413587,72,0.585196517560319,0.05591942132945575,0.0030195053268233796
KR,overall,0.4560697571681821,76,0.581393282300318,0.05591942132945575,0.0030195053268233796
KR,overall,0.4590892624950056,68,0.5776243317002254,0.05591942132945575,0.0030195053268233796
KR,overall,0.4621087678218291,58,0.5738920349751774,0.05591942132945575,0.0030195053268233796
KR,overall,0.46512827314865257,67,0.5701961863190442,0.05591942132945575,0.0030195053268233796
KR,overall,0.46814777847547606,89,0.5665379782568347,0.05591942132945575,0.0030195053268233796
KR,overall,0.47116728380229955,68,0.5629206031446603,0.05591942132945575,0.0030195053268233796
KR,overall,0.47418678912912304,62,0.5593445866732519,0.05591942132945575,0.0030195053268233796
KR,overall,0.4772062944559464,81,0.5558114296028174,0.05591942132945575,0.0030195053268233796
KR,overall,0.4802257997827699,49,0.5523198597351433,0.05591942132945575,0.0030195053268233796
KR,overall,0.4832453051095934,67,0.5488722823194542,0.05591942132945575,0.0030195053268233796
KR,overall,0.4862648104364169,75,0.5454677927592828,0.05591942132945575,0.0030195053268233796
KR,overall,0.4892843157632404,78,0.5421053534809392,0.05591942132945575,0.0030195053268233796
KR,overall,0.4923038210900639,57,0.5387843533639918,0.05591942132945575,0.0030195053268233796
KR,overall,0.49532332641688737,50,0.5355046277689713,0.05591942132945575,0.0030195053268233796
KR,overall,0.49834283174371075,55,0.5322644021153329,0.05591942132945575,0.0030195053268233796
KR,overall,0.5013623370705342,74,0.5290618854117414,0.05591942132945575,0.0030195053268233796
KR,overall,0.5043818423973577,68,0.5258955673750149,0.05591942132945575,0.0030195053268233796
KR,overall,0.5074013477241812,60,0.5227636534436454,0.05591942132945575,0.0030195053268233796
KR,overall,0.5104208530510047,76,0.5196643925942699,0.05591942132945575,0.0030195053268233796
KR,overall,0.5134403583778282,68,0.5165953653788302,0.05591942132945575,0.0030195053268233796
KR,overall,0.5164598637046517,58,0.5135529727204438,0.05591942132945575,0.0030195053268233796
KR,overall,0.5194793690314751,64,0.5105348487167705,0.05591942132945575,0.0030195053268233796
KR,overall,0.5224988743582986,71,0.5075410000625135,0.05591942132945575,0.0030195053268233796
KR,overall,0.525518379685122,75,0.5045671081448297,0.05591942132945575,0.0030195053268233796
KR,overall,0.5285378850119455,63,0.5016091678272911,0.05591942132945575,0.0030195053268233796
KR,overall,0.531557390338769,69,0.4986673761967487,0.05591942132945575,0.0030195053268233796
KR,overall,0.5345768956655925,70,0.4957387172698055,0.05591942132945575,0.0030195053268233796
KR,overall,0.537596400992416,47,0.49281999968249224,0.05591942132945575,0.0030195053268233796
KR,overall,0.5406159063192394,71,0.4899100574780244,0.05591942132945575,0.0030195053268233796
KR,overall,0.5436354116460629,67,0.4870059740523417,0.05591942132945575,0.0030195053268233796
KR,overall,0.5466549169728864,50,0.4841061287971584,0.05591942132945575,0.0030195053268233796
KR,overall,0.5496744222997099,74,0.4812092377779689,0.05591942132945575,0.0030195053268233796
KR,overall,0.5526939276265335,55,0.47831414330078365,0.05591942132945575,0.0030195053268233796
KR,overall,0.5557134329533568,52,0.47541648255317526,0.05591942132945575,0.0030195053268233796
KR,overall,0.5587329382801802,59,0.4725170843709503,0.05591942132945575,0.0030195053268233796
KR,overall,0.5617524436070038,54,0.4696144400264185,0.05591942132945575,0.0030195053268233796
KR,overall,0.5647719489338272,65,0.4667084971270511,0.05591942132945575,0.0030195053268233796
KR,overall,0.5677914542606506,61,0.4637977149116678,0.05591942132945575,0.0030195053268233796
KR,overall,0.5708109595874742,66,0.46088064863605305,0.05591942132945575,0.0030195053268233796
KR,overall,0.5738304649142978,57,0.45795816746070084,0.05591942132945575,0.0030195053268233796
KR,overall,0.5768499702411212,48,0.45503066183892,0.05591942132945575,0.0030195053268233796
KR,overall,0.5798694755679445,63,0.45209797348647757,0.05591942132945575,0.0030195053268233796
KR,overall,0.5828889808947681,55,0.44915910453714364,0.05591942132945575,0.0030195053268233796
KR,overall,0.5859084862215915,55,0.44621500872017045,0.05591942132945575,0.0030195053268233796
KR,overall,0.5889279915484149,51,0.4432658735811316,0.05591942132945575,0.0030195053268233796
KR,overall,0.5919474968752385,71,0.4403119029116075,0.05591942132945575,0.0030195053268233796
KR,overall,0.5949670022020621,46,0.4373554365510904,0.05591942132945575,0.0030195053268233796
KR,overall,0.5979865075288855,63,0.43439564564627764,0.05591942132945575,0.0030195053268233796
KR,overall,0.6010060128557089,50,0.43143505505369395,0.05591942132945575,0.0030195053268233796
KR,overall,0.6040255181825325,56,0.42847334785876523,0.05591942132945575,0.0030195053268233796
KR,overall,0.6070450235093559,58,0.42551127762597074,0.05591942132945575,0.0030195053268233796
KR,overall,0.6100645288361792,46,0.42255097914191964,0.05591942132945575,0.0030195053268233796
KR,overall,0.6130840341630028,66,0.4195934000891455,0.05591942132945575,0.0030195053268233796
KR,overall,0.6161035394898264,46,0.4166402817092201,0.05591942132945575,0.0030195053268233796
KR,overall,0.6191230448166498,52,0.4136924708683158,0.05591942132945575,0.0030195053268233796
KR,overall,0.6221425501434732,46,0.4107513413692967,0.05591942132945575,0.0030195053268233796
KR,overall,0.6251620554702968,46,0.4078179496283372,0.05591942132945575,0.0030195053268233796
KR,overall,0.6281815607971202,55,0.40489308904328375,0.05591942132945575,0.0030195053268233796
KR,overall,0.6312010661239436,65,0.4019796791125577,0.05591942132945575,0.0030195053268233796
KR,overall,0.6342205714507672,40,0.39907902617046814,0.05591942132945575,0.0030195053268233796
KR,overall,0.6372400767775908,50,0.3961919162858556,0.05591942132945575,0.0030195053268233796
KR,overall,0.6402595821044141,61,0.3933184184191262,0.05591942132945575,0.0030195053268233796
KR,overall,0.6432790874312375,57,0.39045997050521686,0.05591942132945575,0.0030195053268233796
KR,overall,0.6462985927580611,40,0.38761820095631,0.05591942132945575,0.0030195053268233796
KR,overall,0.6493180980848845,51,0.3847945918883779,0.05591942132945575,0.0030195053268233796
KR,overall,0.6523376034117079,53,0.38199111457551865,0.05591942132945575,0.0030195053268233796
KR,overall,0.6553571087385315,37,0.3792070529039024,0.05591942132945575,0.0030195053268233796
KR,overall,0.6583766140653551,29,0.3764445727433303,0.05591942132945575,0.0030195053268233796
KR,overall,0.6613961193921785,50,0.3737039242872418,0.05591942132945575,0.0030195053268233796
KR,overall,0.6644156247190018,40,0.3709856282630126,0.05591942132945575,0.0030195053268233796
KR,overall,0.6674351300458254,51,0.36829122198766956,0.05591942132945575,0.0030195053268233796
KR,overall,0.670454635372649,50,0.36562119128584375,0.05591942132945575,0.0030195053268233796
KR,overall,0.6734741406994724,47,0.3629758856514313,0.05591942132945575,0.0030195053268233796
KR,overall,0.6764936460262958,47,0.36035519832870155,0.05591942132945575,0.0030195053268233796
KR,overall,0.6795131513531194,29,0.35775879018082896,0.05591942132945575,0.0030195053268233796
KR,overall,0.6825326566799428,49,0.35518771547444744,0.05591942132945575,0.0030195053268233796
KR,overall,0.6855521620067662,54,0.3526430780705755,0.05591942132945575,0.0030195053268233796
KR,overall,0.6885716673335898,46,0.3501243481107173,0.05591942132945575,0.0030195053268233796
KR,overall,0.6915911726604134,44,0.3476305893131164,0.05591942132945575,0.0030195053268233796
KR,overall,0.6946106779872367,44,0.3451607440132562,0.05591942132945575,0.0030195053268233796
KR,overall,0.6976301833140601,44,0.3427177848116645,0.05591942132945575,0.0030195053268233796
KR,overall,0.7006496886408837,43,0.34030007538870544,0.05591942132945575,0.0030195053268233796
KR,overall,0.7036691939677071,43,0.3379054587014945,0.05591942132945575,0.0030195053268233796
KR,overall,0.7066886992945305,42,0.33553604863524317,0.05591942132945575,0.0030195053268233796
KR,overall,0.7097082046213541,42,0.33318879303491444,0.05591942132945575,0.0030195053268233796
KR,overall,0.7127277099481777,51,0.33086357879800343,0.05591942132945575,0.0030195053268233796
KR,overall,0.7157472152750011,36,0.32856081494110984,0.05591942132945575,0.0030195053268233796
KR,overall,0.7187667206018244,38,0.3262801323552128,0.05591942132945575,0.0030195053268233796
KR,overall,0.721786225928648,37,0.3240192819546945,0.05591942132945575,0.0030195053268233796
KR,overall,0.7248057312554714,30,0.3217774278113203,0.05591942132945575,0.0030195053268233796
KR,overall,0.7278252365822948,42,0.31955317924436605,0.05591942132945575,0.0030195053268233796
KR,overall,0.7308447419091184,39,0.317347128867465,0.05591942132945575,0.0030195053268233796
KR,overall,0.733864247235942,46,0.3151572168081152,0.05591942132945575,0.0030195053268233796
KR,overall,0.7368837525627654,43,0.3129825506977127,0.05591942132945575,0.0030195053268233796
KR,overall,0.7399032578895888,34,0.31082241149402157,0.05591942132945575,0.0030195053268233796
KR,overall,0.7429227632164124,29,0.30867607314732126,0.05591942132945575,0.0030195053268233796
KR,overall,0.7459422685432358,49,0.30654135336492344,0.05591942132945575,0.0030195053268233796
KR,overall,0.7489617738700591,38,0.30441751117366384,0.05591942132945575,0.0030195053268233796
KR,overall,0.7519812791968827,31,0.3023036087620762,0.05591942132945575,0.0030195053268233796
KR,overall,0.7550007845237063,36,0.30019967635867806,0.05591942132945575,0.0030195053268233796
KR,overall,0.7580202898505297,38,0.29810288395772244,0.05591942132945575,0.0030195053268233796
KR,overall,0.7610397951773531,33,0.29601345935424,0.05591942132945575,0.0030195053268233796
KR,overall,0.7640593005041767,46,0.2939313821387433,0.05591942132945575,0.0030195053268233796
KR,overall,0.7670788058310001,36,0.2918529167118193,0.05591942132945575,0.0030195053268233796
KR,overall,0.7700983111578235,41,0.28977905379031355,0.05591942132945575,0.0030195053268233796
KR,overall,0.7731178164846471,37,0.2877093176700843,0.05591942132945575,0.0030195053268233796
KR,overall,0.7761373218114707,51,0.2856409498672914,0.05591942132945575,0.0030195053268233796
KR,overall,0.779156827138294,30,0.2835757630348866,0.05591942132945575,0.0030195053268233796
KR,overall,0.7821763324651174,33,0.28151214750094955,0.05591942132945575,0.0030195053268233796
KR,overall,0.785195837791941,35,0.27944929830203535,0.05591942132945575,0.0030195053268233796
KR,overall,0.7882153431187644,47,0.2773867231961981,0.05591942132945575,0.0030195053268233796
KR,overall,0.7912348484455878,36,0.2753233944587326,0.05591942132945575,0.0030195053268233796
KR,overall,0.7942543537724114,29,0.27325970903017505,0.05591942132945575,0.0030195053268233796
KR,overall,0.797273859099235,29,0.27119472477229384,0.05591942132945575,0.0030195053268233796
KR,overall,0.8002933644260584,28,0.26912915324235925,0.05591942132945575,0.0030195053268233796
KR,overall,0.8033128697528817,45,0.26706246465264744,0.05591942132945575,0.0030195053268233796
KR,overall,0.8063323750797053,32,0.2649937273232317,0.05591942132945575,0.0030195053268233796
KR,overall,0.8093518804065287,30,0.26292314621742496,0.05591942132945575,0.0030195053268233796
KR,overall,0.8123713857333521,29,0.260851158466825,0.05591942132945575,0.0030195053268233796
KR,overall,0.8153908910601757,21,0.25877756725843304,0.05591942132945575,0.0030195053268233796
KR,overall,0.8184103963869993,41,0.2567013117836707,0.05591942132945575,0.0030195053268233796
KR,overall,0.8214299017138227,33,0.2546243159774552,0.05591942132945575,0.0030195053268233796
KR,overall,0.8244494070406461,33,0.2525445713016599,0.05591942132945575,0.0030195053268233796
KR,overall,0.8274689123674697,26,0.25046392807054907,0.05591942132945575,0.0030195053268233796
KR,overall,0.830488417694293,22,0.24838223384026267,0.05591942132945575,0.0030195053268233796
KR,overall,0.8335079230211164,33,0.24629889692967943,0.05591942132945575,0.0030195053268233796
KR,overall,0.83652742834794,38,0.24421514349498438,0.05591942132945575,0.0030195053268233796
KR,overall,0.8395469336747636,37,0.24212973967023893,0.05591942132945575,0.0030195053268233796
KR,overall,0.842566439001587,37,0.24004529472431693,0.05591942132945575,0.0030195053268233796
KR,overall,0.8455859443284104,31,0.23796014849160196,0.05591942132945575,0.0030195053268233796
KR,overall,0.848605449655234,28,0.2358758521618795,0.05591942132945575,0.0030195053268233796
KR,overall,0.8516249549820574,28,0.23379262979963278,0.05591942132945575,0.0030195053268233796
KR,overall,0.8546444603088807,27,0.23170993790618385,0.05591942132945575,0.0030195053268233796
KR,overall,0.8576639656357044,37,0.22962867412207183,0.05591942132945575,0.0030195053268233796
KR,overall,0.860683470962528,31,0.22755030691547262,0.05591942132945575,0.0030195053268233796
KR,overall,0.8637029762893513,32,0.2254744018558059,0.05591942132945575,0.0030195053268233796
KR,overall,0.8667224816161747,27,0.22340087440509934,0.05591942132945575,0.0030195053268233796
KR,overall,0.8697419869429983,24,0.22133144608187713,0.05591942132945575,0.0030195053268233796
KR,overall,0.8727614922698217,20,0.219266363451362,0.05591942132945575,0.0030195053268233796
KR,overall,0.8757809975966451,28,0.21720551581862488,0.05591942132945575,0.0030195053268233796
KR,overall,0.8788005029234687,26,0.21514991353416077,0.05591942132945575,0.0030195053268233796
KR,overall,0.8818200082502923,25,0.2131002892830291,0.05591942132945575,0.0030195053268233796
KR,overall,0.8848395135771157,31,0.21105740340242535,0.05591942132945575,0.0030195053268233796
KR,overall,0.887859018903939,29,0.20902016321200867,0.05591942132945575,0.0030195053268233796
KR,overall,0.8908785242307626,28,0.20699026566474935,0.05591942132945575,0.0030195053268233796
KR,overall,0.893898029557586,22,0.2049674611986717,0.05591942132945575,0.0030195053268233796
KR,overall,0.8969175348844094,33,0.20295297905755075,0.05591942132945575,0.0030195053268233796
KR,overall,0.899937040211233,24,0.20094728747006582,0.05591942132945575,0.0030195053268233796
KR,overall,0.9029565455380566,13,0.19895063812055347,0.05591942132945575,0.0030195053268233796
KR,overall,0.90597605086488,17,0.19696456968743054,0.05591942132945575,0.0030195053268233796
KR,overall,0.9089955561917034,27,0.19498766375562887,0.05591942132945575,0.0030195053268233796
KR,overall,0.912015061518527,25,0.19302113377623994,0.05591942132945575,0.0030195053268233796
KR,overall,0.9150345668453503,25,0.19106651855631832,0.05591942132945575,0.0030195053268233796
KR,overall,0.9180540721721737,18,0.18912357921397102,0.05591942132945575,0.0030195053268233796
KR,overall,0.9210735774989973,30,0.18719335730267156,0.05591942132945575,0.0030195053268233796
KR,overall,0.9240930828258209,33,0.18527584301967415,0.05591942132945575,0.0030195053268233796
KR,overall,0.9271125881526443,26,0.18337176749822404,0.05591942132945575,0.0030195053268233796
KR,overall,0.9301320934794677,21,0.18148175023087573,0.05591942132945575,0.0030195053268233796
KR,overall,0.9331515988062913,20,0.17960649957323313,0.05591942132945575,0.0030195053268233796
KR,overall,0.9361711041331147,17,0.17774694442381173,0.05591942132945575,0.0030195053268233796
KR,overall,0.939190609459938,29,0.17590294426610428,0.05591942132945575,0.0030195053268233796
KR,overall,0.9422101147867616,26,0.17407700699300308,0.05591942132945575,0.0030195053268233796
KR,overall,0.9452296201135852,14,0.1722683803381683,0.05591942132945575,0.0030195053268233796
KR,overall,0.9482491254404086,16,0.1704784165851342,0.05591942132945575,0.0030195053268233796
KR,overall,0.951268630767232,20,0.16870839710372104,0.05591942132945575,0.0030195053268233796
KR,overall,0.9542881360940556,27,0.16695814952523744,0.05591942132945575,0.0030195053268233796
KR,overall,0.9573076414208792,14,0.16522943487100902,0.05591942132945575,0.0030195053268233796
KR,overall,0.9603271467477026,27,0.16352258502015254,0.05591942132945575,0.0030195053268233796
KR,overall,0.963346652074526,21,0.16183928932111838,0.05591942132945575,0.0030195053268233796
KR,overall,0.9663661574013496,22,0.16018076046374394,0.05591942132945575,0.0030195053268233796
KR,overall,0.969385662728173,18,0.15854786145148825,0.05591942132945575,0.0030195053268233796
KR,overall,0.9724051680549963,20,0.15694008723662237,0.05591942132945575,0.0030195053268233796
KR,overall,0.9754246733818199,20,0.1553598057636881,0.05591942132945575,0.0030195053268233796
KR,overall,0.9784441787086435,25,0.15380791979772035,0.05591942132945575,0.0030195053268233796
KR,overall,0.9814636840354669,14,0.15228440871856602,0.05591942132945575,0.0030195053268233796
KR,overall,0.9844831893622903,21,0.15079024568848504,0.05591942132945575,0.0030195053268233796
KR,overall,0.9875026946891139,23,0.1493261908779704,0.05591942132945575,0.0030195053268233796
KR,overall,0.9905222000159373,17,0.14789225859232516,0.05591942132945575,0.0030195053268233796
KR,overall,0.9935417053427607,17,0.1464901830667962,0.05591942132945575,0.0030195053268233796
KR,overall,0.9965612106695843,13,0.1451190765586436,0.05591942132945575,0.0030195053268233796
KR,overall,0.9995807159964079,11,0.14377986185918915,0.05591942132945575,0.0030195053268233796
KR,overall,1.0026002213232312,14,0.14247209952905843,0.05591942132945575,0.0030195053268233796
KR,overall,1.0056197266500546,16,0.14119667433501032,0.05591942132945575,0.0030195053268233796
KR,overall,1.0086392319768782,22,0.13995260215691457,0.05591942132945575,0.0030195053268233796
KR,overall,1.0116587373037016,16,0.13873974055230517,0.05591942132945575,0.0030195053268233796
KR,overall,1.014678242630525,15,0.13755672240831313,0.05591942132945575,0.0030195053268233796
KR,overall,1.0176977479573486,14,0.13640460385171957,0.05591942132945575,0.0030195053268233796
KR,overall,1.0207172532841722,11,0.13528217805670675,0.05591942132945575,0.0030195053268233796
KR,overall,1.0237367586109956,14,0.13418851292637202,0.05591942132945575,0.0030195053268233796
KR,overall,1.026756263937819,13,0.1331226763611894,0.05591942132945575,0.0030195053268233796
KR,overall,1.0297757692646425,20,0.13208231705813692,0.05591942132945575,0.0030195053268233796
KR,overall,1.032795274591466,10,0.1310684995418852,0.05591942132945575,0.0030195053268233796
KR,overall,1.0358147799182893,19,0.1300787497866283,0.05591942132945575,0.0030195053268233796
KR,overall,1.038834285245113,20,0.12911253803303868,0.05591942132945575,0.0030195053268233796
KR,overall,1.0418537905719365,22,0.12816841022557146,0.05591942132945575,0.0030195053268233796
KR,overall,1.0448732958987599,16,0.12724352857078303,0.05591942132945575,0.0030195053268233796
KR,overall,1.0478928012255833,13,0.12633811662505984,0.05591942132945575,0.0030195053268233796
KR,overall,1.0509123065524069,13,0.12545043222815833,0.05591942132945575,0.0030195053268233796
KR,overall,1.0539318118792302,25,0.12457949170048586,0.05591942132945575,0.0030195053268233796
KR,overall,1.0569513172060536,16,0.12372386774756898,0.05591942132945575,0.0030195053268233796
KR,overall,1.0599708225328772,14,0.12288114851343199,0.05591942132945575,0.0030195053268233796
KR,overall,1.0629903278597008,14,0.1220508041006715,0.05591942132945575,0.0030195053268233796
KR,overall,1.0660098331865242,18,0.12123177868792924,0.05591942132945575,0.0030195053268233796
KR,overall,1.0690293385133476,11,0.12042264550537198,0.05591942132945575,0.0030195053268233796
KR,overall,1.0720488438401712,15,0.11962273980452695,0.05591942132945575,0.0030195053268233796
KR,overall,1.0750683491669946,21,0.11883103233652538,0.05591942132945575,0.0030195053268233796
KR,overall,1.078087854493818,16,0.1180460181848769,0.05591942132945575,0.0030195053268233796
KR,overall,1.0811073598206415,19,0.11726709093863172,0.05591942132945575,0.0030195053268233796
KR,overall,1.0841268651474651,9,0.11649245340377351,0.05591942132945575,0.0030195053268233796
KR,overall,1.0871463704742885,18,0.11572233180387449,0.05591942132945575,0.0030195053268233796
KR,overall,1.090165875801112,14,0.11495541786801138,0.05591942132945575,0.0030195053268233796
KR,overall,1.0931853811279355,18,0.114191918759207,0.05591942132945575,0.0030195053268233796
KR,overall,1.0962048864547589,7,0.11343042377525292,0.05591942132945575,0.0030195053268233796
KR,overall,1.0992243917815823,13,0.1126709218295821,0.05591942132945575,0.0030195053268233796
KR,overall,1.1022438971084059,17,0.11191215877796819,0.05591942132945575,0.0030195053268233796
KR,overall,1.1052634024352295,9,0.11115426437252164,0.05591942132945575,0.0030195053268233796
KR,overall,1.1082829077620528,16,0.11039703192477666,0.05591942132945575,0.0030195053268233796
KR,overall,1.1113024130888762,18,0.10963916754338289,0.05591942132945575,0.0030195053268233796
KR,overall,1.1143219184156998,11,0.10888125546519223,0.05591942132945575,0.0030195053268233796
KR,overall,1.1173414237425232,11,0.10812312100642121,0.05591942132945575,0.0030195053268233796
KR,overall,1.1203609290693466,12,0.10736443804302839,0.05591942132945575,0.0030195053268233796
KR,overall,1.1233804343961702,11,0.10660428952283431,0.05591942132945575,0.0030195053268233796
KR,overall,1.1263999397229938,9,0.10584394459886619,0.05591942132945575,0.0030195053268233796
KR,overall,1.1294194450498172,11,0.10508351668223852,0.05591942132945575,0.0030195053268233796
KR,overall,1.1324389503766406,13,0.1043215959071213,0.05591942132945575,0.0030195053268233796
KR,overall,1.1354584557034642,11,0.10355840273591531,0.05591942132945575,0.0030195053268233796
KR,overall,1.1384779610302875,16,0.10279460044136168,0.05591942132945575,0.0030195053268233796
KR,overall,1.141497466357111,13,0.10203026375397213,0.05591942132945575,0.0030195053268233796
KR,overall,1.1445169716839345,21,0.10126561858537951,0.05591942132945575,0.0030195053268233796
KR,overall,1.1475364770107581,17,0.10050028408734223,0.05591942132945575,0.0030195053268233796
KR,overall,1.1505559823375815,15,0.09973509096491874,0.05591942132945575,0.0030195053268233796
KR,overall,1.1535754876644049,14,0.0989707961844967,0.05591942132945575,0.0030195053268233796
KR,overall,1.1565949929912285,13,0.09820723951216921,0.05591942132945575,0.0030195053268233796
KR,overall,1.1596144983180519,17,0.09744450113136618,0.05591942132945575,0.0030195053268233796
KR,overall,1.1626340036448752,12,0.096683464455315,0.05591942132945575,0.0030195053268233796
KR,overall,1.1656535089716988,17,0.09592316062082969,0.05591942132945575,0.0030195053268233796
KR,overall,1.1686730142985224,10,0.09516540933248936,0.05591942132945575,0.0030195053268233796
KR,overall,1.1716925196253458,10,0.09441069462396699,0.05591942132945575,0.0030195053268233796
KR,overall,1.1747120249521692,12,0.09365885592446824,0.05591942132945575,0.0030195053268233796
KR,overall,1.1777315302789928,11,0.09291025045892476,0.05591942132945575,0.0030195053268233796
KR,overall,1.1807510356058162,10,0.09216524659424762,0.05591942132945575,0.0030195053268233796
KR,overall,1.1837705409326396,7,0.09142512609151243,0.05591942132945575,0.0030195053268233796
KR,overall,1.1867900462594632,8,0.09068843300898909,0.05591942132945575,0.0030195053268233796
KR,overall,1.1898095515862868,9,0.08995703377346083,0.05591942132945575,0.0030195053268233796
KR,overall,1.1928290569131101,13,0.08923066433838871,0.05591942132945575,0.0030195053268233796
KR,overall,1.1958485622399335,12,0.08850944835736807,0.05591942132945575,0.0030195053268233796
KR,overall,1.1988680675667571,8,0.08779357527723058,0.05591942132945575,0.0030195053268233796
KR,overall,1.2018875728935805,11,0.08708324036565515,0.05591942132945575,0.0030195053268233796
KR,overall,1.2049070782204039,10,0.08637823047194558,0.05591942132945575,0.0030195053268233796
KR,overall,1.2079265835472275,10,0.08567918116209647,0.05591942132945575,0.0030195053268233796
KR,overall,1.210946088874051,6,0.0849851290252356,0.05591942132945575,0.0030195053268233796
KR,overall,1.2139655942008745,9,0.08429656187679185,0.05591942132945575,0.0030195053268233796
KR,overall,1.2169850995276978,13,0.08361383672333889,0.05591942132945575,0.0030195053268233796
KR,overall,1.2200046048545214,9,0.08293633431414615,0.05591942132945575,0.0030195053268233796
KR,overall,1.223024110181345,10,0.08226396693713385,0.05591942132945575,0.0030195053268233796
KR,overall,1.2260436155081684,17,0.08159634182095905,0.05591942132945575,0.0030195053268233796
KR,overall,1.2290631208349918,8,0.08093286389646118,0.05591942132945575,0.0030195053268233796
KR,overall,1.2320826261618154,10,0.08027392301798465,0.05591942132945575,0.0030195053268233796
KR,overall,1.2351021314886388,13,0.07961868793543114,0.05591942132945575,0.0030195053268233796
KR,overall,1.2381216368154622,7,0.07896776263007546,0.05591942132945575,0.0030195053268233796
KR,overall,1.2411411421422858,10,0.07832061489425582,0.05591942132945575,0.0030195053268233796
KR,overall,1.2441606474691094,9,0.07767696269925836,0.05591942132945575,0.0030195053268233796
KR,overall,1.2471801527959328,13,0.07703697403190488,0.05591942132945575,0.0030195053268233796
KR,overall,1.2501996581227561,15,0.07640017003400665,0.05591942132945575,0.0030195053268233796
KR,overall,1.2532191634495797,8,0.07576685440412334,0.05591942132945575,0.0030195053268233796
KR,overall,1.2562386687764031,13,0.07513634354025935,0.05591942132945575,0.0030195053268233796
KR,overall,1.2592581741032265,6,0.07450975244180318,0.05591942132945575,0.0030195053268233796
KR,overall,1.26227767943005,14,0.07388604384771956,0.05591942132945575,0.0030195053268233796
KR,overall,1.2652971847568737,12,0.07326605478467559,0.05591942132945575,0.0030195053268233796
KR,overall,1.268316690083697,8,0.07264998228227178,0.05591942132945575,0.0030195053268233796
KR,overall,1.2713361954105205,6,0.07203833355346191,0.05591942132945575,0.0030195053268233796
KR,overall,1.274355700737344,6,0.07143138573206864,0.05591942132945575,0.0030195053268233796
KR,overall,1.2773752060641674,7,0.07082953661969547,0.05591942132945575,0.0030195053268233796
KR,overall,1.2803947113909908,10,0.0702324742265209,0.05591942132945575,0.0030195053268233796
KR,overall,1.2834142167178144,6,0.06964169774504783,0.05591942132945575,0.0030195053268233796
KR,overall,1.286433722044638,9,0.06905714052909853,0.05591942132945575,0.0030195053268233796
KR,overall,1.2894532273714614,9,0.06847956208382802,0.05591942132945575,0.0030195053268233796
KR,overall,1.2924727326982848,6,0.06790916883776917,0.05591942132945575,0.0030195053268233796
KR,overall,1.2954922380251084,7,0.06734687327294081,0.05591942132945575,0.0030195053268233796
KR,overall,1.2985117433519318,12,0.06679275541498877,0.05591942132945575,0.0030195053268233796
KR,overall,1.3015312486787551,10,0.06624698641347358,0.05591942132945575,0.0030195053268233796
KR,overall,1.3045507540055787,13,0.0657106111477964,0.05591942132945575,0.0030195053268233796
KR,overall,1.3075702593324023,8,0.0651839947393901,0.05591942132945575,0.0030195053268233796
KR,overall,1.3105897646592257,7,0.06466809126222997,0.05591942132945575,0.0030195053268233796
KR,overall,1.313609269986049,3,0.06416199860467918,0.05591942132945575,0.0030195053268233796
KR,overall,1.3166287753128727,10,0.06366690519582015,0.05591942132945575,0.0030195053268233796
KR,overall,1.319648280639696,4,0.06318258148626686,0.05591942132945575,0.0030195053268233796
KR,overall,1.3226677859665195,8,0.06270987793374193,0.05591942132945575,0.0030195053268233796
KR,overall,1.325687291293343,8,0.062247927157120415,0.05591942132945575,0.0030195053268233796
KR,overall,1.3287067966201667,8,0.061797302826606296,0.05591942132945575,0.0030195053268233796
KR,overall,1.33172630194699,12,0.06135833883542175,0.05591942132945575,0.0030195053268233796
KR,overall,1.3347458072738134,4,0.060929982320014085,0.05591942132945575,0.0030195053268233796
KR,overall,1.337765312600637,5,0.060512330221753625,0.05591942132945575,0.0030195053268233796
KR,overall,1.3407848179274604,8,0.06010582029638991,0.05591942132945575,0.0030195053268233796
KR,overall,1.3438043232542838,4,0.05970976320177607,0.05591942132945575,0.0030195053268233796
KR,overall,1.3468238285811074,2,0.05932365309172651,0.05591942132945575,0.0030195053268233796
KR,overall,1.349843333907931,6,0.05894716663237927,0.05591942132945575,0.0030195053268233796
KR,overall,1.3528628392347544,12,0.05857962647096441,0.05591942132945575,0.0030195053268233796
KR,overall,1.3558823445615777,6,0.05822082024586395,0.05591942132945575,0.0030195053268233796
KR,overall,1.3589018498884013,8,0.057869568459330535,0.05591942132945575,0.0030195053268233796
KR,overall,1.3619213552152247,8,0.05752607455262774,0.05591942132945575,0.0030195053268233796
KR,overall,1.364940860542048,9,0.05718888609242533,0.05591942132945575,0.0030195053268233796
KR,overall,1.3679603658688717,5,0.05685787638965026,0.05591942132945575,0.0030195053268233796
KR,overall,1.3709798711956953,8,0.05653167021697513,0.05591942132945575,0.0030195053268233796
KR,overall,1.3739993765225187,11,0.05621025820778509,0.05591942132945575,0.0030195053268233796
KR,overall,1.377018881849342,13,0.05589274597710617,0.05591942132945575,0.0030195053268233796
KR,overall,1.3800383871761657,9,0.05557847776118466,0.05591942132945575,0.0030195053268233796
KR,overall,1.383057892502989,5,0.05526672043359734,0.05591942132945575,0.0030195053268233796
KR,overall,1.3860773978298124,9,0.05495605404302667,0.05591942132945575,0.0030195053268233796
KR,overall,1.389096903156636,1,0.05464635753417754,0.05591942132945575,0.0030195053268233796
KR,overall,1.3921164084834596,5,0.054336583989018986,0.05591942132945575,0.0030195053268233796
KR,overall,1.395135913810283,3,0.0540264141945094,0.05591942132945575,0.0030195053268233796
KR,overall,1.3981554191371064,5,0.05371478028226268,0.05591942132945575,0.0030195053268233796
KR,overall,1.40117492446393,7,0.05340083865208091,0.05591942132945575,0.0030195053268233796
KR,overall,1.4041944297907534,10,0.053084119012401634,0.05591942132945575,0.0030195053268233796
KR,overall,1.4072139351175768,11,0.05276418731867453,0.05591942132945575,0.0030195053268233796
KR,overall,1.4102334404444004,4,0.052440205827641403,0.05591942132945575,0.0030195053268233796
KR,overall,1.413252945771224,8,0.05211122868362519,0.05591942132945575,0.0030195053268233796
KR,overall,1.4162724510980473,9,0.051777116263109976,0.05591942132945575,0.0030195053268233796
KR,overall,1.4192919564248707,4,0.0514369070969878,0.05591942132945575,0.0030195053268233796
KR,overall,1.4223114617516943,6,0.051090522296627465,0.05591942132945575,0.0030195053268233796
KR,overall,1.4253309670785177,7,0.05073757804865105,0.05591942132945575,0.0030195053268233796
KR,overall,1.428350472405341,7,0.05037751721470346,0.05591942132945575,0.0030195053268233796
KR,overall,1.4313699777321647,4,0.05000965327276855,0.05591942132945575,0.0030195053268233796
KR,overall,1.4343894830589883,2,0.04963392607202403,0.05591942132945575,0.0030195053268233796
KR,overall,1.4374089883858117,5,0.0492501248337098,0.05591942132945575,0.0030195053268233796
KR,overall,1.440428493712635,9,0.04885791632699398,0.05591942132945575,0.0030195053268233796
KR,overall,1.4434479990394586,10,0.04845673793903365,0.05591942132945575,0.0030195053268233796
KR,overall,1.446467504366282,9,0.04804693582486763,0.05591942132945575,0.0030195053268233796
KR,overall,1.4494870096931054,7,0.0476282408089854,0.05591942132945575,0.0030195053268233796
KR,overall,1.452506515019929,3,0.04720041067886292,0.05591942132945575,0.0030195053268233796
KR,overall,1.4555260203467526,9,0.04676406270518178,0.05591942132945575,0.0030195053268233796
KR,overall,1.458545525673576,6,0.04631897999316552,0.05591942132945575,0.0030195053268233796
KR,overall,1.4615650310003994,7,0.045864794814532484,0.05591942132945575,0.0030195053268233796
KR,overall,1.464584536327223,7,0.04540253829804034,0.05591942132945575,0.0030195053268233796
KR,overall,1.4676040416540463,5,0.04493177123500397,0.05591942132945575,0.0030195053268233796
KR,overall,1.4706235469808697,7,0.04445299443890062,0.05591942132945575,0.0030195053268233796
KR,overall,1.4736430523076933,7,0.04396629773328259,0.05591942132945575,0.0030195053268233796
KR,overall,1.476662557634517,9,0.04347225349101758,0.05591942132945575,0.0030195053268233796
KR,overall,1.4796820629613403,5,0.04297179709967075,0.05591942132945575,0.0030195053268233796
KR,overall,1.4827015682881637,5,0.042464804133415184,0.05591942132945575,0.0030195053268233796
KR,overall,1.4857210736149873,2,0.041952327500591184,0.05591942132945575,0.0030195053268233796
KR,overall,1.4887405789418107,3,0.04143429274056155,0.05591942132945575,0.0030195053268233796
KR,overall,1.491760084268634,4,0.04091183575644925,0.05591942132945575,0.0030195053268233796
KR,overall,1.4947795895954576,2,0.04038563997716784,0.05591942132945575,0.0030195053268233796
KR,overall,1.4977990949222812,3,0.03985626872586863,0.05591942132945575,0.0030195053268233796
KR,overall,1.5008186002491046,7,0.03932457230503238,0.05591942132945575,0.0030195053268233796
KR,overall,1.503838105575928,7,0.038791027443563636,0.05591942132945575,0.0030195053268233796
KR,overall,1.5068576109027516,6,0.03825644079367832,0.05591942132945575,0.0030195053268233796
KR,overall,1.5098771162295752,3,0.037721922450944204,0.05591942132945575,0.0030195053268233796
KR,overall,1.5128966215563986,7,0.03718809196527692,0.05591942132945575,0.0030195053268233796
KR,overall,1.515916126883222,8,0.03665598161188759,0.05591942132945575,0.0030195053268233796
KR,overall,1.5189356322100456,6,0.03612642646735737,0.05591942132945575,0.0030195053268233796
KR,overall,1.521955137536869,7,0.03560016225706845,0.05591942132945575,0.0030195053268233796
KR,overall,1.5249746428636923,3,0.03507764019775079,0.05591942132945575,0.0030195053268233796
KR,overall,1.527994148190516,0,0.03456026079746688,0.05591942132945575,0.0030195053268233796
KR,overall,1.5310136535173395,4,0.03404841827382089,0.05591942132945575,0.0030195053268233796
KR,overall,1.534033158844163,6,0.03354345256691682,0.05591942132945575,0.0030195053268233796
KR,overall,1.5370526641709863,3,0.03304578614965481,0.05591942132945575,0.0030195053268233796
KR,overall,1.54007216949781,4,0.03255633272503546,0.05591942132945575,0.0030195053268233796
KR,overall,1.5430916748246333,4,0.032075186034904085,0.05591942132945575,0.0030195053268233796
KR,overall,1.5461111801514567,3,0.031603727813997944,0.05591942132945575,0.0030195053268233796
KR,overall,1.5491306854782803,1,0.031142156785077958,0.05591942132945575,0.0030195053268233796
KR,overall,1.5521501908051039,6,0.03069128928158429,0.05591942132945575,0.0030195053268233796
KR,overall,1.5551696961319272,6,0.030251430048518664,0.05591942132945575,0.0030195053268233796
KR,overall,1.5581892014587506,3,0.02982299713009166,0.05591942132945575,0.0030195053268233796
KR,overall,1.5612087067855742,0,0.029406821055693,0.05591942132945575,0.0030195053268233796
KR,overall,1.5642282121123976,2,0.02900294088364456,0.05591942132945575,0.0030195053268233796
KR,overall,1.567247717439221,4,0.02861134275884202,0.05591942132945575,0.0030195053268233796
KR,overall,1.5702672227660446,4,0.02823262271306601,0.05591942132945575,0.0030195053268233796
KR,overall,1.5732867280928682,4,0.027867060859293594,0.05591942132945575,0.0030195053268233796
KR,overall,1.5763062334196916,0,0.027514080734001266,0.05591942132945575,0.0030195053268233796
KR,overall,1.579325738746515,6,0.02717372032075701,0.05591942132945575,0.0030195053268233796
KR,overall,1.5823452440733385,0,0.026846635818864543,0.05591942132945575,0.0030195053268233796
KR,overall,1.585364749400162,6,0.0265322753963752,0.05591942132945575,0.0030195053268233796
KR,overall,1.5883842547269853,3,0.026230523188812686,0.05591942132945575,0.0030195053268233796
KR,overall,1.591403760053809,3,0.025941206158770245,0.05591942132945575,0.0030195053268233796
KR,overall,1.5944232653806325,1,0.02566406646396765,0.05591942132945575,0.0030195053268233796
KR,overall,1.5974427707074559,1,0.025398487230200033,0.05591942132945575,0.0030195053268233796
KR,overall,1.6004622760342793,1,0.025144052986122475,0.05591942132945575,0.0030195053268233796
KR,overall,1.6034817813611029,4,0.024900507801820147,0.05591942132945575,0.0030195053268233796
KR,overall,1.6065012866879262,7,0.024667571489622463,0.05591942132945575,0.0030195053268233796
KR,overall,1.6095207920147496,2,0.024444686139198424,0.05591942132945575,0.0030195053268233796
KR,overall,1.6125402973415732,1,0.024231016389291378,0.05591942132945575,0.0030195053268233796
KR,overall,1.6155598026683968,4,0.02402651220017146,0.05591942132945575,0.0030195053268233796
KR,overall,1.6185793079952202,3,0.023830018499618463,0.05591942132945575,0.0030195053268233796
KR,overall,1.6215988133220436,3,0.02364134445884288,0.05591942132945575,0.0030195053268233796
KR,overall,1.6246183186488672,2,0.023459602091262115,0.05591942132945575,0.0030195053268233796
KR,overall,1.6276378239756906,2,0.023284335022752956,0.05591942132945575,0.0030195053268233796
KR,overall,1.630657329302514,6,0.023114831598216718,0.05591942132945575,0.0030195053268233796
KR,overall,1.6336768346293375,4,0.022950797078195743,0.05591942132945575,0.0030195053268233796
KR,overall,1.6366963399561612,0,0.02279195258653097,0.05591942132945575,0.0030195053268233796
KR,overall,1.6397158452829845,4,0.0226371084134209,0.05591942132945575,0.0030195053268233796
KR,overall,1.642735350609808,2,0.02248590355035005,0.05591942132945575,0.0030195053268233796
KR,overall,1.6457548559366315,3,0.022338271248568457,0.05591942132945575,0.0030195053268233796
KR,overall,1.648774361263455,3,0.022193308934770693,0.05591942132945575,0.0030195053268233796
KR,overall,1.6517938665902783,7,0.02205057419461269,0.05591942132945575,0.0030195053268233796
KR,overall,1.6548133719171019,1,0.021909507192051515,0.05591942132945575,0.0030195053268233796
KR,overall,1.6578328772439255,2,0.021770134259222963,0.05591942132945575,0.0030195053268233796
KR,overall,1.6608523825707489,1,0.021631670547466033,0.05591942132945575,0.0030195053268233796
KR,overall,1.6638718878975722,5,0.021493629239210058,0.05591942132945575,0.0030195053268233796
KR,overall,1.6668913932243958,2,0.021355698923387074,0.05591942132945575,0.0030195053268233796
KR,overall,1.6699108985512192,1,0.021217676690200787,0.05591942132945575,0.0030195053268233796
KR,overall,1.6729304038780426,2,0.02107934571777067,0.05591942132945575,0.0030195053268233796
KR,overall,1.6759499092048662,4,0.020940443298882047,0.05591942132945575,0.0030195053268233796
KR,overall,1.6789694145316898,2,0.020800765855593775,0.05591942132945575,0.0030195053268233796
KR,overall,1.6819889198585132,6,0.02065949567870151,0.05591942132945575,0.0030195053268233796
KR,overall,1.6850084251853366,1,0.020516918896949274,0.05591942132945575,0.0030195053268233796
KR,overall,1.6880279305121602,4,0.02037276324383395,0.05591942132945575,0.0030195053268233796
KR,overall,1.6910474358389835,3,0.020226624779751453,0.05591942132945575,0.0030195053268233796
KR,overall,1.694066941165807,2,0.020078494153644308,0.05591942132945575,0.0030195053268233796
KR,overall,1.6970864464926305,1,0.0199279264867138,0.05591942132945575,0.0030195053268233796
KR,overall,1.7001059518194541,1,0.019774912753714624,0.05591942132945575,0.0030195053268233796
KR,overall,1.7031254571462775,2,0.019619201349710107,0.05591942132945575,0.0030195053268233796
KR,overall,1.7061449624731009,3,0.019461119300787956,0.05591942132945575,0.0030195053268233796
KR,overall,1.7091644677999245,2,0.01930011794671154,0.05591942132945575,0.0030195053268233796
KR,overall,1.7121839731267479,3,0.019136161001717247,0.05591942132945575,0.0030195053268233796
KR,overall,1.7152034784535712,3,0.01896903062391598,0.05591942132945575,0.0030195053268233796
KR,overall,1.7182229837803948,2,0.018798659350153277,0.05591942132945575,0.0030195053268233796
KR,overall,1.7212424891072184,1,0.018625132940474295,0.05591942132945575,0.0030195053268233796
KR,overall,1.7242619944340418,4,0.018448302387746533,0.05591942132945575,0.0030195053268233796
KR,overall,1.7272814997608652,2,0.018268081458329054,0.05591942132945575,0.0030195053268233796
KR,overall,1.7303010050876888,2,0.01808453950718619,0.05591942132945575,0.0030195053268233796
KR,overall,1.7333205104145122,1,0.017897720589705603,0.05591942132945575,0.0030195053268233796
KR,overall,1.7363400157413356,3,0.017707842342915933,0.05591942132945575,0.0030195053268233796
KR,overall,1.7393595210681592,5,0.017514502287761528,0.05591942132945575,0.0030195053268233796
KR,overall,1.7423790263949828,4,0.01731794829170545,0.05591942132945575,0.0030195053268233796
KR,overall,1.7453985317218061,5,0.01711847158185628,0.05591942132945575,0.0030195053268233796
KR,overall,1.7484180370486295,2,0.016916089022038422,0.05591942132945575,0.0030195053268233796
KR,overall,1.7514375423754531,3,0.016711085221091087,0.05591942132945575,0.0030195053268233796
KR,overall,1.7544570477022765,1,0.016503646713007112,0.05591942132945575,0.0030195053268233796
KR,overall,1.7574765530290999,2,0.016293627746679203,0.05591942132945575,0.0030195053268233796
KR,overall,1.7604960583559235,1,0.016081221097219118,0.05591942132945575,0.0030195053268233796
KR,overall,1.763515563682747,1,0.015867119804260355,0.05591942132945575,0.0030195053268233796
KR,overall,1.7665350690095705,0,0.01565115273919069,0.05591942132945575,0.0030195053268233796
KR,overall,1.7695545743363938,0,0.015433739798669011,0.05591942132945575,0.0030195053268233796
KR,overall,1.7725740796632175,2,0.015215269370860601,0.05591942132945575,0.0030195053268233796
KR,overall,1.7755935849900408,4,0.014995973794426947,0.05591942132945575,0.0030195053268233796
KR,overall,1.7786130903168642,2,0.014775865070894432,0.05591942132945575,0.0030195053268233796
KR,overall,1.7816325956436878,3,0.014555660572478831,0.05591942132945575,0.0030195053268233796
KR,overall,1.7846521009705114,1,0.014335673169640498,0.05591942132945575,0.0030195053268233796
KR,overall,1.7876716062973348,3,0.014116249276741951,0.05591942132945575,0.0030195053268233796
KR,overall,1.7906911116241582,1,0.013897463453932566,0.05591942132945575,0.0030195053268233796
KR,overall,1.7937106169509818,0,0.013679731907977895,0.05591942132945575,0.0030195053268233796
KR,overall,1.7967301222778054,4,0.013463396574039022,0.05591942132945575,0.0030195053268233796
KR,overall,1.7997496276046288,1,0.01324888568944674,0.05591942132945575,0.0030195053268233796
KR,overall,1.8027691329314521,0,0.01303660014452572,0.05591942132945575,0.0030195053268233796
KR,overall,1.8057886382582757,1,0.012826332799571585,0.05591942132945575,0.0030195053268233796
KR,overall,1.8088081435850991,2,0.012619103337697687,0.05591942132945575,0.0030195053268233796
KR,overall,1.8118276489119225,2,0.012414585183583939,0.05591942132945575,0.0030195053268233796
KR,overall,1.814847154238746,4,0.01221342406643547,0.05591942132945575,0.0030195053268233796
KR,overall,1.8178666595655697,2,0.012015859632479201,0.05591942132945575,0.0030195053268233796
KR,overall,1.820886164892393,2,0.011822013410182167,0.05591942132945575,0.0030195053268233796
KR,overall,1.8239056702192165,1,0.011632080629430299,0.05591942132945575,0.0030195053268233796
KR,overall,1.82692517554604,2,0.011446257981835021,0.05591942132945575,0.0030195053268233796
KR,overall,1.8299446808728634,1,0.011264522634745802,0.05591942132945575,0.0030195053268233796
KR,overall,1.8329641861996868,0,0.011087157361379156,0.05591942132945575,0.0030195053268233796
KR,overall,1.8359836915265104,1,0.010914583688679485,0.05591942132945575,0.0030195053268233796
KR,overall,1.839003196853334,0,0.010746770292596507,0.05591942132945575,0.0030195053268233796
KR,overall,1.8420227021801574,0,0.010583504462222044,0.05591942132945575,0.0030195053268233796
KR,overall,1.8450422075069808,1,0.010425228701922931,0.05591942132945575,0.0030195053268233796
KR,overall,1.8480617128338044,0,0.010271722633465876,0.05591942132945575,0.0030195053268233796
KR,overall,1.8510812181606278,1,0.010123149389757053,0.05591942132945575,0.0030195053268233796
KR,overall,1.8541007234874511,0,0.009979458109409948,0.05591942132945575,0.0030195053268233796
KR,overall,1.8571202288142747,2,0.009840509898554083,0.05591942132945575,0.0030195053268233796
KR,overall,1.8601397341410983,2,0.0097064930712467,0.05591942132945575,0.0030195053268233796
KR,overall,1.8631592394679217,1,0.009577539797530212,0.05591942132945575,0.0030195053268233796
KR,overall,1.866178744794745,0,0.009453082611277338,0.05591942132945575,0.0030195053268233796
KR,overall,1.8691982501215687,2,0.009333425828835333,0.05591942132945575,0.0030195053268233796
KR,overall,1.872217755448392,3,0.009218334576263634,0.05591942132945575,0.0030195053268233796
KR,overall,1.8752372607752155,3,0.009107783899934508,0.05591942132945575,0.0030195053268233796
KR,overall,1.878256766102039,0,0.009001497750934732,0.05591942132945575,0.0030195053268233796
KR,overall,1.8812762714288627,3,0.008899942502562118,0.05591942132945575,0.0030195053268233796
KR,overall,1.884295776755686,0,0.008802586548835522,0.05591942132945575,0.0030195053268233796
KR,overall,1.8873152820825094,0,0.008709438301034511,0.05591942132945575,0.0030195053268233796
KR,overall,1.890334787409333,1,0.008620099345869901,0.05591942132945575,0.0030195053268233796
KR,overall,1.8933542927361564,1,0.008534937714652358,0.05591942132945575,0.0030195053268233796
KR,overall,1.8963737980629798,1,0.008453680542330602,0.05591942132945575,0.0030195053268233796
KR,overall,1.8993933033898034,1,0.008376068468216945,0.05591942132945575,0.0030195053268233796
KR,overall,1.902412808716627,1,0.0083020693790936,0.05591942132945575,0.0030195053268233796
KR,overall,1.9054323140434504,0,0.008231742930224367,0.05591942132945575,0.0030195053268233796
KR,overall,1.9084518193702737,0,0.008164631345362917,0.05591942132945575,0.0030195053268233796
KR,overall,1.9114713246970974,3,0.008101138126969464,0.05591942132945575,0.0030195053268233796
KR,overall,1.9144908300239207,1,0.008040794769085308,0.05591942132945575,0.0030195053268233796
KR,overall,1.917510335350744,1,0.00798373062293585,0.05591942132945575,0.0030195053268233796
KR,overall,1.9205298406775677,0,0.007929731054770408,0.05591942132945575,0.0030195053268233796
KR,overall,1.9235493460043913,0,0.007878672609793327,0.05591942132945575,0.0030195053268233796
KR,overall,1.9265688513312147,0,0.00783049732593014,0.05591942132945575,0.0030195053268233796
KR,overall,1.929588356658038,3,0.007785004784587104,0.05591942132945575,0.0030195053268233796
KR,overall,1.9326078619848617,2,0.00774203359800395,0.05591942132945575,0.0030195053268233796
KR,overall,1.935627367311685,0,0.007701609598809704,0.05591942132945575,0.0030195053268233796
KR,overall,1.9386468726385084,0,0.00766355582317379,0.05591942132945575,0.0030195053268233796
KR,overall,1.941666377965332,0,0.007627745304665626,0.05591942132945575,0.0030195053268233796
KR,overall,1.9446858832921556,0,0.007594020117751492,0.05591942132945575,0.0030195053268233796
KR,overall,1.947705388618979,1,0.007562259530144521,0.05591942132945575,0.0030195053268233796
KR,overall,1.9507248939458024,3,0.0075321013376214805,0.05591942132945575,0.0030195053268233796
KR,overall,1.953744399272626,2,0.007503688846291113,0.05591942132945575,0.0030195053268233796
KR,overall,1.9567639045994494,1,0.007476616443903394,0.05591942132945575,0.0030195053268233796
KR,overall,1.9597834099262728,2,0.007450837306723106,0.05591942132945575,0.0030195053268233796
KR,overall,1.9628029152530964,1,0.007425891738668174,0.05591942132945575,0.0030195053268233796
KR,overall,1.96582242057992,0,0.007401686570574763,0.05591942132945575,0.0030195053268233796
KR,overall,1.9688419259067433,0,0.007378049162143341,0.05591942132945575,0.0030195053268233796
KR,overall,1.9718614312335667,1,0.007354742248249074,0.05591942132945575,0.0030195053268233796
KR,overall,1.9748809365603903,0,0.007331616450645134,0.05591942132945575,0.0030195053268233796
KR,overall,1.9779004418872137,1,0.0073082556686428135,0.05591942132945575,0.0030195053268233796
KR,overall,1.980919947214037,2,0.007284563645272573,0.05591942132945575,0.0030195053268233796
KR,overall,1.9839394525408607,0,0.007260134017427309,0.05591942132945575,0.0030195053268233796
KR,overall,1.9869589578676843,2,0.007234826490181939,0.05591942132945575,0.0030195053268233796
KR,overall,1.9899784631945077,0,0.00720840232220388,0.05591942132945575,0.0030195053268233796
KR,overall,1.992997968521331,0,0.007180573701710131,0.05591942132945575,0.0030195053268233796
KR,overall,1.9960174738481546,1,0.007151282530232079,0.05591942132945575,0.0030195053268233796
KR,overall,1.9990369791749782,0,0.007119920459428787,0.05591942132945575,0.0030195053268233796
KR,overall,2.0020564845018014,0,0.007086510950784391,0.05591942132945575,0.0030195053268233796
KR,overall,2.005075989828625,2,0.0070510361922051,0.05591942132945575,0.0030195053268233796
KR,overall,2.0080954951554486,1,0.007013121680943784,0.05591942132945575,0.0030195053268233796
KR,overall,2.0111150004822718,1,0.006972830334836626,0.05591942132945575,0.0030195053268233796
KR,overall,2.0141345058090954,1,0.006929848049818557,0.05591942132945575,0.0030195053268233796
KR,overall,2.017154011135919,2,0.006884301722338007,0.05591942132945575,0.0030195053268233796
KR,overall,2.020173516462742,1,0.0068361311363908965,0.05591942132945575,0.0030195053268233796
KR,overall,2.0231930217895657,2,0.006784972444891919,0.05591942132945575,0.0030195053268233796
KR,overall,2.0262125271163893,1,0.006731248669584253,0.05591942132945575,0.0030195053268233796
KR,overall,2.029232032443213,0,0.006674875358996031,0.05591942132945575,0.0030195053268233796
KR,overall,2.0322515377700365,1,0.006615938988110387,0.05591942132945575,0.0030195053268233796
KR,overall,2.0352710430968597,2,0.00655434909440965,0.05591942132945575,0.0030195053268233796
KR,overall,2.0382905484236833,1,0.006490386664138206,0.05591942132945575,0.0030195053268233796
KR,overall,2.041310053750507,3,0.0064241155942030195,0.05591942132945575,0.0030195053268233796
KR,overall,2.04432955907733,1,0.006355981207273328,0.05591942132945575,0.0030195053268233796
KR,overall,2.0473490644041537,1,0.006286029299140943,0.05591942132945575,0.0030195053268233796
KR,overall,2.0503685697309773,1,0.006214592878992251,0.05591942132945575,0.0030195053268233796
KR,overall,2.0533880750578004,0,0.00614165480939578,0.05591942132945575,0.0030195053268233796
KR,overall,2.056407580384624,1,0.006067669393164099,0.05591942132945575,0.0030195053268233796
KR,overall,2.0594270857114476,0,0.005992893371179063,0.05591942132945575,0.0030195053268233796
KR,overall,2.0624465910382708,1,0.005917555581631189,0.05591942132945575,0.0030195053268233796
KR,overall,2.0654660963650944,0,0.005841933069343534,0.05591942132945575,0.0030195053268233796
KR,overall,2.068485601691918,2,0.005766289406346273,0.05591942132945575,0.0030195053268233796
KR,overall,2.0715051070187416,0,0.005690846613477852,0.05591942132945575,0.0030195053268233796
KR,overall,2.074524612345565,0,0.005616024068861701,0.05591942132945575,0.0030195053268233796
KR,overall,2.0775441176723883,0,0.005541919433419651,0.05591942132945575,0.0030195053268233796
KR,overall,2.080563622999212,1,0.005468810647109227,0.05591942132945575,0.0030195053268233796
KR,overall,2.0835831283260355,0,0.005396806366668714,0.05591942132945575,0.0030195053268233796
KR,overall,2.0866026336528587,1,0.0053262108459568224,0.05591942132945575,0.0030195053268233796
KR,overall,2.0896221389796823,0,0.005257237362247818,0.05591942132945575,0.0030195053268233796
KR,overall,2.092641644306506,0,0.005190020204807999,0.05591942132945575,0.0030195053268233796
KR,overall,2.095661149633329,0,0.005124531410050814,0.05591942132945575,0.0030195053268233796
KR,overall,2.0986806549601527,0,0.005060934081769849,0.05591942132945575,0.0030195053268233796
KR,overall,2.1017001602869763,0,0.004999353546274484,0.05591942132945575,0.0030195053268233796
KR,overall,2.1047196656138,1,0.004939973521846349,0.05591942132945575,0.0030195053268233796
KR,overall,2.1077391709406235,1,0.004882565547558247,0.05591942132945575,0.0030195053268233796
KR,overall,2.1107586762674466,1,0.004827397627877372,0.05591942132945575,0.0030195053268233796
KR,overall,2.1137781815942702,0,0.0047742257658185735,0.05591942132945575,0.0030195053268233796
KR,overall,2.116797686921094,1,0.004723074550103158,0.05591942132945575,0.0030195053268233796
KR,overall,2.119817192247917,1,0.004673847551376361,0.05591942132945575,0.0030195053268233796
KR,overall,2.1228366975747406,0,0.004626525414666765,0.05591942132945575,0.0030195053268233796
KR,overall,2.125856202901564,1,0.0045810883582860775,0.05591942132945575,0.0030195053268233796
KR,overall,2.1288757082283873,1,0.004537347238830509,0.05591942132945575,0.0030195053268233796
KR,overall,2.131895213555211,0,0.004495359675107865,0.05591942132945575,0.0030195053268233796
KR,overall,2.1349147188820345,0,0.00445486948986991,0.05591942132945575,0.0030195053268233796
KR,overall,2.1379342242088577,1,0.004415742777136984,0.05591942132945575,0.0030195053268233796
KR,overall,2.1409537295356813,2,0.004378038888904074,0.05591942132945575,0.0030195053268233796
KR,overall,2.143973234862505,1,0.004341589609492437,0.05591942132945575,0.0030195053268233796
KR,overall,2.1469927401893285,0,0.004306345380690579,0.05591942132945575,0.0030195053268233796
KR,overall,2.150012245516152,1,0.004272216100786238,0.05591942132945575,0.0030195053268233796
KR,overall,2.1530317508429753,1,0.004239072148166418,0.05591942132945575,0.0030195053268233796
KR,overall,2.156051256169799,0,0.004206638509693945,0.05591942132945575,0.0030195053268233796
KR,overall,2.1590707614966225,0,0.0041751606265134755,0.05591942132945575,0.0030195053268233796
KR,overall,2.1620902668234456,1,0.004144501478399694,0.05591942132945575,0.0030195053268233796
KR,overall,2.1651097721502692,1,0.00411453287056929,0.05591942132945575,0.0030195053268233796
KR,overall,2.168129277477093,0,0.004085201518131093,0.05591942132945575,0.0030195053268233796
KR,overall,2.171148782803916,0,0.004056459379251623,0.05591942132945575,0.0030195053268233796
KR,overall,2.1741682881307396,0,0.004028216458005661,0.05591942132945575,0.0030195053268233796
KR,overall,2.177187793457563,1,0.00400045391915191,0.05591942132945575,0.0030195053268233796
KR,overall,2.1802072987843863,0,0.003973190179110588,0.05591942132945575,0.0030195053268233796
KR,overall,2.18322680411121,1,0.00394642456210031,0.05591942132945575,0.0030195053268233796
KR,overall,2.1862463094380336,0,0.003920020780385945,0.05591942132945575,0.0030195053268233796
KR,overall,2.189265814764857,1,0.0038940505759899203,0.05591942132945575,0.0030195053268233796
KR,overall,2.1922853200916808,0,0.0038684724860824143,0.05591942132945575,0.0030195053268233796
KR,overall,2.195304825418504,1,0.0038432000372088256,0.05591942132945575,0.0030195053268233796
KR,overall,2.1983243307453275,0,0.00381821465402417,0.05591942132945575,0.0030195053268233796
KR,overall,2.201343836072151,0,0.0037935431288671478,0.05591942132945575,0.0030195053268233796
KR,overall,2.2043633413989743,0,0.003768992843597975,0.05591942132945575,0.0030195053268233796
KR,overall,2.207382846725798,0,0.0037445855980096925,0.05591942132945575,0.0030195053268233796
KR,overall,2.2104023520526215,0,0.0037204909163685526,0.05591942132945575,0.0030195053268233796
KR,overall,2.2134218573794446,1,0.003696361289233279,0.05591942132945575,0.0030195053268233796
KR,overall,2.2164413627062682,0,0.003672411220889363,0.05591942132945575,0.0030195053268233796
KR,overall,2.219460868033092,3,0.0036484877204582024,0.05591942132945575,0.0030195053268233796
KR,overall,2.222480373359915,0,0.0036245068276918486,0.05591942132945575,0.0030195053268233796
KR,overall,2.2254998786867386,1,0.0036005921183104475,0.05591942132945575,0.0030195053268233796
KR,overall,2.228519384013562,1,0.0035765483168474343,0.05591942132945575,0.0030195053268233796
KR,overall,2.231538889340386,0,0.0035522959505134765,0.05591942132945575,0.0030195053268233796
KR,overall,2.2345583946672094,0,0.0035280212531335472,0.05591942132945575,0.0030195053268233796
KR,overall,2.2375778999940326,0,0.003503536352049118,0.05591942132945575,0.0030195053268233796
KR,overall,2.240597405320856,0,0.0034788650104791447,0.05591942132945575,0.0030195053268233796
KR,overall,2.2436169106476798,1,0.0034540008251188197,0.05591942132945575,0.0030195053268233796
KR,overall,2.246636415974503,0,0.003428990108948526,0.05591942132945575,0.0030195053268233796
KR,overall,2.2496559213013265,0,0.003403667696923773,0.05591942132945575,0.0030195053268233796
KR,overall,2.25267542662815,0,0.0033781843595018287,0.05591942132945575,0.0030195053268233796
KR,overall,2.2556949319549733,2,0.0033525373191270556,0.05591942132945575,0.0030195053268233796
KR,overall,2.258714437281797,0,0.0033266390749171664,0.05591942132945575,0.0030195053268233796
KR,overall,2.2617339426086205,0,0.003300521845964399,0.05591942132945575,0.0030195053268233796
KR,overall,2.2647534479354436,0,0.003274315054506403,0.05591942132945575,0.0030195053268233796
KR,overall,2.2677729532622672,1,0.003247958296740806,0.05591942132945575,0.0030195053268233796
KR,overall,2.270792458589091,1,0.0032215922505856227,0.05591942132945575,0.0030195053268233796
KR,overall,2.2738119639159144,2,0.0031951908231514533,0.05591942132945575,0.0030195053268233796
KR,overall,2.276831469242738,0,0.003168800486316861,0.05591942132945575,0.0030195053268233796
KR,overall,2.279850974569561,0,0.0031425167510761485,0.05591942132945575,0.0030195053268233796
KR,overall,2.282870479896385,0,0.003116287448161524,0.05591942132945575,0.0030195053268233796
KR,overall,2.2858899852232084,1,0.0030902675401816887,0.05591942132945575,0.0030195053268233796
KR,overall,2.2889094905500316,0,0.003064404381635573,0.05591942132945575,0.0030195053268233796
KR,overall,2.291928995876855,0,0.003038850459700142,0.05591942132945575,0.0030195053268233796
KR,overall,2.2949485012036788,0,0.00301350205053735,0.05591942132945575,0.0030195053268233796
KR,overall,2.297968006530502,1,0.0029886077957830288,0.05591942132945575,0.0030195053268233796
KR,overall,2.3009875118573255,1,0.0029640915706886204,0.05591942132945575,0.0030195053268233796
KR,overall,2.304007017184149,0,0.002939987681097016,0.05591942132945575,0.0030195053268233796
KR,overall,2.3070265225109723,0,0.0029162777378655214,0.05591942132945575,0.0030195053268233796
KR,overall,2.310046027837796,0,0.0028932597883001713,0.05591942132945575,0.0030195053268233796
KR,overall,2.3130655331646195,0,0.0028705383117508957,0.05591942132945575,0.0030195053268233796
KR,overall,2.316085038491443,0,0.0028484232713808224,0.05591942132945575,0.0030195053268233796
KR,overall,2.3191045438182667,0,0.0028267577506477714,0.05591942132945575,0.0030195053268233796
KR,overall,2.32212404914509,0,0.0028055851365034854,0.05591942132945575,0.0030195053268233796
KR,overall,2.3251435544719135,0,0.00278489569462851,0.05591942132945575,0.0030195053268233796
KR,overall,2.328163059798737,0,0.002764673608275017,0.05591942132945575,0.0030195053268233796
KR,overall,2.33118256512556,1,0.0027448508593248245,0.05591942132945575,0.0030195053268233796
KR,overall,2.334202070452384,1,0.002725456959557465,0.05591942132945575,0.0030195053268233796
KR,overall,2.3372215757792074,0,0.0027064595728370886,0.05591942132945575,0.0030195053268233796
KR,overall,2.3402410811060306,1,0.00268786978700962,0.05591942132945575,0.0030195053268233796
KR,overall,2.343260586432854,0,0.0026695470919230898,0.05591942132945575,0.0030195053268233796
KR,overall,2.3462800917596778,0,0.0026515093202008557,0.05591942132945575,0.0030195053268233796
KR,overall,2.3492995970865014,1,0.0026337620783346265,0.05591942132945575,0.0030195053268233796
KR,overall,2.352319102413325,0,0.002616161665133648,0.05591942132945575,0.0030195053268233796
KR,overall,2.355338607740148,1,0.0025987249412929314,0.05591942132945575,0.0030195053268233796
KR,overall,2.3583581130669717,0,0.002581458631949175,0.05591942132945575,0.0030195053268233796
KR,overall,2.3613776183937953,1,0.002564326650085744,0.05591942132945575,0.0030195053268233796
KR,overall,2.3643971237206185,0,0.002547146041901602,0.05591942132945575,0.0030195053268233796
KR,overall,2.367416629047442,0,0.002529999097024808,0.05591942132945575,0.0030195053268233796
KR,overall,2.3704361343742657,0,0.0025128556685102854,0.05591942132945575,0.0030195053268233796
KR,overall,2.373455639701089,1,0.0024957245741295954,0.05591942132945575,0.0030195053268233796
KR,overall,2.3764751450279125,1,0.002478480135396727,0.05591942132945575,0.0030195053268233796
KR,overall,2.379494650354736,0,0.0024611600608856025,0.05591942132945575,0.0030195053268233796
KR,overall,2.382514155681559,1,0.002443794053715662,0.05591942132945575,0.0030195053268233796
KR,overall,2.385533661008383,0,0.00242631249167604,0.05591942132945575,0.0030195053268233796
KR,overall,2.3885531663352064,0,0.002408659650897666,0.05591942132945575,0.0030195053268233796
KR,overall,2.39157267166203,0,0.0023908846802222325,0.05591942132945575,0.0030195053268233796
KR,overall,2.3945921769888536,0,0.002373085881376936,0.05591942132945575,0.0030195053268233796
KR,overall,2.397611682315677,0,0.002355101268586372,0.05591942132945575,0.0030195053268233796
KR,overall,2.4006311876425004,1,0.0023369775067124234,0.05591942132945575,0.0030195053268233796
KR,overall,2.403650692969324,0,0.0023186693253798773,0.05591942132945575,0.0030195053268233796
KR,overall,2.406670198296147,0,0.0023002816719411216,0.05591942132945575,0.0030195053268233796
KR,overall,2.4096897036229707,0,0.0022817136748180078,0.05591942132945575,0.0030195053268233796
KR,overall,2.4127092089497943,0,0.0022630721687693202,0.05591942132945575,0.0030195053268233796
KR,overall,2.4157287142766175,0,0.0022442577801291596,0.05591942132945575,0.0030195053268233796
KR,overall,2.418748219603441,0,0.0022253785304270704,0.05591942132945575,0.0030195053268233796
KR,overall,2.4217677249302647,1,0.0022063360022076327,0.05591942132945575,0.0030195053268233796
KR,overall,2.424787230257088,1,0.0021872390207876673,0.05591942132945575,0.0030195053268233796
KR,overall,2.4278067355839115,0,0.0021680365263283814,0.05591942132945575,0.0030195053268233796
KR,overall,2.430826240910735,0,0.0021487355621135195,0.05591942132945575,0.0030195053268233796
KR,overall,2.4338457462375587,1,0.0021293433802378526,0.05591942132945575,0.0030195053268233796
KR,overall,2.4368652515643823,0,0.002109867503266471,0.05591942132945575,0.0030195053268233796
KR,overall,2.4398847568912054,0,0.002090269149035138,0.05591942132945575,0.0030195053268233796
KR,overall,2.442904262218029,0,0.002070659033987586,0.05591942132945575,0.0030195053268233796
KR,overall,2.4459237675448526,0,0.00205084831209772,0.05591942132945575,0.0030195053268233796
KR,overall,2.448943272871676,1,0.0020311537989120957,0.05591942132945575,0.0030195053268233796
KR,overall,2.4519627781984994,0,0.0020113658071777506,0.05591942132945575,0.0030195053268233796
KR,overall,2.454982283525323,0,0.0019915510798480724,0.05591942132945575,0.0030195053268233796
KR,overall,2.458001788852146,1,0.001971765435049021,0.05591942132945575,0.0030195053268233796
KR,overall,2.4610212941789698,0,0.0019519624167797821,0.05591942132945575,0.0030195053268233796
KR,overall,2.4640407995057934,0,0.0019321531470093151,0.05591942132945575,0.0030195053268233796
KR,overall,2.4670603048326165,1,0.001912348186737001,0.05591942132945575,0.0030195053268233796
KR,overall,2.47007981015944,1,0.001892510673657591,0.05591942132945575,0.0030195053268233796
KR,overall,2.4730993154862637,0,0.0018727518182265956,0.05591942132945575,0.0030195053268233796
KR,overall,2.4761188208130873,0,0.0018530214368152704,0.05591942132945575,0.0030195053268233796
KR,overall,2.479138326139911,0,0.0018333256167602716,0.05591942132945575,0.0030195053268233796
KR,overall,2.482157831466734,0,0.0018136331612244143,0.05591942132945575,0.0030195053268233796
KR,overall,2.4851773367935577,0,0.001794048873091835,0.05591942132945575,0.0030195053268233796
KR,overall,2.4881968421203813,0,0.0017745041221609052,0.05591942132945575,0.0030195053268233796
KR,overall,2.4912163474472044,1,0.001754996791478494,0.05591942132945575,0.0030195053268233796
KR,overall,2.494235852774028,0,0.001735475223272077,0.05591942132945575,0.0030195053268233796
KR,overall,2.4972553581008516,0,0.0017159872317395008,0.05591942132945575,0.0030195053268233796
KR,overall,2.500274863427675,0,0.0016964733506982911,0.05591942132945575,0.0030195053268233796
KR,overall,2.5032943687544984,0,0.001677067125092462,0.05591942132945575,0.0030195053268233796
KR,overall,2.506313874081322,0,0.001657636833058799,0.05591942132945575,0.0030195053268233796
KR,overall,2.509333379408145,0,0.0016382215641869181,0.05591942132945575,0.0030195053268233796
KR,overall,2.5123528847349688,0,0.0016186509851384835,0.05591942132945575,0.0030195053268233796
KR,overall,2.5153723900617924,0,0.001599050601079958,0.05591942132945575,0.0030195053268233796
KR,overall,2.518391895388616,0,0.0015793371956921687,0.05591942132945575,0.0030195053268233796
KR,overall,2.5214114007154396,0,0.0015594838594534806,0.05591942132945575,0.0030195053268233796
KR,overall,2.5244309060422627,0,0.0015394158980890113,0.05591942132945575,0.0030195053268233796
KR,overall,2.5274504113690863,0,0.00151916048366129,0.05591942132945575,0.0030195053268233796
KR,overall,2.53046991669591,0,0.0014987337838232044,0.05591942132945575,0.0030195053268233796
KR,overall,2.533489422022733,3,0.0014781082637636178,0.05591942132945575,0.0030195053268233796
KR,overall,2.5365089273495567,0,0.0014571553466225689,0.05591942132945575,0.0030195053268233796
KR,overall,2.5395284326763803,1,0.0014358972686019272,0.05591942132945575,0.0030195053268233796
KR,overall,2.5425479380032034,0,0.001414311930830625,0.05591942132945575,0.0030195053268233796
KR,overall,2.545567443330027,0,0.0013923801188317868,0.05591942132945575,0.0030195053268233796
KR,overall,2.5485869486568506,0,0.0013700860564007762,0.05591942132945575,0.0030195053268233796
KR,overall,2.551606453983674,0,0.0013474179203458473,0.05591942132945575,0.0030195053268233796
KR,overall,2.5546259593104974,0,0.0013243683084947036,0.05591942132945575,0.0030195053268233796
KR,overall,2.557645464637321,0,0.0013008880194050486,0.05591942132945575,0.0030195053268233796
KR,overall,2.560664969964144,0,0.0012770355272148652,0.05591942132945575,0.0030195053268233796
KR,overall,2.5636844752909678,0,0.0012528638409597384,0.05591942132945575,0.0030195053268233796
KR,overall,2.5667039806177914,0,0.0012282828646785107,0.05591942132945575,0.0030195053268233796
KR,overall,2.5697234859446145,0,0.0012034153220765282,0.05591942132945575,0.0030195053268233796
KR,overall,2.572742991271438,0,0.0011782297179929364,0.05591942132945575,0.0030195053268233796
KR,overall,2.5757624965982617,0,0.0011527116827783092,0.05591942132945575,0.0030195053268233796
KR,overall,2.578782001925085,0,0.0011270017314675448,0.05591942132945575,0.0030195053268233796
KR,overall,2.5818015072519085,0,0.0011010393197209182,0.05591942132945575,0.0030195053268233796
KR,overall,2.584821012578732,1,0.0010749763569974395,0.05591942132945575,0.0030195053268233796
KR,overall,2.5878405179055557,0,0.001048763171111921,0.05591942132945575,0.0030195053268233796
KR,overall,2.5908600232323793,1,0.0010225618816302475,0.05591942132945575,0.0030195053268233796
KR,overall,2.5938795285592025,0,0.00099637886277214,0.05591942132945575,0.0030195053268233796
KR,overall,2.596899033886026,0,0.000970282230295021,0.05591942132945575,0.0030195053268233796
KR,overall,2.5999185392128497,0,0.0009442967292046004,0.05591942132945575,0.0030195053268233796
KR,overall,2.602938044539673,0,0.000918552262100107,0.05591942132945575,0.0030195053268233796
KR,overall,2.6059575498664964,0,0.0008931698075664614,0.05591942132945575,0.0030195053268233796
KR,overall,2.60897705519332,0,0.0008681228541521948,0.05591942132945575,0.0030195053268233796
KR,overall,2.611996560520143,0,0.0008435924227460445,0.05591942132945575,0.0030195053268233796
KR,overall,2.6150160658469668,0,0.0008195991585861031,0.05591942132945575,0.0030195053268233796
KR,overall,2.6180355711737904,1,0.0007962204829473881,0.05591942132945575,0.0030195053268233796
KR,overall,2.6210550765006135,0,0.0007735318215608422,0.05591942132945575,0.0030195053268233796
KR,overall,2.624074581827437,0,0.0007516057660192674,0.05591942132945575,0.0030195053268233796
KR,overall,2.6270940871542607,0,0.000730464594385272,0.05591942132945575,0.0030195053268233796
KR,overall,2.6301135924810843,0,0.0007102751862481702,0.05591942132945575,0.0030195053268233796
KR,overall,2.633133097807908,0,0.0006910390140523194,0.05591942132945575,0.0030195053268233796
KR,overall,2.636152603134731,0,0.0006728093079008366,0.05591942132945575,0.0030195053268233796
KR,overall,2.6391721084615547,0,0.0006556323639760381,0.05591942132945575,0.0030195053268233796
KR,overall,2.6421916137883783,0,0.000639546855737828,0.05591942132945575,0.0030195053268233796
KR,overall,2.6452111191152015,0,0.000624583210962128,0.05591942132945575,0.0030195053268233796
KR,overall,2.648230624442025,0,0.0006107164317694219,0.05591942132945575,0.0030195053268233796
KR,overall,2.6512501297688487,0,0.0005980147581249428,0.05591942132945575,0.0030195053268233796
KR,overall,2.654269635095672,0,0.0005865258792466624,0.05591942132945575,0.0030195053268233796
KR,overall,2.6572891404224954,0,0.0005761854570763078,0.05591942132945575,0.0030195053268233796
KR,overall,2.660308645749319,0,0.0005669303772326028,0.05591942132945575,0.0030195053268233796
KR,overall,2.663328151076142,0,0.0005588365617464737,0.05591942132945575,0.0030195053268233796
KR,overall,2.666347656402966,0,0.0005518099150367595,0.05591942132945575,0.0030195053268233796
KR,overall,2.6693671617297894,0,0.0005458045409818332,0.05591942132945575,0.0030195053268233796
KR,overall,2.672386667056613,0,0.0005407651888724434,0.05591942132945575,0.0030195053268233796
KR,overall,2.6754061723834366,0,0.0005365811378650568,0.05591942132945575,0.0030195053268233796
KR,overall,2.6784256777102597,0,0.0005332825902930879,0.05591942132945575,0.0030195053268233796
KR,overall,2.6814451830370833,0,0.0005307322373622543,0.05591942132945575,0.0030195053268233796
KR,overall,2.684464688363907,0,0.0005287974386431433,0.05591942132945575,0.0030195053268233796
KR,overall,2.68748419369073,0,0.000527488986339283,0.05591942132945575,0.0030195053268233796
KR,overall,2.6905036990175537,0,0.0005266529584104899,0.05591942132945575,0.0030195053268233796
KR,overall,2.6935232043443773,0,0.0005261431471200483,0.05591942132945575,0.0030195053268233796
KR,overall,2.6965427096712005,0,0.0005259133943078881,0.05591942132945575,0.0030195053268233796
KR,overall,2.699562214998024,0,0.0005259053574764911,0.05591942132945575,0.0030195053268233796
KR,overall,2.7025817203248477,0,0.0005259584950109602,0.05591942132945575,0.0030195053268233796
KR,overall,2.705601225651671,1,0.0005259712954415303,0.05591942132945575,0.0030195053268233796
KR,overall,2.7086207309784944,0,0.0005258445371943899,0.05591942132945575,0.0030195053268233796
KR,overall,2.711640236305318,0,0.0005254824585604491,0.05591942132945575,0.0030195053268233796
KR,overall,2.7146597416321416,0,0.0005247938716792386,0.05591942132945575,0.0030195053268233796
KR,overall,2.7176792469589652,0,0.0005236465697483477,0.05591942132945575,0.0030195053268233796
KR,overall,2.7206987522857884,0,0.0005220640367862699,0.05591942132945575,0.0030195053268233796
KR,overall,2.723718257612612,0,0.0005199171167416143,0.05591942132945575,0.0030195053268233796
KR,overall,2.7267377629394356,0,0.0005171427154031024,0.05591942132945575,0.0030195053268233796
KR,overall,2.7297572682662588,0,0.000513686483167242,0.05591942132945575,0.0030195053268233796
KR,overall,2.7327767735930824,1,0.0005095033177776514,0.05591942132945575,0.0030195053268233796
KR,overall,2.735796278919906,0,0.0005045577324395254,0.05591942132945575,0.0030195053268233796
KR,overall,2.738815784246729,0,0.0004988240864083624,0.05591942132945575,0.0030195053268233796
KR,overall,2.7418352895735527,0,0.0004922866774571857,0.05591942132945575,0.0030195053268233796
KR,overall,2.7448547949003763,0,0.0004849396979089966,0.05591942132945575,0.0030195053268233796
KR,overall,2.7478743002271995,0,0.0004767870581354344,0.05591942132945575,0.0030195053268233796
KR,overall,2.750893805554023,0,0.0004678420835251256,0.05591942132945575,0.0030195053268233796
KR,overall,2.7539133108808467,0,0.00045812709287575495,0.05591942132945575,0.0030195053268233796
KR,overall,2.7569328162076703,1,0.0004476728679263466,0.05591942132945575,0.0030195053268233796
KR,overall,2.759952321534494,0,0.0004363781206001402,0.05591942132945575,0.0030195053268233796
KR,overall,2.762971826861317,0,0.0004245960425860812,0.05591942132945575,0.0030195053268233796
KR,overall,2.7659913321881406,0,0.00041215932599632075,0.05591942132945575,0.0030195053268233796
KR,overall,2.7690108375149642,0,0.00039922894834045093,0.05591942132945575,0.0030195053268233796
KR,overall,2.7720303428417874,0,0.00038581027954819736,0.05591942132945575,0.0030195053268233796
KR,overall,2.775049848168611,0,0.0003720281002116937,0.05591942132945575,0.0030195053268233796
KR,overall,2.7780693534954346,0,0.00035784980911160647,0.05591942132945575,0.0030195053268233796
KR,overall,2.7810888588222578,0,0.00034339372388599325,0.05591942132945575,0.0030195053268233796
KR,overall,2.7841083641490814,0,0.000328790404225792,0.05591942132945575,0.0030195053268233796
KR,overall,2.787127869475905,0,0.0003140104945296141,0.05591942132945575,0.0030195053268233796
KR,overall,2.7901473748027286,0,0.00029917311680269183,0.05591942132945575,0.0030195053268233796
KR,overall,2.793166880129552,0,0.00028434937488893563,0.05591942132945575,0.0030195053268233796
KR,overall,2.7961863854563753,0,0.00026960830972375214,0.05591942132945575,0.0030195053268233796
KR,overall,2.799205890783199,0,0.0002550742391326904,0.05591942132945575,0.0030195053268233796
KR,overall,2.8022253961100225,0,0.00024070827704761886,0.05591942132945575,0.0030195053268233796
KR,overall,2.8052449014368457,0,0.00022661707937812314,0.05591942132945575,0.0030195053268233796
KR,overall,2.8082644067636693,0,0.00021285673473058628,0.05591942132945575,0.0030195053268233796
KR,overall,2.811283912090493,0,0.00019943249650619186,0.05591942132945575,0.0030195053268233796
KR,overall,2.814303417417316,0,0.00018649435615734908,0.05591942132945575,0.0030195053268233796
KR,overall,2.8173229227441396,0,0.0001739811258072362,0.05591942132945575,0.0030195053268233796
KR,overall,2.8203424280709632,0,0.00016209208532768485,0.05591942132945575,0.0030195053268233796
KR,overall,2.8233619333977864,0,0.0001507019703479452,0.05591942132945575,0.0030195053268233796
KR,overall,2.82638143872461,0,0.0001398882693086162,0.05591942132945575,0.0030195053268233796
KR,overall,2.8294009440514336,0,0.00012967774602174443,0.05591942132945575,0.0030195053268233796
KR,overall,2.832420449378257,0,0.00012009335659040472,0.05591942132945575,0.0030195053268233796
KR,overall,2.835439954705081,0,0.00011115457884061594,0.05591942132945575,0.0030195053268233796
KR,overall,2.838459460031904,0,0.00010287778014485961,0.05591942132945575,0.0030195053268233796
KR,overall,2.8414789653587276,0,9.527661417565037e-05,0.05591942132945575,0.0030195053268233796
KR,overall,2.844498470685551,0,8.831580194882844e-05,0.05591942132945575,0.0030195053268233796
KR,overall,2.8475179760123743,0,8.210731131165757e-05,0.05591942132945575,0.0030195053268233796
KR,overall,2.850537481339198,0,7.660159504927729e-05,0.05591942132945575,0.0030195053268233796
KR,overall,2.8535569866660215,0,7.180596289847833e-05,0.05591942132945575,0.0030195053268233796
KR,overall,2.8565764919928447,0,6.772703574424696e-05,0.05591942132945575,0.0030195053268233796
KR,overall,2.8595959973196683,0,6.437111967889055e-05,0.05591942132945575,0.0030195053268233796
KR,overall,2.862615502646492,0,6.174454223980338e-05,0.05591942132945575,0.0030195053268233796
KR,overall,2.865635007973315,0,5.985394322213186e-05,0.05591942132945575,0.0030195053268233796
KR,overall,2.8686545133001387,0,5.8706513229583645e-05,0.05591942132945575,0.0030195053268233796
KR,overall,2.8716740186269623,0,5.8310173987985487e-05,0.05591942132945575,0.0030195053268233796
KR,overall,2.874693523953786,0,5.867369539483274e-05,0.05591942132945575,0.0030195053268233796
KR,overall,2.8777130292806095,0,5.980674530697389e-05,0.05591942132945575,0.0030195053268233796
KR,overall,2.8807325346074326,0,6.171986917057735e-05,0.05591942132945575,0.0030195053268233796
KR,overall,2.883752039934256,0,6.442439776502782e-05,0.05591942132945575,0.0030195053268233796
KR,overall,2.88677154526108,0,6.793228255700206e-05,0.05591942132945575,0.0030195053268233796
KR,overall,2.889791050587903,0,7.225585943312629e-05,0.05591942132945575,0.0030195053268233796
KR,overall,2.8928105559147266,0,7.740754288825303e-05,0.05591942132945575,0.0030195053268233796
KR,overall,2.89583006124155,0,8.339945407859175e-05,0.05591942132945575,0.0030195053268233796
KR,overall,2.8988495665683733,0,9.024298748964514e-05,0.05591942132945575,0.0030195053268233796
KR,overall,2.901869071895197,0,9.79483223007851e-05,0.05591942132945575,0.0030195053268233796
KR,overall,2.9048885772220205,0,0.00010652388583161616,0.05591942132945575,0.0030195053268233796
KR,overall,2.9079080825488437,0,0.00011597577770794111,0.05591942132945575,0.0030195053268233796
KR,overall,2.9109275878756673,0,0.00012636511397787092,0.05591942132945575,0.0030195053268233796
KR,overall,2.913947093202491,0,0.00013758945556586127,0.05591942132945575,0.0030195053268233796
KR,overall,2.9169665985293145,0,0.0001496913753668527,0.05591942132945575,0.0030195053268233796
KR,overall,2.919986103856138,0,0.00016266209174828236,0.05591942132945575,0.0030195053268233796
KR,overall,2.9230056091829613,0,0.00017648751177141148,0.05591942132945575,0.0030195053268233796
KR,overall,2.926025114509785,0,0.000191147673819953,0.05591942132945575,0.0030195053268233796
KR,overall,2.9290446198366085,0,0.00020661623838916918,0.05591942132945575,0.0030195053268233796
KR,overall,2.9320641251634316,0,0.0002228134058786319,0.05591942132945575,0.0030195053268233796
KR,overall,2.9350836304902552,0,0.000239801298754057,0.05591942132945575,0.0030195053268233796
KR,overall,2.938103135817079,0,0.0002574744907435219,0.05591942132945575,0.0030195053268233796
KR,overall,2.941122641143902,0,0.0002758357291001402,0.05591942132945575,0.0030195053268233796
KR,overall,2.9441421464707256,0,0.00029471997142959305,0.05591942132945575,0.0030195053268233796
KR,overall,2.947161651797549,0,0.000314103634929735,0.05591942132945575,0.0030195053268233796
KR,overall,2.9501811571243723,0,0.00033390903078116393,0.05591942132945575,0.0030195053268233796
KR,overall,2.953200662451196,0,0.0003540513186614439,0.05591942132945575,0.0030195053268233796
KR,overall,2.9562201677780195,0,0.0003744389599965428,0.05591942132945575,0.0030195053268233796
KR,overall,2.959239673104843,0,0.0003949276700509056,0.05591942132945575,0.0030195053268233796
KR,overall,2.9622591784316668,0,0.00041551689030759804,0.05591942132945575,0.0030195053268233796
KR,overall,2.96527868375849,0,0.000436099395238657,0.05591942132945575,0.0030195053268233796
KR,overall,2.9682981890853135,0,0.00045646226380777064,0.05591942132945575,0.0030195053268233796
KR,overall,2.971317694412137,0,0.00047653920494809343,0.05591942132945575,0.0030195053268233796
KR,overall,2.9743371997389603,0,0.0004962159852603086,0.05591942132945575,0.0030195053268233796
KR,overall,2.977356705065784,0,0.0005153783237235304,0.05591942132945575,0.0030195053268233796
KR,overall,2.9803762103926075,0,0.0005339132113713655,0.05591942132945575,0.0030195053268233796
KR,overall,2.9833957157194306,0,0.0005516636359544979,0.05591942132945575,0.0030195053268233796
KR,overall,2.9864152210462542,0,0.0005686257140288473,0.05591942132945575,0.0030195053268233796
KR,overall,2.989434726373078,0,0.0005846408776922454,0.05591942132945575,0.0030195053268233796
KR,overall,2.992454231699901,0,0.0005996151773690818,0.05591942132945575,0.0030195053268233796
KR,overall,2.9954737370267246,0,0.0006134626344253692,0.05591942132945575,0.0030195053268233796
KR,overall,2.998493242353548,1,0.0006261064665622316,0.05591942132945575,0.0030195053268233796
KR,overall,3.001512747680372,0,0.0006374802137154167,0.05591942132945575,0.0030195053268233796
KR,overall,3.0045322530071954,0,0.0006475287427990994,0.05591942132945575,0.0030195053268233796
KR,overall,3.0075517583340186,1,0.0006562091113090483,0.05591942132945575,0.0030195053268233796
KR,overall,3.010571263660842,0,0.0006634912719303126,0.05591942132945575,0.0030195053268233796
KR,overall,3.0135907689876658,0,0.0006693586028384971,0.05591942132945575,0.0030195053268233796
KR,overall,3.016610274314489,0,0.0006738082512911437,0.05591942132945575,0.0030195053268233796
KR,overall,3.0196297796413125,0,0.0006768512813169264,0.05591942132945575,0.0030195053268233796
KR,overall,3.022649284968136,1,0.0006785126197574854,0.05591942132945575,0.0030195053268233796
KR,overall,3.0256687902949593,0,0.0006788307985257942,0.05591942132945575,0.0030195053268233796
KR,overall,3.028688295621783,0,0.000677857494637644,0.05591942132945575,0.0030195053268233796
KR,overall,3.0317078009486065,0,0.0006756568732687397,0.05591942132945575,0.0030195053268233796
KR,overall,3.0347273062754296,0,0.000672304742708393,0.05591942132945575,0.0030195053268233796
KR,overall,3.0377468116022532,0,0.0006678875335433664,0.05591942132945575,0.0030195053268233796
KR,overall,3.040766316929077,0,0.000662501117637448,0.05591942132945575,0.0030195053268233796
KR,overall,3.0437858222559004,1,0.00065624948540516,0.05591942132945575,0.0030195053268233796
KR,overall,3.046805327582724,0,0.0006492433024504164,0.05591942132945575,0.0030195053268233796
KR,overall,3.049824832909547,0,0.0006415983688007281,0.05591942132945575,0.0030195053268233796
KR,overall,3.052844338236371,0,0.0006334340056725821,0.05591942132945575,0.0030195053268233796
KR,overall,3.0558638435631944,0,0.0006248713959226554,0.05591942132945575,0.0030195053268233796
KR,overall,3.0588833488900176,0,0.0006160319050528265,0.05591942132945575,0.0030195053268233796
KR,overall,3.061902854216841,0,0.0006070354098364025,0.05591942132945575,0.0030195053268233796
KR,overall,3.0649223595436648,0,0.0005979986613219652,0.05591942132945575,0.0030195053268233796
KR,overall,3.067941864870488,0,0.0005890337081643303,0.05591942132945575,0.0030195053268233796
KR,overall,3.0709613701973115,0,0.0005802464049541886,0.05591942132945575,0.0030195053268233796
KR,overall,3.073980875524135,0,0.0005717350285035173,0.05591942132945575,0.0030195053268233796
KR,overall,3.0770003808509587,0,0.0005635890229355682,0.05591942132945575,0.0030195053268233796
KR,overall,3.0800198861777823,0,0.0005558878919759776,0.05591942132945575,0.0030195053268233796
KR,overall,3.0830393915046055,0,0.0005487002541007807,0.05591942132945575,0.0030195053268233796
KR,overall,3.086058896831429,0,0.0005420830732274816,0.05591942132945575,0.0030195053268233796
KR,overall,3.0890784021582527,0,0.0005360810744991288,0.05591942132945575,0.0030195053268233796
KR,overall,3.092097907485076,0,0.0005307263514720749,0.05591942132945575,0.0030195053268233796
KR,overall,3.0951174128118994,0,0.0005260381677389941,0.05591942132945575,0.0030195053268233796
KR,overall,3.098136918138723,0,0.0005220229527614628,0.05591942132945575,0.0030195053268233796
KR,overall,3.101156423465546,0,0.0005186744885098875,0.05591942132945575,0.0030195053268233796
KR,overall,3.10417592879237,0,0.0005159742804677812,0.05591942132945575,0.0030195053268233796
KR,overall,3.1071954341191934,0,0.0005138921037026558,0.05591942132945575,0.0030195053268233796
KR,overall,3.1102149394460166,0,0.0005123867120818155,0.05591942132945575,0.0030195053268233796
KR,overall,3.11323444477284,0,0.0005114066963568128,0.05591942132945575,0.0030195053268233796
KR,overall,3.1162539500996638,0,0.0005108914747874287,0.05591942132945575,0.0030195053268233796
KR,overall,3.1192734554264874,0,0.0005107723982502199,0.05591942132945575,0.0030195053268233796
KR,overall,3.122292960753311,0,0.0005109739503966034,0.05591942132945575,0.0030195053268233796
KR,overall,3.125312466080134,0,0.0005114150224030036,0.05591942132945575,0.0030195053268233796
KR,overall,3.1283319714069577,0,0.0005120102411960865,0.05591942132945575,0.0030195053268233796
KR,overall,3.1313514767337813,0,0.0005126713297385531,0.05591942132945575,0.0030195053268233796
KR,overall,3.1343709820606045,1,0.0005133084780184129,0.05591942132945575,0.0030195053268233796
KR,overall,3.137390487387428,0,0.0005138317037846659,0.05591942132945575,0.0030195053268233796
KR,overall,3.1404099927142517,0,0.0005141521827973959,0.05591942132945575,0.0030195053268233796
KR,overall,3.143429498041075,0,0.0005141835293884396,0.05591942132945575,0.0030195053268233796
KR,overall,3.1464490033678985,0,0.0005138430094340546,0.05591942132945575,0.0030195053268233796
KR,overall,3.149468508694722,0,0.0005130526693940297,0.05591942132945575,0.0030195053268233796
KR,overall,3.152488014021545,0,0.0005117403668401914,0.05591942132945575,0.0030195053268233796
KR,overall,3.155507519348369,0,0.000509840689846772,0.05591942132945575,0.0030195053268233796
KR,overall,3.1585270246751924,0,0.0005073537041242517,0.05591942132945575,0.0030195053268233796
KR,overall,3.161546530002016,0,0.0005041276730600783,0.05591942132945575,0.0030195053268233796
KR,overall,3.1645660353288396,1,0.0005001687870659401,0.05591942132945575,0.0030195053268233796
KR,overall,3.167585540655663,0,0.0004954458136057606,0.05591942132945575,0.0030195053268233796
KR,overall,3.1706050459824864,0,0.000489936996508168,0.05591942132945575,0.0030195053268233796
KR,overall,3.17362455130931,0,0.0004836301813965001,0.05591942132945575,0.0030195053268233796
KR,overall,3.176644056636133,0,0.0004765228051434975,0.05591942132945575,0.0030195053268233796
KR,overall,3.1796635619629567,0,0.00046862175439741765,0.05591942132945575,0.0030195053268233796
KR,overall,3.1826830672897803,0,0.00045994310011246176,0.05591942132945575,0.0030195053268233796
KR,overall,3.1857025726166035,0,0.00045051171672410754,0.05591942132945575,0.0030195053268233796
KR,overall,3.188722077943427,1,0.00044036079611388667,0.05591942132945575,0.0030195053268233796
KR,overall,3.1917415832702507,0,0.00042953126778692456,0.05591942132945575,0.0030195053268233796
KR,overall,3.194761088597074,0,0.0004180711377219809,0.05591942132945575,0.0030195053268233796
KR,overall,3.1977805939238975,0,0.0004060347591351879,0.05591942132945575,0.0030195053268233796
KR,overall,3.200800099250721,0,0.0003934820489174274,0.05591942132945575,0.0030195053268233796
KR,overall,3.2038196045775447,0,0.00038047766375859496,0.05591942132945575,0.0030195053268233796
KR,overall,3.2068391099043683,0,0.0003670901499622775,0.05591942132945575,0.0030195053268233796
KR,overall,3.2098586152311914,0,0.00035339108068918216,0.05591942132945575,0.0030195053268233796
KR,overall,3.212878120558015,0,0.0003394541938595505,0.05591942132945575,0.0030195053268233796
KR,overall,3.2158976258848386,0,0.00032535454321116634,0.05591942132945575,0.0030195053268233796
KR,overall,3.218917131211662,0,0.0003111676740722327,0.05591942132945575,0.0030195053268233796
KR,overall,3.2219366365384854,0,0.0002969688342932338,0.05591942132945575,0.0030195053268233796
KR,overall,3.224956141865309,0,0.00028278559462185146,0.05591942132945575,0.0030195053268233796
KR,overall,3.227975647192132,0,0.0002687929103449638,0.05591942132945575,0.0030195053268233796
KR,overall,3.2309951525189557,0,0.00025500330055072283,0.05591942132945575,0.0030195053268233796
KR,overall,3.2340146578457794,0,0.00024143759990193667,0.05591942132945575,0.0030195053268233796
KR,overall,3.2370341631726025,0,0.0002282622678902391,0.05591942132945575,0.0030195053268233796
KR,overall,3.240053668499426,0,0.00021547977400434825,0.05591942132945575,0.0030195053268233796
KR,overall,3.2430731738262497,0,0.00020314619483286628,0.05591942132945575,0.0030195053268233796
KR,overall,3.2460926791530733,0,0.00019131297986707391,0.05591942132945575,0.0030195053268233796
KR,overall,3.249112184479897,0,0.00017998009561082586,0.05591942132945575,0.0030195053268233796
KR,overall,3.25213168980672,0,0.00016929161951879593,0.05591942132945575,0.0030195053268233796
KR,overall,3.2551511951335437,0,0.00015922644976747443,0.05591942132945575,0.0030195053268233796
KR,overall,3.2581707004603673,0,0.0001498162110638168,0.05591942132945575,0.0030195053268233796
KR,overall,3.2611902057871904,0,0.0001410873088227303,0.05591942132945575,0.0030195053268233796
KR,overall,3.264209711114014,0,0.00013306097265766698,0.05591942132945575,0.0030195053268233796
KR,overall,3.2672292164408376,0,0.00012575333405102216,0.05591942132945575,0.0030195053268233796
KR,overall,3.270248721767661,0,0.00011912889762125242,0.05591942132945575,0.0030195053268233796
KR,overall,3.2732682270944844,0,0.00011329642453418663,0.05591942132945575,0.0030195053268233796
KR,overall,3.276287732421308,0,0.00010819989297088574,0.05591942132945575,0.0030195053268233796
KR,overall,3.279307237748131,0,0.00010383661602434814,0.05591942132945575,0.0030195053268233796
KR,overall,3.2823267430749548,0,0.0001001994707101706,0.05591942132945575,0.0030195053268233796
KR,overall,3.2853462484017784,0,9.727708146970929e-05,0.05591942132945575,0.0030195053268233796
KR,overall,3.288365753728602,0,9.505400641103497e-05,0.05591942132945575,0.0030195053268233796
KR,overall,3.2913852590554256,0,9.351092476226265e-05,0.05591942132945575,0.0030195053268233796
KR,overall,3.2944047643822487,0,9.262482482293258e-05,0.05591942132945575,0.0030195053268233796
KR,overall,3.2974242697090723,0,9.236919247629225e-05,0.05591942132945575,0.0030195053268233796
KR,overall,3.300443775035896,0,9.271420103941256e-05,0.05591942132945575,0.0030195053268233796
KR,overall,3.303463280362719,0,9.36269038523433e-05,0.05591942132945575,0.0030195053268233796
KR,overall,3.3064827856895427,0,9.507143151853213e-05,0.05591942132945575,0.0030195053268233796
KR,overall,3.3095022910163663,0,9.700919608712915e-05,0.05591942132945575,0.0030195053268233796
KR,overall,3.3125217963431894,0,9.939910469890048e-05,0.05591942132945575,0.0030195053268233796
KR,overall,3.315541301670013,0,0.00010219778529181195,0.05591942132945575,0.0030195053268233796
KR,overall,3.3185608069968366,0,0.00010535982687598667,0.05591942132945575,0.0030195053268233796
KR,overall,3.32158031232366,0,0.00010883803664245051,0.05591942132945575,0.0030195053268233796
KR,overall,3.3245998176504834,0,0.00011258371577329844,0.05591942132945575,0.0030195053268233796
KR,overall,3.327619322977307,0,0.00011654695528553978,0.05591942132945575,0.0030195053268233796
KR,overall,3.3306388283041306,0,0.00012067695258488296,0.05591942132945575,0.0030195053268233796
KR,overall,3.333658333630954,0,0.00012492234865156803,0.05591942132945575,0.0030195053268233796
KR,overall,3.3366778389577774,0,0.00012923158495430203,0.05591942132945575,0.0030195053268233796
KR,overall,3.339697344284601,0,0.00013355327831956698,0.05591942132945575,0.0030195053268233796
KR,overall,3.3427168496114246,0,0.00013783661110317266,0.05591942132945575,0.0030195053268233796
KR,overall,3.3457363549382477,0,0.00014203173315095128,0.05591942132945575,0.0030195053268233796
KR,overall,3.3487558602650713,0,0.00014609017122777865,0.05591942132945575,0.0030195053268233796
KR,overall,3.351775365591895,0,0.00014996524086923513,0.05591942132945575,0.0030195053268233796
KR,overall,3.354794870918718,0,0.00015361245499641833,0.05591942132945575,0.0030195053268233796
KR,overall,3.3578143762455417,0,0.00015698992315659675,0.05591942132945575,0.0030195053268233796
KR,overall,3.3608338815723653,0,0.0001600121000348866,0.05591942132945575,0.0030195053268233796
KR,overall,3.363853386899189,0,0.00016274590065341649,0.05591942132945575,0.0030195053268233796
KR,overall,3.3668728922260125,0,0.0001651018456995281,0.05591942132945575,0.0030195053268233796
KR,overall,3.3698923975528357,0,0.00016705231558882306,0.05591942132945575,0.0030195053268233796
KR,overall,3.3729119028796593,0,0.00016857386495259359,0.05591942132945575,0.0030195053268233796
KR,overall,3.375931408206483,0,0.00016964743878971014,0.05591942132945575,0.0030195053268233796
KR,overall,3.378950913533306,0,0.0001702585363491486,0.05591942132945575,0.0030195053268233796
KR,overall,3.3819704188601296,1,0.0001703973191123389,0.05591942132945575,0.0030195053268233796
